date,kwh,cost,source
2026-08-01T00:00:00.000,0.547,0.19200247,https://api.alintaenergy.com.au/v1/myaccount/bff
2026-08-01T01:00:00.000,0.469,0.16462369,https://api.alintaenergy.com.au/v1/myaccount/bff
2026-08-01T02:00:00.000,0.481,0.16883581,https://api.alintaenergy.com.au/v1/myaccount/bff
2026-08-01T03:00:00.000,0.521,0.18287621,https://api.alintaenergy.com.au/v1/myaccount/bff
2026-08-01T04:00:00.000,0.47,0.1649747,https://api.alintaenergy.com.au/v1/myaccount/bff
2026-08-01T05:00:00.000,0.447,0.15690147,https://api.alintaenergy.com.au/v1/myaccount/bff
2026-08-01T06:00:00.000,0.471,0.16532571,https://api.alintaenergy.com.au/v1/myaccount/bff
2026-08-01T07:00:00.000,0.384,0.13478784,https://api.alintaenergy.com.au/v1/myaccount/bff
2026-08-01T08:00:00.000,0.323,0.11337623,https://api.alintaenergy.com.au/v1/myaccount/bff
2026-08-01T09:00:00.000,0.41500000000000004,0.11085634999999999,https://api.alintaenergy.com.au/v1/myaccount/bff
2026-08-01T10:00:00.000,1.364,0.33278146000000003,https://api.alintaenergy.com.au/v1/myaccount/bff
2026-08-01T11:00:00.000,0.225,0.07897725,https://api.alintaenergy.com.au/v1/myaccount/bff
2026-08-01T12:00:00.000,0.375,0.13162875,https://api.alintaenergy.com.au/v1/myaccount/bff
2026-08-01T13:00:00.000,0.244,0.08564644,https://api.alintaenergy.com.au/v1/myaccount/bff
2026-08-01T14:00:00.000,0.825,0.28958325,https://api.alintaenergy.com.au/v1/myaccount/bff
2026-08-01T15:00:00.000,1.342,0.47105542,https://api.alintaenergy.com.au/v1/myaccount/bff
2026-08-01T16:00:00.000,1.299,0.45596199,https://api.alintaenergy.com.au/v1/myaccount/bff
2026-08-01T17:00:00.000,1.2970000000000002,0.39803643,https://api.alintaenergy.com.au/v1/myaccount/bff
2026-08-01T18:00:00.000,2.071,0.5986783,https://api.alintaenergy.com.au/v1/myaccount/bff
2026-08-01T19:00:00.000,0.758,0.26606558,https://api.alintaenergy.com.au/v1/myaccount/bff
2026-08-01T20:00:00.000,0.78,0.2737878,https://api.alintaenergy.com.au/v1/myaccount/bff
2026-08-01T21:00:00.000,0.69,0.2421969,https://api.alintaenergy.com.au/v1/myaccount/bff
2026-08-01T22:00:00.000,0.654,0.22956054,https://api.alintaenergy.com.au/v1/myaccount/bff
2026-08-01T23:00:00.000,0.577,0.20253277,https://api.alintaenergy.com.au/v1/myaccount/bff
2026-08-02T00:00:00.000,0.641,0.22499741,https://api.alintaenergy.com.au/v1/myaccount/bff
2026-08-02T01:00:00.000,1.647,0.48226948000000003,https://api.alintaenergy.com.au/v1/myaccount/bff
2026-08-02T02:00:00.000,1.25,0.36163038999999997,https://api.alintaenergy.com.au/v1/myaccount/bff
2026-08-02T03:00:00.000,0.503,0.17655803,https://api.alintaenergy.com.au/v1/myaccount/bff
2026-08-02T04:00:00.000,0.488,0.17129288,https://api.alintaenergy.com.au/v1/myaccount/bff
2026-08-02T05:00:00.000,0.465,0.16321965,https://api.alintaenergy.com.au/v1/myaccount/bff
2026-08-02T06:00:00.000,0.473,0.16602773,https://api.alintaenergy.com.au/v1/myaccount/bff
2026-08-02T07:00:00.000,0.361,0.12671461,https://api.alintaenergy.com.au/v1/myaccount/bff
2026-08-02T08:00:00.000,0.567,0.16540656,https://api.alintaenergy.com.au/v1/myaccount/bff
2026-08-02T09:00:00.000,3.073,0.94310139,https://api.alintaenergy.com.au/v1/myaccount/bff
2026-08-02T10:00:00.000,0.732,0.25693932,https://api.alintaenergy.com.au/v1/myaccount/bff
2026-08-02T11:00:00.000,1.248,0.43806048,https://api.alintaenergy.com.au/v1/myaccount/bff
2026-08-02T12:00:00.000,2.433,0.85400733,https://api.alintaenergy.com.au/v1/myaccount/bff
2026-08-02T13:00:00.000,1.086,0.38119686,https://api.alintaenergy.com.au/v1/myaccount/bff
2026-08-02T14:00:00.000,1.446,0.50756046,https://api.alintaenergy.com.au/v1/myaccount/bff
2026-08-02T15:00:00.000,1.099,0.38575999,https://api.alintaenergy.com.au/v1/myaccount/bff
2026-08-02T16:00:00.000,0.672,0.23587872,https://api.alintaenergy.com.au/v1/myaccount/bff
2026-08-02T17:00:00.000,0.863,0.30292163,https://api.alintaenergy.com.au/v1/myaccount/bff
2026-08-02T18:00:00.000,1.5759999999999998,0.50445384,https://api.alintaenergy.com.au/v1/myaccount/bff
2026-08-02T19:00:00.000,2.07,0.61094693,https://api.alintaenergy.com.au/v1/myaccount/bff
2026-08-02T20:00:00.000,0.846,0.29695446,https://api.alintaenergy.com.au/v1/myaccount/bff
2026-08-02T21:00:00.000,0.744,0.26115144,https://api.alintaenergy.com.au/v1/myaccount/bff
2026-08-02T22:00:00.000,0.616,0.21622216,https://api.alintaenergy.com.au/v1/myaccount/bff
2026-08-02T23:00:00.000,0.499,0.17515399,https://api.alintaenergy.com.au/v1/myaccount/bff
2026-08-03T00:00:00.000,0.495,0.17374995,https://api.alintaenergy.com.au/v1/myaccount/bff
2026-08-03T01:00:00.000,0.497,0.17445197,https://api.alintaenergy.com.au/v1/myaccount/bff
2026-08-03T02:00:00.000,0.504,0.17690904,https://api.alintaenergy.com.au/v1/myaccount/bff
2026-08-03T03:00:00.000,0.506,0.17761106,https://api.alintaenergy.com.au/v1/myaccount/bff
2026-08-03T04:00:00.000,0.464,0.16286864,https://api.alintaenergy.com.au/v1/myaccount/bff
2026-08-03T05:00:00.000,0.448,0.15725248,https://api.alintaenergy.com.au/v1/myaccount/bff
2026-08-03T06:00:00.000,0.637,0.20825398,https://api.alintaenergy.com.au/v1/myaccount/bff
2026-08-03T07:00:00.000,2.2990000000000004,0.6175686,https://api.alintaenergy.com.au/v1/myaccount/bff
2026-08-03T08:00:00.000,1.756,0.51487249,https://api.alintaenergy.com.au/v1/myaccount/bff
2026-08-03T09:00:00.000,0.023,0.00807323,https://api.alintaenergy.com.au/v1/myaccount/bff
2026-08-03T10:00:00.000,1.339,0.47000239,https://api.alintaenergy.com.au/v1/myaccount/bff
2026-08-03T11:00:00.000,0.492,0.17269692,https://api.alintaenergy.com.au/v1/myaccount/bff
2026-08-03T12:00:00.000,0.001,0.00035101,https://api.alintaenergy.com.au/v1/myaccount/bff
2026-08-03T13:00:00.000,0.203,0.07125503,https://api.alintaenergy.com.au/v1/myaccount/bff
2026-08-03T14:00:00.000,0.088,0.03088888,https://api.alintaenergy.com.au/v1/myaccount/bff
2026-08-03T15:00:00.000,0.191,0.06704291,https://api.alintaenergy.com.au/v1/myaccount/bff
2026-08-03T16:00:00.000,0.511,0.17936611,https://api.alintaenergy.com.au/v1/myaccount/bff
2026-08-03T17:00:00.000,0.739,0.25939639,https://api.alintaenergy.com.au/v1/myaccount/bff
2026-08-03T18:00:00.000,0.671,0.23552771,https://api.alintaenergy.com.au/v1/myaccount/bff
2026-08-03T19:00:00.000,0.658,0.23096458,https://api.alintaenergy.com.au/v1/myaccount/bff
2026-08-03T20:00:00.000,0.67,0.2351767,https://api.alintaenergy.com.au/v1/myaccount/bff
2026-08-03T21:00:00.000,0.842,0.29555042,https://api.alintaenergy.com.au/v1/myaccount/bff
2026-08-03T22:00:00.000,0.753,0.26431053,https://api.alintaenergy.com.au/v1/myaccount/bff
2026-08-03T23:00:00.000,0.457,0.16041157,https://api.alintaenergy.com.au/v1/myaccount/bff
2026-08-04T00:00:00.000,0.521,0.18287621,https://api.alintaenergy.com.au/v1/myaccount/bff
2026-08-04T01:00:00.000,0.669,0.23482569,https://api.alintaenergy.com.au/v1/myaccount/bff
2026-08-04T02:00:00.000,0.441,0.15479541,https://api.alintaenergy.com.au/v1/myaccount/bff
2026-08-04T03:00:00.000,0.473,0.16602773,https://api.alintaenergy.com.au/v1/myaccount/bff
2026-08-04T04:00:00.000,0.504,0.17690904,https://api.alintaenergy.com.au/v1/myaccount/bff
2026-08-04T05:00:00.000,0.447,0.15690147,https://api.alintaenergy.com.au/v1/myaccount/bff
2026-08-04T06:00:00.000,0.439,0.15409339,https://api.alintaenergy.com.au/v1/myaccount/bff
2026-08-04T07:00:00.000,1.546,0.40776186,https://api.alintaenergy.com.au/v1/myaccount/bff
2026-08-04T08:00:00.000,0.331,0.08050119,https://api.alintaenergy.com.au/v1/myaccount/bff
2026-08-04T09:00:00.000,0,0,https://api.alintaenergy.com.au/v1/myaccount/bff
2026-08-04T10:00:00.000,0,0,https://api.alintaenergy.com.au/v1/myaccount/bff
2026-08-04T11:00:00.000,0.001,0.00035101,https://api.alintaenergy.com.au/v1/myaccount/bff
2026-08-04T12:00:00.000,0,0,https://api.alintaenergy.com.au/v1/myaccount/bff
2026-08-04T13:00:00.000,0,0,https://api.alintaenergy.com.au/v1/myaccount/bff
2026-08-04T14:00:00.000,0.001,0.00024222,https://api.alintaenergy.com.au/v1/myaccount/bff
2026-08-04T15:00:00.000,0.031,0.01088131,https://api.alintaenergy.com.au/v1/myaccount/bff
2026-08-04T16:00:00.000,0.675,0.23693175,https://api.alintaenergy.com.au/v1/myaccount/bff
2026-08-04T17:00:00.000,0.706,0.24781306,https://api.alintaenergy.com.au/v1/myaccount/bff
2026-08-04T18:00:00.000,0.639,0.22429539,https://api.alintaenergy.com.au/v1/myaccount/bff
2026-08-04T19:00:00.000,0.786,0.27589386,https://api.alintaenergy.com.au/v1/myaccount/bff
2026-08-04T20:00:00.000,0.569,0.19972469,https://api.alintaenergy.com.au/v1/myaccount/bff
2026-08-04T21:00:00.000,0.482,0.16918682,https://api.alintaenergy.com.au/v1/myaccount/bff
2026-08-04T22:00:00.000,0.468,0.16427268,https://api.alintaenergy.com.au/v1/myaccount/bff
2026-08-04T23:00:00.000,0.466,0.16357066,https://api.alintaenergy.com.au/v1/myaccount/bff
2026-08-05T00:00:00.000,0.443,0.15549743,https://api.alintaenergy.com.au/v1/myaccount/bff
2026-08-05T01:00:00.000,0.454,0.15935854,https://api.alintaenergy.com.au/v1/myaccount/bff
2026-08-05T02:00:00.000,0.47,0.1649747,https://api.alintaenergy.com.au/v1/myaccount/bff
2026-08-05T03:00:00.000,0.502,0.17620702,https://api.alintaenergy.com.au/v1/myaccount/bff
2026-08-05T04:00:00.000,0.517,0.18147217,https://api.alintaenergy.com.au/v1/myaccount/bff
2026-08-05T05:00:00.000,0.424,0.14882824,https://api.alintaenergy.com.au/v1/myaccount/bff
2026-08-05T06:00:00.000,0.415,0.14566915,https://api.alintaenergy.com.au/v1/myaccount/bff
2026-08-05T07:00:00.000,0.313,0.10986613,https://api.alintaenergy.com.au/v1/myaccount/bff
2026-08-05T08:00:00.000,0.015,0.00526515,https://api.alintaenergy.com.au/v1/myaccount/bff
2026-08-05T09:00:00.000,0,0,https://api.alintaenergy.com.au/v1/myaccount/bff
2026-08-05T10:00:00.000,0.001,0.00035101,https://api.alintaenergy.com.au/v1/myaccount/bff
2026-08-05T11:00:00.000,0,0,https://api.alintaenergy.com.au/v1/myaccount/bff
2026-08-05T12:00:00.000,0,0,https://api.alintaenergy.com.au/v1/myaccount/bff
2026-08-05T13:00:00.000,0,0,https://api.alintaenergy.com.au/v1/myaccount/bff
2026-08-05T14:00:00.000,0.089,0.03123989,https://api.alintaenergy.com.au/v1/myaccount/bff
2026-08-05T15:00:00.000,0.188,0.06598988,https://api.alintaenergy.com.au/v1/myaccount/bff
2026-08-05T16:00:00.000,0.368,0.12917168,https://api.alintaenergy.com.au/v1/myaccount/bff
2026-08-05T17:00:00.000,0.468,0.16427268,https://api.alintaenergy.com.au/v1/myaccount/bff
2026-08-05T18:00:00.000,0.506,0.17761106,https://api.alintaenergy.com.au/v1/myaccount/bff
2026-08-05T19:00:00.000,0.543,0.19059843,https://api.alintaenergy.com.au/v1/myaccount/bff
2026-08-05T20:00:00.000,0.59,0.2070959,https://api.alintaenergy.com.au/v1/myaccount/bff
2026-08-05T21:00:00.000,0.578,0.20288378,https://api.alintaenergy.com.au/v1/myaccount/bff
2026-08-05T22:00:00.000,0.813,0.28537113,https://api.alintaenergy.com.au/v1/myaccount/bff
2026-08-05T23:00:00.000,0.521,0.18287621,https://api.alintaenergy.com.au/v1/myaccount/bff
2026-08-06T00:00:00.000,0.572,0.20077772,https://api.alintaenergy.com.au/v1/myaccount/bff
2026-08-06T01:00:00.000,0.687,0.24114387,https://api.alintaenergy.com.au/v1/myaccount/bff
2026-08-06T02:00:00.000,0.456,0.16006056,https://api.alintaenergy.com.au/v1/myaccount/bff
2026-08-06T03:00:00.000,0.503,0.17655803,https://api.alintaenergy.com.au/v1/myaccount/bff
2026-08-06T04:00:00.000,0.469,0.16462369,https://api.alintaenergy.com.au/v1/myaccount/bff
2026-08-06T05:00:00.000,0.459,0.16111359,https://api.alintaenergy.com.au/v1/myaccount/bff
2026-08-06T06:00:00.000,0.874,0.30678274,https://api.alintaenergy.com.au/v1/myaccount/bff
2026-08-06T07:00:00.000,0.867,0.30432567,https://api.alintaenergy.com.au/v1/myaccount/bff
2026-08-06T08:00:00.000,0.574,0.20147974,https://api.alintaenergy.com.au/v1/myaccount/bff
2026-08-06T09:00:00.000,0.439,0.15409339,https://api.alintaenergy.com.au/v1/myaccount/bff
2026-08-06T10:00:00.000,1.473,0.51703773,https://api.alintaenergy.com.au/v1/myaccount/bff
2026-08-06T11:00:00.000,0.295,0.10354795,https://api.alintaenergy.com.au/v1/myaccount/bff
2026-08-06T12:00:00.000,0.036,0.01263636,https://api.alintaenergy.com.au/v1/myaccount/bff
2026-08-06T13:00:00.000,0.057,0.02000757,https://api.alintaenergy.com.au/v1/myaccount/bff
2026-08-06T14:00:00.000,0.042,0.01474242,https://api.alintaenergy.com.au/v1/myaccount/bff
2026-08-06T15:00:00.000,0.234,0.08213634,https://api.alintaenergy.com.au/v1/myaccount/bff
2026-08-06T16:00:00.000,0.549,0.19270449,https://api.alintaenergy.com.au/v1/myaccount/bff
2026-08-06T17:00:00.000,0.679,0.23833579,https://api.alintaenergy.com.au/v1/myaccount/bff
2026-08-06T18:00:00.000,0.724,0.25413124,https://api.alintaenergy.com.au/v1/myaccount/bff
2026-08-06T19:00:00.000,0.633,0.22218933,https://api.alintaenergy.com.au/v1/myaccount/bff
2026-08-06T20:00:00.000,1.748,0.61356548,https://api.alintaenergy.com.au/v1/myaccount/bff
2026-08-06T21:00:00.000,1.215,0.42647715,https://api.alintaenergy.com.au/v1/myaccount/bff
2026-08-06T22:00:00.000,0.569,0.19972469,https://api.alintaenergy.com.au/v1/myaccount/bff
2026-08-06T23:00:00.000,0.551,0.19340651,https://api.alintaenergy.com.au/v1/myaccount/bff
2026-08-07T00:00:00.000,0.524,0.18392924,https://api.alintaenergy.com.au/v1/myaccount/bff
2026-08-07T01:00:00.000,0.543,0.19048964,https://api.alintaenergy.com.au/v1/myaccount/bff
2026-08-07T02:00:00.000,0.569,0.19972469,https://api.alintaenergy.com.au/v1/myaccount/bff
2026-08-07T03:00:00.000,0.58,0.2035858,https://api.alintaenergy.com.au/v1/myaccount/bff
2026-08-07T04:00:00.000,0.594,0.20849994,https://api.alintaenergy.com.au/v1/myaccount/bff
2026-08-07T05:00:00.000,0.604,0.21201004,https://api.alintaenergy.com.au/v1/myaccount/bff
2026-08-07T06:00:00.000,0.982,0.34469182,https://api.alintaenergy.com.au/v1/myaccount/bff
2026-08-07T07:00:00.000,0.547,0.19200247,https://api.alintaenergy.com.au/v1/myaccount/bff
2026-08-07T08:00:00.000,0.013,0.00456313,https://api.alintaenergy.com.au/v1/myaccount/bff
2026-08-07T09:00:00.000,0,0,https://api.alintaenergy.com.au/v1/myaccount/bff
2026-08-07T10:00:00.000,0,0,https://api.alintaenergy.com.au/v1/myaccount/bff
2026-08-07T11:00:00.000,0.001,0.00035101,https://api.alintaenergy.com.au/v1/myaccount/bff
2026-08-07T12:00:00.000,0.213,0.07476513,https://api.alintaenergy.com.au/v1/myaccount/bff
2026-08-07T13:00:00.000,0.4,0.140404,https://api.alintaenergy.com.au/v1/myaccount/bff
2026-08-07T14:00:00.000,2.418,0.84874218,https://api.alintaenergy.com.au/v1/myaccount/bff
2026-08-07T15:00:00.000,0.312,0.10951512,https://api.alintaenergy.com.au/v1/myaccount/bff
2026-08-07T16:00:00.000,0.573,0.20112873,https://api.alintaenergy.com.au/v1/myaccount/bff
2026-08-07T17:00:00.000,0.93,0.3264393,https://api.alintaenergy.com.au/v1/myaccount/bff
2026-08-07T18:00:00.000,0.801,0.28115901,https://api.alintaenergy.com.au/v1/myaccount/bff
2026-08-07T19:00:00.000,0.684,0.24009084,https://api.alintaenergy.com.au/v1/myaccount/bff
2026-08-07T20:00:00.000,0.687,0.24114387,https://api.alintaenergy.com.au/v1/myaccount/bff
2026-08-07T21:00:00.000,0.629,0.22078529,https://api.alintaenergy.com.au/v1/myaccount/bff
2026-08-07T22:00:00.000,0.741,0.26009841,https://api.alintaenergy.com.au/v1/myaccount/bff
2026-08-07T23:00:00.000,0.512,0.17971712,https://api.alintaenergy.com.au/v1/myaccount/bff
2026-08-08T00:00:00.000,0.477,0.16743177,https://api.alintaenergy.com.au/v1/myaccount/bff
2026-08-08T01:00:00.000,0.446,0.15655046,https://api.alintaenergy.com.au/v1/myaccount/bff
2026-08-08T02:00:00.000,0.44,0.1544444,https://api.alintaenergy.com.au/v1/myaccount/bff
2026-08-08T03:00:00.000,0.516,0.18112116,https://api.alintaenergy.com.au/v1/myaccount/bff
2026-08-08T04:00:00.000,0.469,0.16462369,https://api.alintaenergy.com.au/v1/myaccount/bff
2026-08-08T05:00:00.000,0.427,0.14988127,https://api.alintaenergy.com.au/v1/myaccount/bff
2026-08-08T06:00:00.000,0.449,0.15760349,https://api.alintaenergy.com.au/v1/myaccount/bff
2026-08-08T07:00:00.000,0.365,0.12811865,https://api.alintaenergy.com.au/v1/myaccount/bff
2026-08-08T08:00:00.000,0.004,0.00140404,https://api.alintaenergy.com.au/v1/myaccount/bff
2026-08-08T09:00:00.000,0,0,https://api.alintaenergy.com.au/v1/myaccount/bff
2026-08-08T10:00:00.000,0.002,0.00070202,https://api.alintaenergy.com.au/v1/myaccount/bff
2026-08-08T11:00:00.000,0,0,https://api.alintaenergy.com.au/v1/myaccount/bff
2026-08-08T12:00:00.000,0.112,0.03931312,https://api.alintaenergy.com.au/v1/myaccount/bff
2026-08-08T13:00:00.000,0,0,https://api.alintaenergy.com.au/v1/myaccount/bff
2026-08-08T14:00:00.000,0.054,0.01895454,https://api.alintaenergy.com.au/v1/myaccount/bff
2026-08-08T15:00:00.000,0.15,0.0526515,https://api.alintaenergy.com.au/v1/myaccount/bff
2026-08-08T16:00:00.000,0.557,0.19551257,https://api.alintaenergy.com.au/v1/myaccount/bff
2026-08-08T17:00:00.000,0.72,0.2527272,https://api.alintaenergy.com.au/v1/myaccount/bff
2026-08-08T18:00:00.000,0.709,0.24886609,https://api.alintaenergy.com.au/v1/myaccount/bff
2026-08-08T19:00:00.000,0.759,0.26641659,https://api.alintaenergy.com.au/v1/myaccount/bff
2026-08-08T20:00:00.000,1.027,0.36048727,https://api.alintaenergy.com.au/v1/myaccount/bff
2026-08-08T21:00:00.000,0.587,0.20604287,https://api.alintaenergy.com.au/v1/myaccount/bff
2026-08-08T22:00:00.000,0.612,0.21481812,https://api.alintaenergy.com.au/v1/myaccount/bff
2026-08-08T23:00:00.000,0.51,0.1790151,https://api.alintaenergy.com.au/v1/myaccount/bff
2026-08-09T00:00:00.000,0.574,0.20147974,https://api.alintaenergy.com.au/v1/myaccount/bff
2026-08-09T01:00:00.000,0.646,0.22675246,https://api.alintaenergy.com.au/v1/myaccount/bff
2026-08-09T02:00:00.000,0.473,0.16602773,https://api.alintaenergy.com.au/v1/myaccount/bff
2026-08-09T03:00:00.000,0.519,0.18217419,https://api.alintaenergy.com.au/v1/myaccount/bff
2026-08-09T04:00:00.000,0.503,0.17655803,https://api.alintaenergy.com.au/v1/myaccount/bff
2026-08-09T05:00:00.000,0.467,0.16392167,https://api.alintaenergy.com.au/v1/myaccount/bff
2026-08-09T06:00:00.000,0.424,0.14882824,https://api.alintaenergy.com.au/v1/myaccount/bff
2026-08-09T07:00:00.000,0.283,0.09933583,https://api.alintaenergy.com.au/v1/myaccount/bff
2026-08-09T08:00:00.000,0.221,0.07757321,https://api.alintaenergy.com.au/v1/myaccount/bff
2026-08-09T09:00:00.000,0,0,https://api.alintaenergy.com.au/v1/myaccount/bff
2026-08-09T10:00:00.000,0.064,0.02246464,https://api.alintaenergy.com.au/v1/myaccount/bff
2026-08-09T11:00:00.000,0.013,0.00456313,https://api.alintaenergy.com.au/v1/myaccount/bff
2026-08-09T12:00:00.000,0.17,0.0596717,https://api.alintaenergy.com.au/v1/myaccount/bff
2026-08-09T13:00:00.000,0.054,0.01895454,https://api.alintaenergy.com.au/v1/myaccount/bff
2026-08-09T14:00:00.000,0.26,0.0912626,https://api.alintaenergy.com.au/v1/myaccount/bff
2026-08-09T15:00:00.000,0.308,0.10811108,https://api.alintaenergy.com.au/v1/myaccount/bff
2026-08-09T16:00:00.000,0.584,0.20498984,https://api.alintaenergy.com.au/v1/myaccount/bff
2026-08-09T17:00:00.000,1.093,0.38365393,https://api.alintaenergy.com.au/v1/myaccount/bff
2026-08-09T18:00:00.000,1.306,0.45841906,https://api.alintaenergy.com.au/v1/myaccount/bff
2026-08-09T19:00:00.000,0.769,0.26992669,https://api.alintaenergy.com.au/v1/myaccount/bff
2026-08-09T20:00:00.000,0.717,0.25167417,https://api.alintaenergy.com.au/v1/myaccount/bff
2026-08-09T21:00:00.000,0.735,0.25799235,https://api.alintaenergy.com.au/v1/myaccount/bff
2026-08-09T22:00:00.000,0.721,0.25296942,https://api.alintaenergy.com.au/v1/myaccount/bff
2026-08-09T23:00:00.000,0.599,0.21025499,https://api.alintaenergy.com.au/v1/myaccount/bff
2026-08-10T00:00:00.000,0.574,0.20147974,https://api.alintaenergy.com.au/v1/myaccount/bff
2026-08-10T01:00:00.000,0.571,0.20042671,https://api.alintaenergy.com.au/v1/myaccount/bff
2026-08-10T02:00:00.000,0.602,0.21130802,https://api.alintaenergy.com.au/v1/myaccount/bff
2026-08-10T03:00:00.000,0.603,0.21165903,https://api.alintaenergy.com.au/v1/myaccount/bff
2026-08-10T04:00:00.000,0.555,0.19481055,https://api.alintaenergy.com.au/v1/myaccount/bff
2026-08-10T05:00:00.000,0.567,0.19902267,https://api.alintaenergy.com.au/v1/myaccount/bff
2026-08-10T06:00:00.000,0.677,0.23763377,https://api.alintaenergy.com.au/v1/myaccount/bff
2026-08-10T07:00:00.000,2.081,0.56139215,https://api.alintaenergy.com.au/v1/myaccount/bff
2026-08-10T08:00:00.000,0.484,0.16988884,https://api.alintaenergy.com.au/v1/myaccount/bff
2026-08-10T09:00:00.000,0.083,0.02913383,https://api.alintaenergy.com.au/v1/myaccount/bff
2026-08-10T10:00:00.000,0.59,0.2070959,https://api.alintaenergy.com.au/v1/myaccount/bff
2026-08-10T11:00:00.000,1.917,0.5112242300000001,https://api.alintaenergy.com.au/v1/myaccount/bff
2026-08-10T12:00:00.000,0.675,0.19036963,https://api.alintaenergy.com.au/v1/myaccount/bff
2026-08-10T13:00:00.000,0.167,0.05861867,https://api.alintaenergy.com.au/v1/myaccount/bff
2026-08-10T14:00:00.000,0.099,0.03474999,https://api.alintaenergy.com.au/v1/myaccount/bff
2026-08-10T15:00:00.000,0.208,0.07301008,https://api.alintaenergy.com.au/v1/myaccount/bff
2026-08-10T16:00:00.000,0.655,0.22991155,https://api.alintaenergy.com.au/v1/myaccount/bff
2026-08-10T17:00:00.000,0.72,0.2527272,https://api.alintaenergy.com.au/v1/myaccount/bff
2026-08-10T18:00:00.000,0.908,0.31871708,https://api.alintaenergy.com.au/v1/myaccount/bff
2026-08-10T19:00:00.000,0.8,0.280808,https://api.alintaenergy.com.au/v1/myaccount/bff
2026-08-10T20:00:00.000,1.927,0.67639627,https://api.alintaenergy.com.au/v1/myaccount/bff
2026-08-10T21:00:00.000,1.282,0.44999482,https://api.alintaenergy.com.au/v1/myaccount/bff
2026-08-10T22:00:00.000,0.741,0.26009841,https://api.alintaenergy.com.au/v1/myaccount/bff
2026-08-10T23:00:00.000,0.475,0.16672975,https://api.alintaenergy.com.au/v1/myaccount/bff
2026-08-11T00:00:00.000,0.565,0.19832065,https://api.alintaenergy.com.au/v1/myaccount/bff
2026-08-11T01:00:00.000,0.673,0.23622973,https://api.alintaenergy.com.au/v1/myaccount/bff
2026-08-11T02:00:00.000,0.453,0.15900753,https://api.alintaenergy.com.au/v1/myaccount/bff
2026-08-11T03:00:00.000,0.499,0.17515399,https://api.alintaenergy.com.au/v1/myaccount/bff
2026-08-11T04:00:00.000,0.586,0.20569186,https://api.alintaenergy.com.au/v1/myaccount/bff
2026-08-11T05:00:00.000,0.486,0.17059086,https://api.alintaenergy.com.au/v1/myaccount/bff
2026-08-11T06:00:00.000,0.679,0.23833579,https://api.alintaenergy.com.au/v1/myaccount/bff
2026-08-11T07:00:00.000,0.729,0.25588629,https://api.alintaenergy.com.au/v1/myaccount/bff
2026-08-11T08:00:00.000,0.105,0.03685605,https://api.alintaenergy.com.au/v1/myaccount/bff
2026-08-11T09:00:00.000,0.027,0.00947727,https://api.alintaenergy.com.au/v1/myaccount/bff
2026-08-11T10:00:00.000,0.002,0.00070202,https://api.alintaenergy.com.au/v1/myaccount/bff
2026-08-11T11:00:00.000,0,0,https://api.alintaenergy.com.au/v1/myaccount/bff
2026-08-11T12:00:00.000,0.001,0.00035101,https://api.alintaenergy.com.au/v1/myaccount/bff
2026-08-11T13:00:00.000,0.309,0.10846209,https://api.alintaenergy.com.au/v1/myaccount/bff
2026-08-11T14:00:00.000,0.002,0.00070202,https://api.alintaenergy.com.au/v1/myaccount/bff
2026-08-11T15:00:00.000,0.16,0.0561616,https://api.alintaenergy.com.au/v1/myaccount/bff
2026-08-11T16:00:00.000,0.699,0.24535599,https://api.alintaenergy.com.au/v1/myaccount/bff
2026-08-11T17:00:00.000,0.789,0.27694689,https://api.alintaenergy.com.au/v1/myaccount/bff
2026-08-11T18:00:00.000,0.859,0.30151759,https://api.alintaenergy.com.au/v1/myaccount/bff
2026-08-11T19:00:00.000,0.792,0.27799992,https://api.alintaenergy.com.au/v1/myaccount/bff
2026-08-11T20:00:00.000,0.703,0.24676003,https://api.alintaenergy.com.au/v1/myaccount/bff
2026-08-11T21:00:00.000,0.606,0.21271206,https://api.alintaenergy.com.au/v1/myaccount/bff
2026-08-11T22:00:00.000,0.538,0.18884338,https://api.alintaenergy.com.au/v1/myaccount/bff
2026-08-11T23:00:00.000,0.522,0.18311843,https://api.alintaenergy.com.au/v1/myaccount/bff
2026-08-12T00:00:00.000,0.536,0.18814136,https://api.alintaenergy.com.au/v1/myaccount/bff
2026-08-12T01:00:00.000,0.499,0.17515399,https://api.alintaenergy.com.au/v1/myaccount/bff
2026-08-12T02:00:00.000,0.485,0.17023985,https://api.alintaenergy.com.au/v1/myaccount/bff
2026-08-12T03:00:00.000,0.541,0.18989641,https://api.alintaenergy.com.au/v1/myaccount/bff
2026-08-12T04:00:00.000,0.513,0.18006813,https://api.alintaenergy.com.au/v1/myaccount/bff
2026-08-12T05:00:00.000,0.496,0.17410096,https://api.alintaenergy.com.au/v1/myaccount/bff
2026-08-12T06:00:00.000,0.515,0.18077015,https://api.alintaenergy.com.au/v1/myaccount/bff
2026-08-12T07:00:00.000,0.287,0.10073987,https://api.alintaenergy.com.au/v1/myaccount/bff
2026-08-12T08:00:00.000,0.088,0.03088888,https://api.alintaenergy.com.au/v1/myaccount/bff
2026-08-12T09:00:00.000,0.001,0.00035101,https://api.alintaenergy.com.au/v1/myaccount/bff
2026-08-12T10:00:00.000,0.061,0.02141161,https://api.alintaenergy.com.au/v1/myaccount/bff
2026-08-12T11:00:00.000,0.257,0.09020957,https://api.alintaenergy.com.au/v1/myaccount/bff
2026-08-12T12:00:00.000,0.027,0.00947727,https://api.alintaenergy.com.au/v1/myaccount/bff
2026-08-12T13:00:00.000,0.069,0.02421969,https://api.alintaenergy.com.au/v1/myaccount/bff
2026-08-12T14:00:00.000,0.162,0.05686362,https://api.alintaenergy.com.au/v1/myaccount/bff
2026-08-12T15:00:00.000,0.519,0.18217419,https://api.alintaenergy.com.au/v1/myaccount/bff
2026-08-12T16:00:00.000,0.717,0.25167417,https://api.alintaenergy.com.au/v1/myaccount/bff
2026-08-12T17:00:00.000,0.734,0.25764134,https://api.alintaenergy.com.au/v1/myaccount/bff
2026-08-12T18:00:00.000,0.855,0.30011355,https://api.alintaenergy.com.au/v1/myaccount/bff
2026-08-12T19:00:00.000,0.734,0.25764134,https://api.alintaenergy.com.au/v1/myaccount/bff
2026-08-12T20:00:00.000,0.706,0.24781306,https://api.alintaenergy.com.au/v1/myaccount/bff
2026-08-12T21:00:00.000,0.681,0.23903781,https://api.alintaenergy.com.au/v1/myaccount/bff
2026-08-12T22:00:00.000,0.843,0.29590143,https://api.alintaenergy.com.au/v1/myaccount/bff
2026-08-12T23:00:00.000,0.552,0.19375752,https://api.alintaenergy.com.au/v1/myaccount/bff
2026-08-13T00:00:00.000,0.609,0.21376509,https://api.alintaenergy.com.au/v1/myaccount/bff
2026-08-13T01:00:00.000,0.727,0.25518427,https://api.alintaenergy.com.au/v1/myaccount/bff
2026-08-13T02:00:00.000,0.523,0.18357823,https://api.alintaenergy.com.au/v1/myaccount/bff
2026-08-13T03:00:00.000,0.585,0.20534085,https://api.alintaenergy.com.au/v1/myaccount/bff
2026-08-13T04:00:00.000,0.557,0.19551257,https://api.alintaenergy.com.au/v1/myaccount/bff
2026-08-13T05:00:00.000,0.516,0.18112116,https://api.alintaenergy.com.au/v1/myaccount/bff
2026-08-13T06:00:00.000,0.478,0.16778278,https://api.alintaenergy.com.au/v1/myaccount/bff
2026-08-13T07:00:00.000,0.282,0.09898482,https://api.alintaenergy.com.au/v1/myaccount/bff
2026-08-13T08:00:00.000,0.175,0.06142675,https://api.alintaenergy.com.au/v1/myaccount/bff
2026-08-13T09:00:00.000,0.017,0.00596717,https://api.alintaenergy.com.au/v1/myaccount/bff
2026-08-13T10:00:00.000,0.004,0.00140404,https://api.alintaenergy.com.au/v1/myaccount/bff
2026-08-13T11:00:00.000,0.917,0.32187617,https://api.alintaenergy.com.au/v1/myaccount/bff
2026-08-13T12:00:00.000,0.003,0.00105303,https://api.alintaenergy.com.au/v1/myaccount/bff
2026-08-13T13:00:00.000,1.097,0.38505797,https://api.alintaenergy.com.au/v1/myaccount/bff
2026-08-13T14:00:00.000,0.116,0.04071716,https://api.alintaenergy.com.au/v1/myaccount/bff
2026-08-13T15:00:00.000,0.363,0.12741663,https://api.alintaenergy.com.au/v1/myaccount/bff
2026-08-13T16:00:00.000,0.775,0.27203275,https://api.alintaenergy.com.au/v1/myaccount/bff
2026-08-13T17:00:00.000,0.785,0.27554285,https://api.alintaenergy.com.au/v1/myaccount/bff
2026-08-13T18:00:00.000,0.83,0.2913383,https://api.alintaenergy.com.au/v1/myaccount/bff
2026-08-13T19:00:00.000,0.72,0.2527272,https://api.alintaenergy.com.au/v1/myaccount/bff
2026-08-13T20:00:00.000,0.72,0.2527272,https://api.alintaenergy.com.au/v1/myaccount/bff
2026-08-13T21:00:00.000,0.609,0.21376509,https://api.alintaenergy.com.au/v1/myaccount/bff
2026-08-13T22:00:00.000,0.578,0.20288378,https://api.alintaenergy.com.au/v1/myaccount/bff
2026-08-13T23:00:00.000,0.504,0.17690904,https://api.alintaenergy.com.au/v1/myaccount/bff
2026-08-14T00:00:00.000,0.473,0.16602773,https://api.alintaenergy.com.au/v1/myaccount/bff
2026-08-14T01:00:00.000,0.467,0.16392167,https://api.alintaenergy.com.au/v1/myaccount/bff
2026-08-14T02:00:00.000,0.475,0.16672975,https://api.alintaenergy.com.au/v1/myaccount/bff
2026-08-14T03:00:00.000,0.536,0.18814136,https://api.alintaenergy.com.au/v1/myaccount/bff
2026-08-14T04:00:00.000,0.555,0.19481055,https://api.alintaenergy.com.au/v1/myaccount/bff
2026-08-14T05:00:00.000,1.758,0.47456067999999996,https://api.alintaenergy.com.au/v1/myaccount/bff
2026-08-14T06:00:00.000,1.12,0.31871883999999995,https://api.alintaenergy.com.au/v1/myaccount/bff
2026-08-14T07:00:00.000,0.17,0.0596717,https://api.alintaenergy.com.au/v1/myaccount/bff
2026-08-14T08:00:00.000,0.001,0.00035101,https://api.alintaenergy.com.au/v1/myaccount/bff
2026-08-14T09:00:00.000,0,0,https://api.alintaenergy.com.au/v1/myaccount/bff
2026-08-14T10:00:00.000,0,0,https://api.alintaenergy.com.au/v1/myaccount/bff
2026-08-14T11:00:00.000,0,0,https://api.alintaenergy.com.au/v1/myaccount/bff
2026-08-14T12:00:00.000,0.104,0.03650504,https://api.alintaenergy.com.au/v1/myaccount/bff
2026-08-14T13:00:00.000,0.057,0.02000757,https://api.alintaenergy.com.au/v1/myaccount/bff
2026-08-14T14:00:00.000,0.515,0.18077015,https://api.alintaenergy.com.au/v1/myaccount/bff
2026-08-14T15:00:00.000,0.41,0.1439141,https://api.alintaenergy.com.au/v1/myaccount/bff
2026-08-14T16:00:00.000,0.62,0.2176262,https://api.alintaenergy.com.au/v1/myaccount/bff
2026-08-14T17:00:00.000,0.754,0.26466154,https://api.alintaenergy.com.au/v1/myaccount/bff
2026-08-14T18:00:00.000,0.906,0.31801506,https://api.alintaenergy.com.au/v1/myaccount/bff
2026-08-14T19:00:00.000,0.806,0.28291406,https://api.alintaenergy.com.au/v1/myaccount/bff
2026-08-14T20:00:00.000,0.918,0.32222718,https://api.alintaenergy.com.au/v1/myaccount/bff
2026-08-14T21:00:00.000,0.689,0.24184589,https://api.alintaenergy.com.au/v1/myaccount/bff
2026-08-14T22:00:00.000,0.793,0.27835093,https://api.alintaenergy.com.au/v1/myaccount/bff
2026-08-14T23:00:00.000,0.537,0.18849237,https://api.alintaenergy.com.au/v1/myaccount/bff
2026-07-01T00:00:00.000,0.488,0.17129288,https://api.alintaenergy.com.au/v1/myaccount/bff
2026-07-01T01:00:00.000,1.077,0.31929116999999996,https://api.alintaenergy.com.au/v1/myaccount/bff
2026-07-01T02:00:00.000,1.702,0.49493884,https://api.alintaenergy.com.au/v1/myaccount/bff
2026-07-01T03:00:00.000,0.484,0.16988884,https://api.alintaenergy.com.au/v1/myaccount/bff
2026-07-01T04:00:00.000,0.514,0.18041914,https://api.alintaenergy.com.au/v1/myaccount/bff
2026-07-01T05:00:00.000,0.478,0.16778278,https://api.alintaenergy.com.au/v1/myaccount/bff
2026-07-01T06:00:00.000,0.471,0.16532571,https://api.alintaenergy.com.au/v1/myaccount/bff
2026-07-01T07:00:00.000,0.393,0.13794693,https://api.alintaenergy.com.au/v1/myaccount/bff
2026-07-01T08:00:00.000,0.859,0.22656128,https://api.alintaenergy.com.au/v1/myaccount/bff
2026-07-01T09:00:00.000,0.709,0.17369220000000002,https://api.alintaenergy.com.au/v1/myaccount/bff
2026-07-01T10:00:00.000,0,0,https://api.alintaenergy.com.au/v1/myaccount/bff
2026-07-01T11:00:00.000,0.038,0.01333838,https://api.alintaenergy.com.au/v1/myaccount/bff
2026-07-01T12:00:00.000,0.139,0.04879039,https://api.alintaenergy.com.au/v1/myaccount/bff
2026-07-01T13:00:00.000,0.404,0.14180804,https://api.alintaenergy.com.au/v1/myaccount/bff
2026-07-01T14:00:00.000,0.068,0.02386868,https://api.alintaenergy.com.au/v1/myaccount/bff
2026-07-01T15:00:00.000,0.361,0.12671461,https://api.alintaenergy.com.au/v1/myaccount/bff
2026-07-01T16:00:00.000,0.639,0.22429539,https://api.alintaenergy.com.au/v1/myaccount/bff
2026-07-01T17:00:00.000,0.648,0.22745448,https://api.alintaenergy.com.au/v1/myaccount/bff
2026-07-01T18:00:00.000,1.295,0.45455795,https://api.alintaenergy.com.au/v1/myaccount/bff
2026-07-01T19:00:00.000,1.682,0.59039882,https://api.alintaenergy.com.au/v1/myaccount/bff
2026-07-01T20:00:00.000,1.349,0.47351249,https://api.alintaenergy.com.au/v1/myaccount/bff
2026-07-01T21:00:00.000,0.828,0.29063628,https://api.alintaenergy.com.au/v1/myaccount/bff
2026-07-01T22:00:00.000,0.987,0.34644687,https://api.alintaenergy.com.au/v1/myaccount/bff
2026-07-01T23:00:00.000,0.727,0.25518427,https://api.alintaenergy.com.au/v1/myaccount/bff
2026-07-02T00:00:00.000,0.59,0.2070959,https://api.alintaenergy.com.au/v1/myaccount/bff
2026-07-02T01:00:00.000,0.802,0.28151002,https://api.alintaenergy.com.au/v1/myaccount/bff
2026-07-02T02:00:00.000,0.798,0.28010598,https://api.alintaenergy.com.au/v1/myaccount/bff
2026-07-02T03:00:00.000,0.534,0.18743934,https://api.alintaenergy.com.au/v1/myaccount/bff
2026-07-02T04:00:00.000,0.551,0.19340651,https://api.alintaenergy.com.au/v1/myaccount/bff
2026-07-02T05:00:00.000,0.511,0.17936611,https://api.alintaenergy.com.au/v1/myaccount/bff
2026-07-02T06:00:00.000,0.514,0.18041914,https://api.alintaenergy.com.au/v1/myaccount/bff
2026-07-02T07:00:00.000,1.561,0.42390601,https://api.alintaenergy.com.au/v1/myaccount/bff
2026-07-02T08:00:00.000,0.769,0.22151514,https://api.alintaenergy.com.au/v1/myaccount/bff
2026-07-02T09:00:00.000,0.617,0.21657317,https://api.alintaenergy.com.au/v1/myaccount/bff
2026-07-02T10:00:00.000,0.903,0.31696203,https://api.alintaenergy.com.au/v1/myaccount/bff
2026-07-02T11:00:00.000,0.17,0.0596717,https://api.alintaenergy.com.au/v1/myaccount/bff
2026-07-02T12:00:00.000,0.244,0.08564644,https://api.alintaenergy.com.au/v1/myaccount/bff
2026-07-02T13:00:00.000,0.698,0.24500498,https://api.alintaenergy.com.au/v1/myaccount/bff
2026-07-02T14:00:00.000,0.562,0.19726762,https://api.alintaenergy.com.au/v1/myaccount/bff
2026-07-02T15:00:00.000,0.624,0.21892145,https://api.alintaenergy.com.au/v1/myaccount/bff
2026-07-02T16:00:00.000,0.772,0.27097972,https://api.alintaenergy.com.au/v1/myaccount/bff
2026-07-02T17:00:00.000,0.759,0.26641659,https://api.alintaenergy.com.au/v1/myaccount/bff
2026-07-02T18:00:00.000,0.893,0.31345193,https://api.alintaenergy.com.au/v1/myaccount/bff
2026-07-02T19:00:00.000,2.262,0.6326490499999999,https://api.alintaenergy.com.au/v1/myaccount/bff
2026-07-02T20:00:00.000,0.879,0.30832021,https://api.alintaenergy.com.au/v1/myaccount/bff
2026-07-02T21:00:00.000,0.801,0.28115901,https://api.alintaenergy.com.au/v1/myaccount/bff
2026-07-02T22:00:00.000,0.649,0.22780549,https://api.alintaenergy.com.au/v1/myaccount/bff
2026-07-02T23:00:00.000,0.65,0.2281565,https://api.alintaenergy.com.au/v1/myaccount/bff
2026-07-03T00:00:00.000,0.626,0.21973226,https://api.alintaenergy.com.au/v1/myaccount/bff
2026-07-03T01:00:00.000,0.675,0.23693175,https://api.alintaenergy.com.au/v1/myaccount/bff
2026-07-03T02:00:00.000,0.877,0.30783577,https://api.alintaenergy.com.au/v1/myaccount/bff
2026-07-03T03:00:00.000,0.54,0.1895454,https://api.alintaenergy.com.au/v1/myaccount/bff
2026-07-03T04:00:00.000,0.536,0.18814136,https://api.alintaenergy.com.au/v1/myaccount/bff
2026-07-03T05:00:00.000,0.544,0.19094944,https://api.alintaenergy.com.au/v1/myaccount/bff
2026-07-03T06:00:00.000,0.781,0.24759404999999998,https://api.alintaenergy.com.au/v1/myaccount/bff
2026-07-03T07:00:00.000,1.748,0.4795362,https://api.alintaenergy.com.au/v1/myaccount/bff
2026-07-03T08:00:00.000,0.301,0.10565401,https://api.alintaenergy.com.au/v1/myaccount/bff
2026-07-03T09:00:00.000,0.014,0.00491414,https://api.alintaenergy.com.au/v1/myaccount/bff
2026-07-03T10:00:00.000,0.003,0.00105303,https://api.alintaenergy.com.au/v1/myaccount/bff
2026-07-03T11:00:00.000,0.087,0.03053787,https://api.alintaenergy.com.au/v1/myaccount/bff
2026-07-03T12:00:00.000,0.112,0.03931312,https://api.alintaenergy.com.au/v1/myaccount/bff
2026-07-03T13:00:00.000,0.056,0.01965656,https://api.alintaenergy.com.au/v1/myaccount/bff
2026-07-03T14:00:00.000,0.137,0.04808837,https://api.alintaenergy.com.au/v1/myaccount/bff
2026-07-03T15:00:00.000,1.506,0.52862106,https://api.alintaenergy.com.au/v1/myaccount/bff
2026-07-03T16:00:00.000,0.631,0.22148731,https://api.alintaenergy.com.au/v1/myaccount/bff
2026-07-03T17:00:00.000,1.33,0.4668433,https://api.alintaenergy.com.au/v1/myaccount/bff
2026-07-03T18:00:00.000,2.155,0.75642655,https://api.alintaenergy.com.au/v1/myaccount/bff
2026-07-03T19:00:00.000,1.473,0.51703773,https://api.alintaenergy.com.au/v1/myaccount/bff
2026-07-03T20:00:00.000,1.936,0.67955536,https://api.alintaenergy.com.au/v1/myaccount/bff
2026-07-03T21:00:00.000,0.883,0.30994183,https://api.alintaenergy.com.au/v1/myaccount/bff
2026-07-03T22:00:00.000,0.894,0.31380294,https://api.alintaenergy.com.au/v1/myaccount/bff
2026-07-03T23:00:00.000,0.702,0.24640902,https://api.alintaenergy.com.au/v1/myaccount/bff
2026-07-04T00:00:00.000,0.524,0.18392924,https://api.alintaenergy.com.au/v1/myaccount/bff
2026-07-04T01:00:00.000,0.623,0.21867923,https://api.alintaenergy.com.au/v1/myaccount/bff
2026-07-04T02:00:00.000,0.782,0.27448982,https://api.alintaenergy.com.au/v1/myaccount/bff
2026-07-04T03:00:00.000,0.506,0.17761106,https://api.alintaenergy.com.au/v1/myaccount/bff
2026-07-04T04:00:00.000,0.511,0.17936611,https://api.alintaenergy.com.au/v1/myaccount/bff
2026-07-04T05:00:00.000,0.512,0.17971712,https://api.alintaenergy.com.au/v1/myaccount/bff
2026-07-04T06:00:00.000,0.488,0.17129288,https://api.alintaenergy.com.au/v1/myaccount/bff
2026-07-04T07:00:00.000,0.848,0.29765648,https://api.alintaenergy.com.au/v1/myaccount/bff
2026-07-04T08:00:00.000,0.625,0.21938125,https://api.alintaenergy.com.au/v1/myaccount/bff
2026-07-04T09:00:00.000,1.505,0.52827005,https://api.alintaenergy.com.au/v1/myaccount/bff
2026-07-04T10:00:00.000,0.014,0.00491414,https://api.alintaenergy.com.au/v1/myaccount/bff
2026-07-04T11:00:00.000,0.001,0.00035101,https://api.alintaenergy.com.au/v1/myaccount/bff
2026-07-04T12:00:00.000,0.01,0.0035101,https://api.alintaenergy.com.au/v1/myaccount/bff
2026-07-04T13:00:00.000,0.017,0.00596717,https://api.alintaenergy.com.au/v1/myaccount/bff
2026-07-04T14:00:00.000,0.375,0.13162875,https://api.alintaenergy.com.au/v1/myaccount/bff
2026-07-04T15:00:00.000,0.441,0.15479541,https://api.alintaenergy.com.au/v1/myaccount/bff
2026-07-04T16:00:00.000,1.227,0.43068927,https://api.alintaenergy.com.au/v1/myaccount/bff
2026-07-04T17:00:00.000,0.991,0.34785091,https://api.alintaenergy.com.au/v1/myaccount/bff
2026-07-04T18:00:00.000,0.742,0.26044942,https://api.alintaenergy.com.au/v1/myaccount/bff
2026-07-04T19:00:00.000,0.879,0.30331587,https://api.alintaenergy.com.au/v1/myaccount/bff
2026-07-04T20:00:00.000,2.1630000000000003,0.59833422,https://api.alintaenergy.com.au/v1/myaccount/bff
2026-07-04T21:00:00.000,0.577,0.20253277,https://api.alintaenergy.com.au/v1/myaccount/bff
2026-07-04T22:00:00.000,0.572,0.20077772,https://api.alintaenergy.com.au/v1/myaccount/bff
2026-07-04T23:00:00.000,0.525,0.18428025,https://api.alintaenergy.com.au/v1/myaccount/bff
2026-07-05T00:00:00.000,0.601,0.21095701,https://api.alintaenergy.com.au/v1/myaccount/bff
2026-07-05T01:00:00.000,0.699,0.24535599,https://api.alintaenergy.com.au/v1/myaccount/bff
2026-07-05T02:00:00.000,0.489,0.17164389,https://api.alintaenergy.com.au/v1/myaccount/bff
2026-07-05T03:00:00.000,0.602,0.21130802,https://api.alintaenergy.com.au/v1/myaccount/bff
2026-07-05T04:00:00.000,0.599,0.21025499,https://api.alintaenergy.com.au/v1/myaccount/bff
2026-07-05T05:00:00.000,0.457,0.16041157,https://api.alintaenergy.com.au/v1/myaccount/bff
2026-07-05T06:00:00.000,0.47,0.1649747,https://api.alintaenergy.com.au/v1/myaccount/bff
2026-07-05T07:00:00.000,0.51,0.1790151,https://api.alintaenergy.com.au/v1/myaccount/bff
2026-07-05T08:00:00.000,0.085,0.02983585,https://api.alintaenergy.com.au/v1/myaccount/bff
2026-07-05T09:00:00.000,0.48,0.1684848,https://api.alintaenergy.com.au/v1/myaccount/bff
2026-07-05T10:00:00.000,0.526,0.18463126,https://api.alintaenergy.com.au/v1/myaccount/bff
2026-07-05T11:00:00.000,2.475,0.7514741300000001,https://api.alintaenergy.com.au/v1/myaccount/bff
2026-07-05T12:00:00.000,0.802,0.24386868,https://api.alintaenergy.com.au/v1/myaccount/bff
2026-07-05T13:00:00.000,0.555,0.19481055,https://api.alintaenergy.com.au/v1/myaccount/bff
2026-07-05T14:00:00.000,0.732,0.25693932,https://api.alintaenergy.com.au/v1/myaccount/bff
2026-07-05T15:00:00.000,0.779,0.27343679,https://api.alintaenergy.com.au/v1/myaccount/bff
2026-07-05T16:00:00.000,0.617,0.21657317,https://api.alintaenergy.com.au/v1/myaccount/bff
2026-07-05T17:00:00.000,1.125,0.39488625,https://api.alintaenergy.com.au/v1/myaccount/bff
2026-07-05T18:00:00.000,0.796,0.27940396,https://api.alintaenergy.com.au/v1/myaccount/bff
2026-07-05T19:00:00.000,1.006,0.35311606,https://api.alintaenergy.com.au/v1/myaccount/bff
2026-07-05T20:00:00.000,0.745,0.26150245,https://api.alintaenergy.com.au/v1/myaccount/bff
2026-07-05T21:00:00.000,0.735,0.25799235,https://api.alintaenergy.com.au/v1/myaccount/bff
2026-07-05T22:00:00.000,0.672,0.23587872,https://api.alintaenergy.com.au/v1/myaccount/bff
2026-07-05T23:00:00.000,0.756,0.26536356,https://api.alintaenergy.com.au/v1/myaccount/bff
2026-07-06T00:00:00.000,0.558,0.19586358,https://api.alintaenergy.com.au/v1/myaccount/bff
2026-07-06T01:00:00.000,0.566,0.19867166,https://api.alintaenergy.com.au/v1/myaccount/bff
2026-07-06T02:00:00.000,0.789,0.27694689,https://api.alintaenergy.com.au/v1/myaccount/bff
2026-07-06T03:00:00.000,0.487,0.17094187,https://api.alintaenergy.com.au/v1/myaccount/bff
2026-07-06T04:00:00.000,1.627,0.44380897,https://api.alintaenergy.com.au/v1/myaccount/bff
2026-07-06T05:00:00.000,0.765,0.23468896,https://api.alintaenergy.com.au/v1/myaccount/bff
2026-07-06T06:00:00.000,0.498,0.17480298,https://api.alintaenergy.com.au/v1/myaccount/bff
2026-07-06T07:00:00.000,0.427,0.14988127,https://api.alintaenergy.com.au/v1/myaccount/bff
2026-07-06T08:00:00.000,0.46,0.1614646,https://api.alintaenergy.com.au/v1/myaccount/bff
2026-07-06T09:00:00.000,0.245,0.08599745,https://api.alintaenergy.com.au/v1/myaccount/bff
2026-07-06T10:00:00.000,0.022,0.00772222,https://api.alintaenergy.com.au/v1/myaccount/bff
2026-07-06T11:00:00.000,0.046,0.01614646,https://api.alintaenergy.com.au/v1/myaccount/bff
2026-07-06T12:00:00.000,0.428,0.15023228,https://api.alintaenergy.com.au/v1/myaccount/bff
2026-07-06T13:00:00.000,0.089,0.03123989,https://api.alintaenergy.com.au/v1/myaccount/bff
2026-07-06T14:00:00.000,1.033,0.36259333,https://api.alintaenergy.com.au/v1/myaccount/bff
2026-07-06T15:00:00.000,0.509,0.17866409,https://api.alintaenergy.com.au/v1/myaccount/bff
2026-07-06T16:00:00.000,0.713,0.25027013,https://api.alintaenergy.com.au/v1/myaccount/bff
2026-07-06T17:00:00.000,0.776,0.27238376,https://api.alintaenergy.com.au/v1/myaccount/bff
2026-07-06T18:00:00.000,1.035,0.36329535,https://api.alintaenergy.com.au/v1/myaccount/bff
2026-07-06T19:00:00.000,0.793,0.27835093,https://api.alintaenergy.com.au/v1/myaccount/bff
2026-07-06T20:00:00.000,0.722,0.25342922,https://api.alintaenergy.com.au/v1/myaccount/bff
2026-07-06T21:00:00.000,1.161,0.40752261,https://api.alintaenergy.com.au/v1/myaccount/bff
2026-07-06T22:00:00.000,1.05,0.3685605,https://api.alintaenergy.com.au/v1/myaccount/bff
2026-07-06T23:00:00.000,0.537,0.18849237,https://api.alintaenergy.com.au/v1/myaccount/bff
2026-07-07T00:00:00.000,0.6,0.210606,https://api.alintaenergy.com.au/v1/myaccount/bff
2026-07-07T01:00:00.000,0.833,0.29239133,https://api.alintaenergy.com.au/v1/myaccount/bff
2026-07-07T02:00:00.000,1.935,0.55812108,https://api.alintaenergy.com.au/v1/myaccount/bff
2026-07-07T03:00:00.000,0.9289999999999999,0.28812058,https://api.alintaenergy.com.au/v1/myaccount/bff
2026-07-07T04:00:00.000,0.479,0.16813379,https://api.alintaenergy.com.au/v1/myaccount/bff
2026-07-07T05:00:00.000,0.442,0.15514642,https://api.alintaenergy.com.au/v1/myaccount/bff
2026-07-07T06:00:00.000,0.439,0.15409339,https://api.alintaenergy.com.au/v1/myaccount/bff
2026-07-07T07:00:00.000,0.47,0.1649747,https://api.alintaenergy.com.au/v1/myaccount/bff
2026-07-07T08:00:00.000,0.094,0.03299494,https://api.alintaenergy.com.au/v1/myaccount/bff
2026-07-07T09:00:00.000,0.023,0.00807323,https://api.alintaenergy.com.au/v1/myaccount/bff
2026-07-07T10:00:00.000,0.002,0.00070202,https://api.alintaenergy.com.au/v1/myaccount/bff
2026-07-07T11:00:00.000,0.906,0.31801506,https://api.alintaenergy.com.au/v1/myaccount/bff
2026-07-07T12:00:00.000,1.159,0.40682059,https://api.alintaenergy.com.au/v1/myaccount/bff
2026-07-07T13:00:00.000,0.035,0.01228535,https://api.alintaenergy.com.au/v1/myaccount/bff
2026-07-07T14:00:00.000,0.017,0.00596717,https://api.alintaenergy.com.au/v1/myaccount/bff
2026-07-07T15:00:00.000,0.398,0.13970198,https://api.alintaenergy.com.au/v1/myaccount/bff
2026-07-07T16:00:00.000,0.715,0.25097215,https://api.alintaenergy.com.au/v1/myaccount/bff
2026-07-07T17:00:00.000,0.753,0.26431053,https://api.alintaenergy.com.au/v1/myaccount/bff
2026-07-07T18:00:00.000,0.844,0.29625244,https://api.alintaenergy.com.au/v1/myaccount/bff
2026-07-07T19:00:00.000,0.771,0.27062871,https://api.alintaenergy.com.au/v1/myaccount/bff
2026-07-07T20:00:00.000,0.653,0.22920953,https://api.alintaenergy.com.au/v1/myaccount/bff
2026-07-07T21:00:00.000,0.77,0.2702777,https://api.alintaenergy.com.au/v1/myaccount/bff
2026-07-07T22:00:00.000,0.634,0.22243154999999998,https://api.alintaenergy.com.au/v1/myaccount/bff
2026-07-07T23:00:00.000,0.687,0.24114387,https://api.alintaenergy.com.au/v1/myaccount/bff
2026-07-08T00:00:00.000,0.566,0.19867166,https://api.alintaenergy.com.au/v1/myaccount/bff
2026-07-08T01:00:00.000,0.599,0.21025499,https://api.alintaenergy.com.au/v1/myaccount/bff
2026-07-08T02:00:00.000,0.816,0.28642416,https://api.alintaenergy.com.au/v1/myaccount/bff
2026-07-08T03:00:00.000,0.531,0.18638631,https://api.alintaenergy.com.au/v1/myaccount/bff
2026-07-08T04:00:00.000,0.573,0.20112873,https://api.alintaenergy.com.au/v1/myaccount/bff
2026-07-08T05:00:00.000,0.458,0.16076258,https://api.alintaenergy.com.au/v1/myaccount/bff
2026-07-08T06:00:00.000,1.652,0.4484502,https://api.alintaenergy.com.au/v1/myaccount/bff
2026-07-08T07:00:00.000,0.921,0.26660062,https://api.alintaenergy.com.au/v1/myaccount/bff
2026-07-08T08:00:00.000,0.044,0.01544444,https://api.alintaenergy.com.au/v1/myaccount/bff
2026-07-08T09:00:00.000,0.001,0.00035101,https://api.alintaenergy.com.au/v1/myaccount/bff
2026-07-08T10:00:00.000,0.029,0.01017929,https://api.alintaenergy.com.au/v1/myaccount/bff
2026-07-08T11:00:00.000,0.054,0.01895454,https://api.alintaenergy.com.au/v1/myaccount/bff
2026-07-08T12:00:00.000,0.039,0.01368939,https://api.alintaenergy.com.au/v1/myaccount/bff
2026-07-08T13:00:00.000,0.413,0.14496713,https://api.alintaenergy.com.au/v1/myaccount/bff
2026-07-08T14:00:00.000,0.097,0.03404797,https://api.alintaenergy.com.au/v1/myaccount/bff
2026-07-08T15:00:00.000,0.323,0.11337623,https://api.alintaenergy.com.au/v1/myaccount/bff
2026-07-08T16:00:00.000,0.599,0.21025499,https://api.alintaenergy.com.au/v1/myaccount/bff
2026-07-08T17:00:00.000,0.955,0.33521455,https://api.alintaenergy.com.au/v1/myaccount/bff
2026-07-08T18:00:00.000,1.554,0.54546954,https://api.alintaenergy.com.au/v1/myaccount/bff
2026-07-08T19:00:00.000,1.203,0.42226503,https://api.alintaenergy.com.au/v1/myaccount/bff
2026-07-08T20:00:00.000,0.662,0.23236862,https://api.alintaenergy.com.au/v1/myaccount/bff
2026-07-08T21:00:00.000,0.577,0.20253277,https://api.alintaenergy.com.au/v1/myaccount/bff
2026-07-08T22:00:00.000,0.777,0.27273477,https://api.alintaenergy.com.au/v1/myaccount/bff
2026-07-08T23:00:00.000,0.656,0.23026256,https://api.alintaenergy.com.au/v1/myaccount/bff
2026-07-09T00:00:00.000,0.553,0.19410853,https://api.alintaenergy.com.au/v1/myaccount/bff
2026-07-09T01:00:00.000,0.767,0.26922467,https://api.alintaenergy.com.au/v1/myaccount/bff
2026-07-09T02:00:00.000,0.75,0.2632575,https://api.alintaenergy.com.au/v1/myaccount/bff
2026-07-09T03:00:00.000,0.839,0.25990217000000004,https://api.alintaenergy.com.au/v1/myaccount/bff
2026-07-09T04:00:00.000,1.6229999999999998,0.44458073,https://api.alintaenergy.com.au/v1/myaccount/bff
2026-07-09T05:00:00.000,0.529,0.18568429,https://api.alintaenergy.com.au/v1/myaccount/bff
2026-07-09T06:00:00.000,0.47,0.1649747,https://api.alintaenergy.com.au/v1/myaccount/bff
2026-07-09T07:00:00.000,0.496,0.17410096,https://api.alintaenergy.com.au/v1/myaccount/bff
2026-07-09T08:00:00.000,0.074,0.02597474,https://api.alintaenergy.com.au/v1/myaccount/bff
2026-07-09T09:00:00.000,0.027,0.00947727,https://api.alintaenergy.com.au/v1/myaccount/bff
2026-07-09T10:00:00.000,0.007,0.00245707,https://api.alintaenergy.com.au/v1/myaccount/bff
2026-07-09T11:00:00.000,0.331,0.11618431,https://api.alintaenergy.com.au/v1/myaccount/bff
2026-07-09T12:00:00.000,0.026,0.00912626,https://api.alintaenergy.com.au/v1/myaccount/bff
2026-07-09T13:00:00.000,0.002,0.00070202,https://api.alintaenergy.com.au/v1/myaccount/bff
2026-07-09T14:00:00.000,0.068,0.02386868,https://api.alintaenergy.com.au/v1/myaccount/bff
2026-07-09T15:00:00.000,0.14,0.0491414,https://api.alintaenergy.com.au/v1/myaccount/bff
2026-07-09T16:00:00.000,0.578,0.20288378,https://api.alintaenergy.com.au/v1/myaccount/bff
2026-07-09T17:00:00.000,0.764,0.26817164,https://api.alintaenergy.com.au/v1/myaccount/bff
2026-07-09T18:00:00.000,1.005,0.35276505,https://api.alintaenergy.com.au/v1/myaccount/bff
2026-07-09T19:00:00.000,0.858,0.30116658,https://api.alintaenergy.com.au/v1/myaccount/bff
2026-07-09T20:00:00.000,0.907,0.31836607,https://api.alintaenergy.com.au/v1/myaccount/bff
2026-07-09T21:00:00.000,0.552,0.19375752,https://api.alintaenergy.com.au/v1/myaccount/bff
2026-07-09T22:00:00.000,0.61,0.2141161,https://api.alintaenergy.com.au/v1/myaccount/bff
2026-07-09T23:00:00.000,0.48,0.1684848,https://api.alintaenergy.com.au/v1/myaccount/bff
2026-07-10T00:00:00.000,0.475,0.16672975,https://api.alintaenergy.com.au/v1/myaccount/bff
2026-07-10T01:00:00.000,0.53,0.1860353,https://api.alintaenergy.com.au/v1/myaccount/bff
2026-07-10T02:00:00.000,0.754,0.26466154,https://api.alintaenergy.com.au/v1/myaccount/bff
2026-07-10T03:00:00.000,0.441,0.15479541,https://api.alintaenergy.com.au/v1/myaccount/bff
2026-07-10T04:00:00.000,1.006,0.29730679,https://api.alintaenergy.com.au/v1/myaccount/bff
2026-07-10T05:00:00.000,1.824,0.48804503,https://api.alintaenergy.com.au/v1/myaccount/bff
2026-07-10T06:00:00.000,0.441,0.15479541,https://api.alintaenergy.com.au/v1/myaccount/bff
2026-07-10T07:00:00.000,0.429,0.15058329,https://api.alintaenergy.com.au/v1/myaccount/bff
2026-07-10T08:00:00.000,0.24,0.0842424,https://api.alintaenergy.com.au/v1/myaccount/bff
2026-07-10T09:00:00.000,0.079,0.02772979,https://api.alintaenergy.com.au/v1/myaccount/bff
2026-07-10T10:00:00.000,0.002,0.00070202,https://api.alintaenergy.com.au/v1/myaccount/bff
2026-07-10T11:00:00.000,0.331,0.11618431,https://api.alintaenergy.com.au/v1/myaccount/bff
2026-07-10T12:00:00.000,0.175,0.06142675,https://api.alintaenergy.com.au/v1/myaccount/bff
2026-07-10T13:00:00.000,0.079,0.02772979,https://api.alintaenergy.com.au/v1/myaccount/bff
2026-07-10T14:00:00.000,0.186,0.06528786,https://api.alintaenergy.com.au/v1/myaccount/bff
2026-07-10T15:00:00.000,0.215,0.07546715,https://api.alintaenergy.com.au/v1/myaccount/bff
2026-07-10T16:00:00.000,0.61,0.2141161,https://api.alintaenergy.com.au/v1/myaccount/bff
2026-07-10T17:00:00.000,0.661,0.23201761,https://api.alintaenergy.com.au/v1/myaccount/bff
2026-07-10T18:00:00.000,0.922,0.32363122,https://api.alintaenergy.com.au/v1/myaccount/bff
2026-07-10T19:00:00.000,1.289,0.45245189,https://api.alintaenergy.com.au/v1/myaccount/bff
2026-07-10T20:00:00.000,0.981,0.34434081,https://api.alintaenergy.com.au/v1/myaccount/bff
2026-07-10T21:00:00.000,0.628,0.22043428,https://api.alintaenergy.com.au/v1/myaccount/bff
2026-07-10T22:00:00.000,2.05,0.6009894,https://api.alintaenergy.com.au/v1/myaccount/bff
2026-07-10T23:00:00.000,1.214,0.37521242,https://api.alintaenergy.com.au/v1/myaccount/bff
2026-07-11T00:00:00.000,0.496,0.17410096,https://api.alintaenergy.com.au/v1/myaccount/bff
2026-07-11T01:00:00.000,0.58,0.2035858,https://api.alintaenergy.com.au/v1/myaccount/bff
2026-07-11T02:00:00.000,0.732,0.25693932,https://api.alintaenergy.com.au/v1/myaccount/bff
2026-07-11T03:00:00.000,0.569,0.19972469,https://api.alintaenergy.com.au/v1/myaccount/bff
2026-07-11T04:00:00.000,0.546,0.19165146,https://api.alintaenergy.com.au/v1/myaccount/bff
2026-07-11T05:00:00.000,0.466,0.16357066,https://api.alintaenergy.com.au/v1/myaccount/bff
2026-07-11T06:00:00.000,0.445,0.15619945,https://api.alintaenergy.com.au/v1/myaccount/bff
2026-07-11T07:00:00.000,1.506,0.41439156,https://api.alintaenergy.com.au/v1/myaccount/bff
2026-07-11T08:00:00.000,0.718,0.18881819,https://api.alintaenergy.com.au/v1/myaccount/bff
2026-07-11T09:00:00.000,0.022,0.00772222,https://api.alintaenergy.com.au/v1/myaccount/bff
2026-07-11T10:00:00.000,0,0,https://api.alintaenergy.com.au/v1/myaccount/bff
2026-07-11T11:00:00.000,0,0,https://api.alintaenergy.com.au/v1/myaccount/bff
2026-07-11T12:00:00.000,0.006,0.00210606,https://api.alintaenergy.com.au/v1/myaccount/bff
2026-07-11T13:00:00.000,0.225,0.07897725,https://api.alintaenergy.com.au/v1/myaccount/bff
2026-07-11T14:00:00.000,0.104,0.03650504,https://api.alintaenergy.com.au/v1/myaccount/bff
2026-07-11T15:00:00.000,0.348,0.12215148,https://api.alintaenergy.com.au/v1/myaccount/bff
2026-07-11T16:00:00.000,0.79,0.2772979,https://api.alintaenergy.com.au/v1/myaccount/bff
2026-07-11T17:00:00.000,0.744,0.26115144,https://api.alintaenergy.com.au/v1/myaccount/bff
2026-07-11T18:00:00.000,0.892,0.31310092,https://api.alintaenergy.com.au/v1/myaccount/bff
2026-07-11T19:00:00.000,0.78,0.2737878,https://api.alintaenergy.com.au/v1/myaccount/bff
2026-07-11T20:00:00.000,0.699,0.24535599,https://api.alintaenergy.com.au/v1/myaccount/bff
2026-07-11T21:00:00.000,0.742,0.26044942,https://api.alintaenergy.com.au/v1/myaccount/bff
2026-07-11T22:00:00.000,0.636,0.22324236,https://api.alintaenergy.com.au/v1/myaccount/bff
2026-07-11T23:00:00.000,0.66,0.2316666,https://api.alintaenergy.com.au/v1/myaccount/bff
2026-07-12T00:00:00.000,0.549,0.19270449,https://api.alintaenergy.com.au/v1/myaccount/bff
2026-07-12T01:00:00.000,0.688,0.24149488,https://api.alintaenergy.com.au/v1/myaccount/bff
2026-07-12T02:00:00.000,0.493,0.17304793,https://api.alintaenergy.com.au/v1/myaccount/bff
2026-07-12T03:00:00.000,0.476,0.16708076,https://api.alintaenergy.com.au/v1/myaccount/bff
2026-07-12T04:00:00.000,0.49,0.1719949,https://api.alintaenergy.com.au/v1/myaccount/bff
2026-07-12T05:00:00.000,0.453,0.15900753,https://api.alintaenergy.com.au/v1/myaccount/bff
2026-07-12T06:00:00.000,0.51,0.1790151,https://api.alintaenergy.com.au/v1/myaccount/bff
2026-07-12T07:00:00.000,0.477,0.16743177,https://api.alintaenergy.com.au/v1/myaccount/bff
2026-07-12T08:00:00.000,0.329,0.11548229,https://api.alintaenergy.com.au/v1/myaccount/bff
2026-07-12T09:00:00.000,1.988,0.69780788,https://api.alintaenergy.com.au/v1/myaccount/bff
2026-07-12T10:00:00.000,3.8899999999999997,1.27491562,https://api.alintaenergy.com.au/v1/myaccount/bff
2026-07-12T11:00:00.000,3.031,0.97840237,https://api.alintaenergy.com.au/v1/myaccount/bff
2026-07-12T12:00:00.000,1.839,0.64550739,https://api.alintaenergy.com.au/v1/myaccount/bff
2026-07-12T13:00:00.000,0.506,0.17761106,https://api.alintaenergy.com.au/v1/myaccount/bff
2026-07-12T14:00:00.000,0.038,0.01333838,https://api.alintaenergy.com.au/v1/myaccount/bff
2026-07-12T15:00:00.000,0.609,0.21376509,https://api.alintaenergy.com.au/v1/myaccount/bff
2026-07-12T16:00:00.000,0.675,0.23693175,https://api.alintaenergy.com.au/v1/myaccount/bff
2026-07-12T17:00:00.000,1.515,0.53178015,https://api.alintaenergy.com.au/v1/myaccount/bff
2026-07-12T18:00:00.000,1.14,0.4001514,https://api.alintaenergy.com.au/v1/myaccount/bff
2026-07-12T19:00:00.000,0.746,0.26185346,https://api.alintaenergy.com.au/v1/myaccount/bff
2026-07-12T20:00:00.000,0.794,0.27870194,https://api.alintaenergy.com.au/v1/myaccount/bff
2026-07-12T21:00:00.000,0.645,0.22640145,https://api.alintaenergy.com.au/v1/myaccount/bff
2026-07-12T22:00:00.000,0.654,0.22956054,https://api.alintaenergy.com.au/v1/myaccount/bff
2026-07-12T23:00:00.000,0.812,0.28502012,https://api.alintaenergy.com.au/v1/myaccount/bff
2026-07-13T00:00:00.000,0.474,0.16637874,https://api.alintaenergy.com.au/v1/myaccount/bff
2026-07-13T01:00:00.000,0.521,0.18287621,https://api.alintaenergy.com.au/v1/myaccount/bff
2026-07-13T02:00:00.000,0.784,0.27519184,https://api.alintaenergy.com.au/v1/myaccount/bff
2026-07-13T03:00:00.000,0.501,0.17585601,https://api.alintaenergy.com.au/v1/myaccount/bff
2026-07-13T04:00:00.000,0.483,0.16953783,https://api.alintaenergy.com.au/v1/myaccount/bff
2026-07-13T05:00:00.000,0.422,0.14812622,https://api.alintaenergy.com.au/v1/myaccount/bff
2026-07-13T06:00:00.000,2.076,0.5498460000000001,https://api.alintaenergy.com.au/v1/myaccount/bff
2026-07-13T07:00:00.000,0.504,0.16613883000000002,https://api.alintaenergy.com.au/v1/myaccount/bff
2026-07-13T08:00:00.000,0.024,0.00842424,https://api.alintaenergy.com.au/v1/myaccount/bff
2026-07-13T09:00:00.000,0,0,https://api.alintaenergy.com.au/v1/myaccount/bff
2026-07-13T10:00:00.000,0.002,0.00070202,https://api.alintaenergy.com.au/v1/myaccount/bff
2026-07-13T11:00:00.000,0,0,https://api.alintaenergy.com.au/v1/myaccount/bff
2026-07-13T12:00:00.000,0,0,https://api.alintaenergy.com.au/v1/myaccount/bff
2026-07-13T13:00:00.000,0.097,0.03404797,https://api.alintaenergy.com.au/v1/myaccount/bff
2026-07-13T14:00:00.000,0.004,0.00140404,https://api.alintaenergy.com.au/v1/myaccount/bff
2026-07-13T15:00:00.000,0.206,0.07230806,https://api.alintaenergy.com.au/v1/myaccount/bff
2026-07-13T16:00:00.000,0.674,0.23658074,https://api.alintaenergy.com.au/v1/myaccount/bff
2026-07-13T17:00:00.000,1.02,0.3580302,https://api.alintaenergy.com.au/v1/myaccount/bff
2026-07-13T18:00:00.000,2.101,0.73747201,https://api.alintaenergy.com.au/v1/myaccount/bff
2026-07-13T19:00:00.000,0.767,0.26922467,https://api.alintaenergy.com.au/v1/myaccount/bff
2026-07-13T20:00:00.000,0.762,0.26746962,https://api.alintaenergy.com.au/v1/myaccount/bff
2026-07-13T21:00:00.000,0.815,0.28607315,https://api.alintaenergy.com.au/v1/myaccount/bff
2026-07-13T22:00:00.000,0.905,0.31766405,https://api.alintaenergy.com.au/v1/myaccount/bff
2026-07-13T23:00:00.000,0.64,0.2246464,https://api.alintaenergy.com.au/v1/myaccount/bff
2026-07-14T00:00:00.000,0.578,0.20288378,https://api.alintaenergy.com.au/v1/myaccount/bff
2026-07-14T01:00:00.000,0.731,0.25658831,https://api.alintaenergy.com.au/v1/myaccount/bff
2026-07-14T02:00:00.000,0.749,0.26290649,https://api.alintaenergy.com.au/v1/myaccount/bff
2026-07-14T03:00:00.000,0.479,0.16813379,https://api.alintaenergy.com.au/v1/myaccount/bff
2026-07-14T04:00:00.000,0.465,0.16321965,https://api.alintaenergy.com.au/v1/myaccount/bff
2026-07-14T05:00:00.000,0.438,0.15374238,https://api.alintaenergy.com.au/v1/myaccount/bff
2026-07-14T06:00:00.000,0.524,0.18392924,https://api.alintaenergy.com.au/v1/myaccount/bff
2026-07-14T07:00:00.000,0.532,0.18673732,https://api.alintaenergy.com.au/v1/myaccount/bff
2026-07-14T08:00:00.000,0.176,0.06177776,https://api.alintaenergy.com.au/v1/myaccount/bff
2026-07-14T09:00:00.000,0.018,0.00631818,https://api.alintaenergy.com.au/v1/myaccount/bff
2026-07-14T10:00:00.000,0.02,0.0070202,https://api.alintaenergy.com.au/v1/myaccount/bff
2026-07-14T11:00:00.000,0,0,https://api.alintaenergy.com.au/v1/myaccount/bff
2026-07-14T12:00:00.000,0.061,0.02141161,https://api.alintaenergy.com.au/v1/myaccount/bff
2026-07-14T13:00:00.000,0.001,0.00035101,https://api.alintaenergy.com.au/v1/myaccount/bff
2026-07-14T14:00:00.000,0.076,0.02667676,https://api.alintaenergy.com.au/v1/myaccount/bff
2026-07-14T15:00:00.000,0.38,0.1333838,https://api.alintaenergy.com.au/v1/myaccount/bff
2026-07-14T16:00:00.000,0.66,0.2316666,https://api.alintaenergy.com.au/v1/myaccount/bff
2026-07-14T17:00:00.000,0.871,0.30572971,https://api.alintaenergy.com.au/v1/myaccount/bff
2026-07-14T18:00:00.000,1.186,0.41629786,https://api.alintaenergy.com.au/v1/myaccount/bff
2026-07-14T19:00:00.000,0.83,0.2913383,https://api.alintaenergy.com.au/v1/myaccount/bff
2026-07-14T20:00:00.000,0.752,0.26395952,https://api.alintaenergy.com.au/v1/myaccount/bff
2026-07-14T21:00:00.000,0.635,0.22289135,https://api.alintaenergy.com.au/v1/myaccount/bff
2026-07-14T22:00:00.000,0.652,0.22885852,https://api.alintaenergy.com.au/v1/myaccount/bff
2026-07-14T23:00:00.000,0.56,0.1965656,https://api.alintaenergy.com.au/v1/myaccount/bff
2026-07-15T00:00:00.000,0.477,0.16743177,https://api.alintaenergy.com.au/v1/myaccount/bff
2026-07-15T01:00:00.000,0.515,0.18077015,https://api.alintaenergy.com.au/v1/myaccount/bff
2026-07-15T02:00:00.000,0.768,0.26957568,https://api.alintaenergy.com.au/v1/myaccount/bff
2026-07-15T03:00:00.000,0.515,0.18077015,https://api.alintaenergy.com.au/v1/myaccount/bff
2026-07-15T04:00:00.000,0.486,0.17059086,https://api.alintaenergy.com.au/v1/myaccount/bff
2026-07-15T05:00:00.000,0.519,0.18217419,https://api.alintaenergy.com.au/v1/myaccount/bff
2026-07-15T06:00:00.000,0.539,0.18919439,https://api.alintaenergy.com.au/v1/myaccount/bff
2026-07-15T07:00:00.000,1.421,0.49878521,https://api.alintaenergy.com.au/v1/myaccount/bff
2026-07-15T08:00:00.000,1.682,0.59039882,https://api.alintaenergy.com.au/v1/myaccount/bff
2026-07-15T09:00:00.000,0.543,0.19059843,https://api.alintaenergy.com.au/v1/myaccount/bff
2026-07-15T10:00:00.000,1.2690000000000001,0.40235085000000004,https://api.alintaenergy.com.au/v1/myaccount/bff
2026-07-15T11:00:00.000,1.7570000000000001,0.49988411,https://api.alintaenergy.com.au/v1/myaccount/bff
2026-07-15T12:00:00.000,0.406,0.14251006,https://api.alintaenergy.com.au/v1/myaccount/bff
2026-07-15T13:00:00.000,0.295,0.10354795,https://api.alintaenergy.com.au/v1/myaccount/bff
2026-07-15T14:00:00.000,0.367,0.12882067,https://api.alintaenergy.com.au/v1/myaccount/bff
2026-07-15T15:00:00.000,0.749,0.26290649,https://api.alintaenergy.com.au/v1/myaccount/bff
2026-07-15T16:00:00.000,0.748,0.26255548,https://api.alintaenergy.com.au/v1/myaccount/bff
2026-07-15T17:00:00.000,0.883,0.30994183,https://api.alintaenergy.com.au/v1/myaccount/bff
2026-07-15T18:00:00.000,1.994,0.69991394,https://api.alintaenergy.com.au/v1/myaccount/bff
2026-07-15T19:00:00.000,0.827,0.29028527,https://api.alintaenergy.com.au/v1/myaccount/bff
2026-07-15T20:00:00.000,0.652,0.22885852,https://api.alintaenergy.com.au/v1/myaccount/bff
2026-07-15T21:00:00.000,0.613,0.21516913,https://api.alintaenergy.com.au/v1/myaccount/bff
2026-07-15T22:00:00.000,0.797,0.27975497,https://api.alintaenergy.com.au/v1/myaccount/bff
2026-07-15T23:00:00.000,0.637,0.22348458,https://api.alintaenergy.com.au/v1/myaccount/bff
2026-07-16T00:00:00.000,0.504,0.17690904,https://api.alintaenergy.com.au/v1/myaccount/bff
2026-07-16T01:00:00.000,0.759,0.26641659,https://api.alintaenergy.com.au/v1/myaccount/bff
2026-07-16T02:00:00.000,0.731,0.25658831,https://api.alintaenergy.com.au/v1/myaccount/bff
2026-07-16T03:00:00.000,0.431,0.15128531,https://api.alintaenergy.com.au/v1/myaccount/bff
2026-07-16T04:00:00.000,0.423,0.14847723,https://api.alintaenergy.com.au/v1/myaccount/bff
2026-07-16T05:00:00.000,0.455,0.15970955,https://api.alintaenergy.com.au/v1/myaccount/bff
2026-07-16T06:00:00.000,0.474,0.16637874,https://api.alintaenergy.com.au/v1/myaccount/bff
2026-07-16T07:00:00.000,0.68,0.2386868,https://api.alintaenergy.com.au/v1/myaccount/bff
2026-07-16T08:00:00.000,0.158,0.05545958,https://api.alintaenergy.com.au/v1/myaccount/bff
2026-07-16T09:00:00.000,0.032,0.01123232,https://api.alintaenergy.com.au/v1/myaccount/bff
2026-07-16T10:00:00.000,0.015,0.00526515,https://api.alintaenergy.com.au/v1/myaccount/bff
2026-07-16T11:00:00.000,0.066,0.02316666,https://api.alintaenergy.com.au/v1/myaccount/bff
2026-07-16T12:00:00.000,0.307,0.10776007,https://api.alintaenergy.com.au/v1/myaccount/bff
2026-07-16T13:00:00.000,0.511,0.17936611,https://api.alintaenergy.com.au/v1/myaccount/bff
2026-07-16T14:00:00.000,1.936,0.5299691099999999,https://api.alintaenergy.com.au/v1/myaccount/bff
2026-07-16T15:00:00.000,0.757,0.2229601,https://api.alintaenergy.com.au/v1/myaccount/bff
2026-07-16T16:00:00.000,0.676,0.23728276,https://api.alintaenergy.com.au/v1/myaccount/bff
2026-07-16T17:00:00.000,1.666,0.58478266,https://api.alintaenergy.com.au/v1/myaccount/bff
2026-07-16T18:00:00.000,0.952,0.33416152,https://api.alintaenergy.com.au/v1/myaccount/bff
2026-07-16T19:00:00.000,0.679,0.23833579,https://api.alintaenergy.com.au/v1/myaccount/bff
2026-07-16T20:00:00.000,0.74,0.2597474,https://api.alintaenergy.com.au/v1/myaccount/bff
2026-07-16T21:00:00.000,2.226,0.60848095,https://api.alintaenergy.com.au/v1/myaccount/bff
2026-07-16T22:00:00.000,0.577,0.20177124,https://api.alintaenergy.com.au/v1/myaccount/bff
2026-07-16T23:00:00.000,0.538,0.18884338,https://api.alintaenergy.com.au/v1/myaccount/bff
2026-07-17T00:00:00.000,0.508,0.17831308,https://api.alintaenergy.com.au/v1/myaccount/bff
2026-07-17T01:00:00.000,0.56,0.1965656,https://api.alintaenergy.com.au/v1/myaccount/bff
2026-07-17T02:00:00.000,0.744,0.26115144,https://api.alintaenergy.com.au/v1/myaccount/bff
2026-07-17T03:00:00.000,0.495,0.17374995,https://api.alintaenergy.com.au/v1/myaccount/bff
2026-07-17T04:00:00.000,0.489,0.17164389,https://api.alintaenergy.com.au/v1/myaccount/bff
2026-07-17T05:00:00.000,1.314,0.38942574,https://api.alintaenergy.com.au/v1/myaccount/bff
2026-07-17T06:00:00.000,2.383,0.64781497,https://api.alintaenergy.com.au/v1/myaccount/bff
2026-07-17T07:00:00.000,1.4829999999999999,0.51826324,https://api.alintaenergy.com.au/v1/myaccount/bff
2026-07-17T08:00:00.000,1.045,0.36680545,https://api.alintaenergy.com.au/v1/myaccount/bff
2026-07-17T09:00:00.000,0.34,0.1193434,https://api.alintaenergy.com.au/v1/myaccount/bff
2026-07-17T10:00:00.000,1.065,0.37382565,https://api.alintaenergy.com.au/v1/myaccount/bff
2026-07-17T11:00:00.000,1.056,0.37066656,https://api.alintaenergy.com.au/v1/myaccount/bff
2026-07-17T12:00:00.000,0.166,0.05826766,https://api.alintaenergy.com.au/v1/myaccount/bff
2026-07-17T13:00:00.000,0.394,0.13829794,https://api.alintaenergy.com.au/v1/myaccount/bff
2026-07-17T14:00:00.000,0.608,0.21341408,https://api.alintaenergy.com.au/v1/myaccount/bff
2026-07-17T15:00:00.000,0.409,0.14356309,https://api.alintaenergy.com.au/v1/myaccount/bff
2026-07-17T16:00:00.000,1.335,0.40354193,https://api.alintaenergy.com.au/v1/myaccount/bff
2026-07-17T17:00:00.000,1.7770000000000001,0.51386687,https://api.alintaenergy.com.au/v1/myaccount/bff
2026-07-17T18:00:00.000,1.367,0.47983067,https://api.alintaenergy.com.au/v1/myaccount/bff
2026-07-17T19:00:00.000,1.517,0.53248217,https://api.alintaenergy.com.au/v1/myaccount/bff
2026-07-17T20:00:00.000,1.482,0.52019682,https://api.alintaenergy.com.au/v1/myaccount/bff
2026-07-17T21:00:00.000,0.704,0.24711104,https://api.alintaenergy.com.au/v1/myaccount/bff
2026-07-17T22:00:00.000,0.929,0.32608829,https://api.alintaenergy.com.au/v1/myaccount/bff
2026-07-17T23:00:00.000,0.762,0.26746962,https://api.alintaenergy.com.au/v1/myaccount/bff
2026-07-18T00:00:00.000,0.558,0.19586358,https://api.alintaenergy.com.au/v1/myaccount/bff
2026-07-18T01:00:00.000,0.636,0.22324236,https://api.alintaenergy.com.au/v1/myaccount/bff
2026-07-18T02:00:00.000,0.757,0.26571457,https://api.alintaenergy.com.au/v1/myaccount/bff
2026-07-18T03:00:00.000,0.514,0.18041914,https://api.alintaenergy.com.au/v1/myaccount/bff
2026-07-18T04:00:00.000,0.883,0.27055985,https://api.alintaenergy.com.au/v1/myaccount/bff
2026-07-18T05:00:00.000,1.608,0.44094743000000003,https://api.alintaenergy.com.au/v1/myaccount/bff
2026-07-18T06:00:00.000,0.443,0.15549743,https://api.alintaenergy.com.au/v1/myaccount/bff
2026-07-18T07:00:00.000,0.478,0.16778278,https://api.alintaenergy.com.au/v1/myaccount/bff
2026-07-18T08:00:00.000,0.106,0.03720706,https://api.alintaenergy.com.au/v1/myaccount/bff
2026-07-18T09:00:00.000,0,0,https://api.alintaenergy.com.au/v1/myaccount/bff
2026-07-18T10:00:00.000,0.018,0.00631818,https://api.alintaenergy.com.au/v1/myaccount/bff
2026-07-18T11:00:00.000,0.012,0.00421212,https://api.alintaenergy.com.au/v1/myaccount/bff
2026-07-18T12:00:00.000,0.118,0.04141918,https://api.alintaenergy.com.au/v1/myaccount/bff
2026-07-18T13:00:00.000,0.065,0.02281565,https://api.alintaenergy.com.au/v1/myaccount/bff
2026-07-18T14:00:00.000,0.205,0.07195705,https://api.alintaenergy.com.au/v1/myaccount/bff
2026-07-18T15:00:00.000,0.346,0.12144946,https://api.alintaenergy.com.au/v1/myaccount/bff
2026-07-18T16:00:00.000,0.691,0.24254791,https://api.alintaenergy.com.au/v1/myaccount/bff
2026-07-18T17:00:00.000,0.851,0.29870951,https://api.alintaenergy.com.au/v1/myaccount/bff
2026-07-18T18:00:00.000,0.739,0.25939639,https://api.alintaenergy.com.au/v1/myaccount/bff
2026-07-18T19:00:00.000,0.772,0.27097972,https://api.alintaenergy.com.au/v1/myaccount/bff
2026-07-18T20:00:00.000,1.338,0.40807624,https://api.alintaenergy.com.au/v1/myaccount/bff
2026-07-18T21:00:00.000,1.65,0.47679511,https://api.alintaenergy.com.au/v1/myaccount/bff
2026-07-18T22:00:00.000,0.591,0.20744691,https://api.alintaenergy.com.au/v1/myaccount/bff
2026-07-18T23:00:00.000,0.513,0.18006813,https://api.alintaenergy.com.au/v1/myaccount/bff
2026-07-19T00:00:00.000,0.613,0.21516913,https://api.alintaenergy.com.au/v1/myaccount/bff
2026-07-19T01:00:00.000,0.704,0.24711104,https://api.alintaenergy.com.au/v1/myaccount/bff
2026-07-19T02:00:00.000,0.478,0.16778278,https://api.alintaenergy.com.au/v1/myaccount/bff
2026-07-19T03:00:00.000,0.473,0.16602773,https://api.alintaenergy.com.au/v1/myaccount/bff
2026-07-19T04:00:00.000,0.531,0.18638631,https://api.alintaenergy.com.au/v1/myaccount/bff
2026-07-19T05:00:00.000,0.477,0.16743177,https://api.alintaenergy.com.au/v1/myaccount/bff
2026-07-19T06:00:00.000,0.503,0.17655803,https://api.alintaenergy.com.au/v1/myaccount/bff
2026-07-19T07:00:00.000,0.412,0.14461612,https://api.alintaenergy.com.au/v1/myaccount/bff
2026-07-19T08:00:00.000,0.199,0.06985099,https://api.alintaenergy.com.au/v1/myaccount/bff
2026-07-19T09:00:00.000,0.066,0.02316666,https://api.alintaenergy.com.au/v1/myaccount/bff
2026-07-19T10:00:00.000,0.265,0.09301765,https://api.alintaenergy.com.au/v1/myaccount/bff
2026-07-19T11:00:00.000,0.004,0.00140404,https://api.alintaenergy.com.au/v1/myaccount/bff
2026-07-19T12:00:00.000,0.048,0.01684848,https://api.alintaenergy.com.au/v1/myaccount/bff
2026-07-19T13:00:00.000,0.184,0.06458584,https://api.alintaenergy.com.au/v1/myaccount/bff
2026-07-19T14:00:00.000,0.934,0.32784334,https://api.alintaenergy.com.au/v1/myaccount/bff
2026-07-19T15:00:00.000,0.662,0.23236862,https://api.alintaenergy.com.au/v1/myaccount/bff
2026-07-19T16:00:00.000,0.79,0.2772979,https://api.alintaenergy.com.au/v1/myaccount/bff
2026-07-19T17:00:00.000,0.728,0.25553528,https://api.alintaenergy.com.au/v1/myaccount/bff
2026-07-19T18:00:00.000,0.862,0.30257062,https://api.alintaenergy.com.au/v1/myaccount/bff
2026-07-19T19:00:00.000,0.749,0.26290649,https://api.alintaenergy.com.au/v1/myaccount/bff
2026-07-19T20:00:00.000,0.737,0.25869437,https://api.alintaenergy.com.au/v1/myaccount/bff
2026-07-19T21:00:00.000,0.609,0.21376509,https://api.alintaenergy.com.au/v1/myaccount/bff
2026-07-19T22:00:00.000,0.596,0.20920196,https://api.alintaenergy.com.au/v1/myaccount/bff
2026-07-19T23:00:00.000,0.713,0.25027013,https://api.alintaenergy.com.au/v1/myaccount/bff
2026-07-20T00:00:00.000,0.501,0.17585601,https://api.alintaenergy.com.au/v1/myaccount/bff
2026-07-20T01:00:00.000,0.576,0.20218176,https://api.alintaenergy.com.au/v1/myaccount/bff
2026-07-20T02:00:00.000,0.774,0.27168174,https://api.alintaenergy.com.au/v1/myaccount/bff
2026-07-20T03:00:00.000,0.469,0.16462369,https://api.alintaenergy.com.au/v1/myaccount/bff
2026-07-20T04:00:00.000,0.47,0.1649747,https://api.alintaenergy.com.au/v1/myaccount/bff
2026-07-20T05:00:00.000,0.483,0.16953783,https://api.alintaenergy.com.au/v1/myaccount/bff
2026-07-20T06:00:00.000,0.707,0.24805528,https://api.alintaenergy.com.au/v1/myaccount/bff
2026-07-20T07:00:00.000,0.562,0.19726762,https://api.alintaenergy.com.au/v1/myaccount/bff
2026-07-20T08:00:00.000,0.816,0.28642416,https://api.alintaenergy.com.au/v1/myaccount/bff
2026-07-20T09:00:00.000,1.551,0.40821143,https://api.alintaenergy.com.au/v1/myaccount/bff
2026-07-20T10:00:00.000,0.548,0.15982527,https://api.alintaenergy.com.au/v1/myaccount/bff
2026-07-20T11:00:00.000,0.171,0.06002271,https://api.alintaenergy.com.au/v1/myaccount/bff
2026-07-20T12:00:00.000,0.378,0.13268178,https://api.alintaenergy.com.au/v1/myaccount/bff
2026-07-20T13:00:00.000,0.449,0.15760349,https://api.alintaenergy.com.au/v1/myaccount/bff
2026-07-20T14:00:00.000,0.58,0.2035858,https://api.alintaenergy.com.au/v1/myaccount/bff
2026-07-20T15:00:00.000,0.617,0.21657317,https://api.alintaenergy.com.au/v1/myaccount/bff
2026-07-20T16:00:00.000,0.74,0.2597474,https://api.alintaenergy.com.au/v1/myaccount/bff
2026-07-20T17:00:00.000,0.818,0.28712618,https://api.alintaenergy.com.au/v1/myaccount/bff
2026-07-20T18:00:00.000,2.491,0.87436591,https://api.alintaenergy.com.au/v1/myaccount/bff
2026-07-20T19:00:00.000,0.757,0.26571457,https://api.alintaenergy.com.au/v1/myaccount/bff
2026-07-20T20:00:00.000,2.069,0.57436885,https://api.alintaenergy.com.au/v1/myaccount/bff
2026-07-20T21:00:00.000,0.7899999999999999,0.26696285,https://api.alintaenergy.com.au/v1/myaccount/bff
2026-07-20T22:00:00.000,0.811,0.28466911,https://api.alintaenergy.com.au/v1/myaccount/bff
2026-07-20T23:00:00.000,0.483,0.16953783,https://api.alintaenergy.com.au/v1/myaccount/bff
2026-07-21T00:00:00.000,0.573,0.20112873,https://api.alintaenergy.com.au/v1/myaccount/bff
2026-07-21T01:00:00.000,0.76,0.2667676,https://api.alintaenergy.com.au/v1/myaccount/bff
2026-07-21T02:00:00.000,0.718,0.25202518,https://api.alintaenergy.com.au/v1/myaccount/bff
2026-07-21T03:00:00.000,0.503,0.17655803,https://api.alintaenergy.com.au/v1/myaccount/bff
2026-07-21T04:00:00.000,0.441,0.15479541,https://api.alintaenergy.com.au/v1/myaccount/bff
2026-07-21T05:00:00.000,0.448,0.15725248,https://api.alintaenergy.com.au/v1/myaccount/bff
2026-07-21T06:00:00.000,0.499,0.17515399,https://api.alintaenergy.com.au/v1/myaccount/bff
2026-07-21T07:00:00.000,0.478,0.16778278,https://api.alintaenergy.com.au/v1/myaccount/bff
2026-07-21T08:00:00.000,0.475,0.16672975,https://api.alintaenergy.com.au/v1/myaccount/bff
2026-07-21T09:00:00.000,2.27,0.6633073700000001,https://api.alintaenergy.com.au/v1/myaccount/bff
2026-07-21T10:00:00.000,0.899,0.30000102,https://api.alintaenergy.com.au/v1/myaccount/bff
2026-07-21T11:00:00.000,1.568,0.55038368,https://api.alintaenergy.com.au/v1/myaccount/bff
2026-07-21T12:00:00.000,0.349,0.12250249,https://api.alintaenergy.com.au/v1/myaccount/bff
2026-07-21T13:00:00.000,0.605,0.21236105,https://api.alintaenergy.com.au/v1/myaccount/bff
2026-07-21T14:00:00.000,0.339,0.11899239,https://api.alintaenergy.com.au/v1/myaccount/bff
2026-07-21T15:00:00.000,0.765,0.26852265,https://api.alintaenergy.com.au/v1/myaccount/bff
2026-07-21T16:00:00.000,0.719,0.25237619,https://api.alintaenergy.com.au/v1/myaccount/bff
2026-07-21T17:00:00.000,0.733,0.25729033,https://api.alintaenergy.com.au/v1/myaccount/bff
2026-07-21T18:00:00.000,2.007,0.66999064,https://api.alintaenergy.com.au/v1/myaccount/bff
2026-07-21T19:00:00.000,2.543,0.76098253,https://api.alintaenergy.com.au/v1/myaccount/bff
2026-07-21T20:00:00.000,1.834,0.64375234,https://api.alintaenergy.com.au/v1/myaccount/bff
2026-07-21T21:00:00.000,0.964,0.33837364,https://api.alintaenergy.com.au/v1/myaccount/bff
2026-07-21T22:00:00.000,0.568,0.19937368,https://api.alintaenergy.com.au/v1/myaccount/bff
2026-07-21T23:00:00.000,0.54,0.1895454,https://api.alintaenergy.com.au/v1/myaccount/bff
2026-07-22T00:00:00.000,0.544,0.19094944,https://api.alintaenergy.com.au/v1/myaccount/bff
2026-07-22T01:00:00.000,0.602,0.21130802,https://api.alintaenergy.com.au/v1/myaccount/bff
2026-07-22T02:00:00.000,0.797,0.27975497,https://api.alintaenergy.com.au/v1/myaccount/bff
2026-07-22T03:00:00.000,0.561,0.19691661,https://api.alintaenergy.com.au/v1/myaccount/bff
2026-07-22T04:00:00.000,1.015,0.30721086,https://api.alintaenergy.com.au/v1/myaccount/bff
2026-07-22T05:00:00.000,1.985,0.53911814,https://api.alintaenergy.com.au/v1/myaccount/bff
2026-07-22T06:00:00.000,0.508,0.17831308,https://api.alintaenergy.com.au/v1/myaccount/bff
2026-07-22T07:00:00.000,0.447,0.15690147,https://api.alintaenergy.com.au/v1/myaccount/bff
2026-07-22T08:00:00.000,1.002,0.35171202,https://api.alintaenergy.com.au/v1/myaccount/bff
2026-07-22T09:00:00.000,0.323,0.11337623,https://api.alintaenergy.com.au/v1/myaccount/bff
2026-07-22T10:00:00.000,0.364,0.12776764,https://api.alintaenergy.com.au/v1/myaccount/bff
2026-07-22T11:00:00.000,1.399,0.49106299,https://api.alintaenergy.com.au/v1/myaccount/bff
2026-07-22T12:00:00.000,0.742,0.26044942,https://api.alintaenergy.com.au/v1/myaccount/bff
2026-07-22T13:00:00.000,0.404,0.14180804,https://api.alintaenergy.com.au/v1/myaccount/bff
2026-07-22T14:00:00.000,0.218,0.07652018,https://api.alintaenergy.com.au/v1/myaccount/bff
2026-07-22T15:00:00.000,0.455,0.15970955,https://api.alintaenergy.com.au/v1/myaccount/bff
2026-07-22T16:00:00.000,1.899,0.52851348,https://api.alintaenergy.com.au/v1/myaccount/bff
2026-07-22T17:00:00.000,2.128,0.71822872,https://api.alintaenergy.com.au/v1/myaccount/bff
2026-07-22T18:00:00.000,2.235,0.78450735,https://api.alintaenergy.com.au/v1/myaccount/bff
2026-07-22T19:00:00.000,0.915,0.32117415,https://api.alintaenergy.com.au/v1/myaccount/bff
2026-07-22T20:00:00.000,0.773,0.27133073,https://api.alintaenergy.com.au/v1/myaccount/bff
2026-07-22T21:00:00.000,0.722,0.25342922,https://api.alintaenergy.com.au/v1/myaccount/bff
2026-07-22T22:00:00.000,0.825,0.28958325,https://api.alintaenergy.com.au/v1/myaccount/bff
2026-07-22T23:00:00.000,2.258,0.61460014,https://api.alintaenergy.com.au/v1/myaccount/bff
2026-07-23T00:00:00.000,0.533,0.18708833,https://api.alintaenergy.com.au/v1/myaccount/bff
2026-07-23T01:00:00.000,0.768,0.26957568,https://api.alintaenergy.com.au/v1/myaccount/bff
2026-07-23T02:00:00.000,0.745,0.26150245,https://api.alintaenergy.com.au/v1/myaccount/bff
2026-07-23T03:00:00.000,0.479,0.16813379,https://api.alintaenergy.com.au/v1/myaccount/bff
2026-07-23T04:00:00.000,0.462,0.16216662,https://api.alintaenergy.com.au/v1/myaccount/bff
2026-07-23T05:00:00.000,0.494,0.17339894,https://api.alintaenergy.com.au/v1/myaccount/bff
2026-07-23T06:00:00.000,0.617,0.21657317,https://api.alintaenergy.com.au/v1/myaccount/bff
2026-07-23T07:00:00.000,1.634,0.45355497,https://api.alintaenergy.com.au/v1/myaccount/bff
2026-07-23T08:00:00.000,1.7810000000000001,0.45565398999999995,https://api.alintaenergy.com.au/v1/myaccount/bff
2026-07-23T09:00:00.000,0.067,0.02351767,https://api.alintaenergy.com.au/v1/myaccount/bff
2026-07-23T10:00:00.000,0.009,0.00315909,https://api.alintaenergy.com.au/v1/myaccount/bff
2026-07-23T11:00:00.000,0.002,0.00070202,https://api.alintaenergy.com.au/v1/myaccount/bff
2026-07-23T12:00:00.000,0,0,https://api.alintaenergy.com.au/v1/myaccount/bff
2026-07-23T13:00:00.000,0.068,0.02386868,https://api.alintaenergy.com.au/v1/myaccount/bff
2026-07-23T14:00:00.000,0.039,0.01368939,https://api.alintaenergy.com.au/v1/myaccount/bff
2026-07-23T15:00:00.000,0.347,0.12180047,https://api.alintaenergy.com.au/v1/myaccount/bff
2026-07-23T16:00:00.000,0.692,0.24289892,https://api.alintaenergy.com.au/v1/myaccount/bff
2026-07-23T17:00:00.000,0.918,0.32222718,https://api.alintaenergy.com.au/v1/myaccount/bff
2026-07-23T18:00:00.000,1.011,0.35487111,https://api.alintaenergy.com.au/v1/myaccount/bff
2026-07-23T19:00:00.000,0.915,0.32117415,https://api.alintaenergy.com.au/v1/myaccount/bff
2026-07-23T20:00:00.000,0.997,0.34995697,https://api.alintaenergy.com.au/v1/myaccount/bff
2026-07-23T21:00:00.000,0.962,0.33767162,https://api.alintaenergy.com.au/v1/myaccount/bff
2026-07-23T22:00:00.000,0.618,0.21692418,https://api.alintaenergy.com.au/v1/myaccount/bff
2026-07-23T23:00:00.000,0.505,0.17726005,https://api.alintaenergy.com.au/v1/myaccount/bff
2026-07-24T00:00:00.000,0.49,0.1719949,https://api.alintaenergy.com.au/v1/myaccount/bff
2026-07-24T01:00:00.000,0.523,0.18357823,https://api.alintaenergy.com.au/v1/myaccount/bff
2026-07-24T02:00:00.000,0.743,0.26080043,https://api.alintaenergy.com.au/v1/myaccount/bff
2026-07-24T03:00:00.000,0.49,0.1719949,https://api.alintaenergy.com.au/v1/myaccount/bff
2026-07-24T04:00:00.000,0.495,0.17374995,https://api.alintaenergy.com.au/v1/myaccount/bff
2026-07-24T05:00:00.000,0.543,0.19059843,https://api.alintaenergy.com.au/v1/myaccount/bff
2026-07-24T06:00:00.000,0.485,0.17023985,https://api.alintaenergy.com.au/v1/myaccount/bff
2026-07-24T07:00:00.000,1.483,0.41045235,https://api.alintaenergy.com.au/v1/myaccount/bff
2026-07-24T08:00:00.000,0.62,0.15583348,https://api.alintaenergy.com.au/v1/myaccount/bff
2026-07-24T09:00:00.000,0.001,0.00035101,https://api.alintaenergy.com.au/v1/myaccount/bff
2026-07-24T10:00:00.000,0,0,https://api.alintaenergy.com.au/v1/myaccount/bff
2026-07-24T11:00:00.000,0,0,https://api.alintaenergy.com.au/v1/myaccount/bff
2026-07-24T12:00:00.000,0.091,0.03194191,https://api.alintaenergy.com.au/v1/myaccount/bff
2026-07-24T13:00:00.000,0.001,0.00035101,https://api.alintaenergy.com.au/v1/myaccount/bff
2026-07-24T14:00:00.000,0,0,https://api.alintaenergy.com.au/v1/myaccount/bff
2026-07-24T15:00:00.000,0.168,0.05896968,https://api.alintaenergy.com.au/v1/myaccount/bff
2026-07-24T16:00:00.000,0.598,0.20990398,https://api.alintaenergy.com.au/v1/myaccount/bff
2026-07-24T17:00:00.000,0.78,0.2737878,https://api.alintaenergy.com.au/v1/myaccount/bff
2026-07-24T18:00:00.000,0.822,0.28853022,https://api.alintaenergy.com.au/v1/myaccount/bff
2026-07-24T19:00:00.000,0.741,0.26009841,https://api.alintaenergy.com.au/v1/myaccount/bff
2026-07-24T20:00:00.000,0.643,0.22569943,https://api.alintaenergy.com.au/v1/myaccount/bff
2026-07-24T21:00:00.000,0.88,0.3088888,https://api.alintaenergy.com.au/v1/myaccount/bff
2026-07-24T22:00:00.000,0.903,0.31696203,https://api.alintaenergy.com.au/v1/myaccount/bff
2026-07-24T23:00:00.000,0.781,0.27413881,https://api.alintaenergy.com.au/v1/myaccount/bff
2026-07-25T00:00:00.000,0.472,0.16567672,https://api.alintaenergy.com.au/v1/myaccount/bff
2026-07-25T01:00:00.000,0.542,0.19024742,https://api.alintaenergy.com.au/v1/myaccount/bff
2026-07-25T02:00:00.000,0.738,0.25904538,https://api.alintaenergy.com.au/v1/myaccount/bff
2026-07-25T03:00:00.000,0.524,0.18392924,https://api.alintaenergy.com.au/v1/myaccount/bff
2026-07-25T04:00:00.000,0.473,0.16602773,https://api.alintaenergy.com.au/v1/myaccount/bff
2026-07-25T05:00:00.000,0.445,0.15619945,https://api.alintaenergy.com.au/v1/myaccount/bff
2026-07-25T06:00:00.000,0.431,0.15128531,https://api.alintaenergy.com.au/v1/myaccount/bff
2026-07-25T07:00:00.000,0.387,0.13584087,https://api.alintaenergy.com.au/v1/myaccount/bff
2026-07-25T08:00:00.000,0.028,0.00982828,https://api.alintaenergy.com.au/v1/myaccount/bff
2026-07-25T09:00:00.000,0.017,0.00596717,https://api.alintaenergy.com.au/v1/myaccount/bff
2026-07-25T10:00:00.000,0.041,0.01439141,https://api.alintaenergy.com.au/v1/myaccount/bff
2026-07-25T11:00:00.000,0.487,0.17094187,https://api.alintaenergy.com.au/v1/myaccount/bff
2026-07-25T12:00:00.000,0.612,0.21481812,https://api.alintaenergy.com.au/v1/myaccount/bff
2026-07-25T13:00:00.000,0.535,0.18779035,https://api.alintaenergy.com.au/v1/myaccount/bff
2026-07-25T14:00:00.000,0.084,0.02948484,https://api.alintaenergy.com.au/v1/myaccount/bff
2026-07-25T15:00:00.000,0.282,0.09898482,https://api.alintaenergy.com.au/v1/myaccount/bff
2026-07-25T16:00:00.000,0.702,0.24640902,https://api.alintaenergy.com.au/v1/myaccount/bff
2026-07-25T17:00:00.000,0.877,0.30783577,https://api.alintaenergy.com.au/v1/myaccount/bff
2026-07-25T18:00:00.000,0.805,0.28256305,https://api.alintaenergy.com.au/v1/myaccount/bff
2026-07-25T19:00:00.000,0.704,0.24711104,https://api.alintaenergy.com.au/v1/myaccount/bff
2026-07-25T20:00:00.000,0.703,0.24676003,https://api.alintaenergy.com.au/v1/myaccount/bff
2026-07-25T21:00:00.000,0.78,0.27367901,https://api.alintaenergy.com.au/v1/myaccount/bff
2026-07-25T22:00:00.000,0.657,0.23061357,https://api.alintaenergy.com.au/v1/myaccount/bff
2026-07-25T23:00:00.000,0.563,0.19761863,https://api.alintaenergy.com.au/v1/myaccount/bff
2026-07-26T00:00:00.000,0.586,0.20569186,https://api.alintaenergy.com.au/v1/myaccount/bff
2026-07-26T01:00:00.000,0.673,0.23622973,https://api.alintaenergy.com.au/v1/myaccount/bff
2026-07-26T02:00:00.000,0.477,0.16743177,https://api.alintaenergy.com.au/v1/myaccount/bff
2026-07-26T03:00:00.000,0.518,0.18182318,https://api.alintaenergy.com.au/v1/myaccount/bff
2026-07-26T04:00:00.000,0.478,0.16778278,https://api.alintaenergy.com.au/v1/myaccount/bff
2026-07-26T05:00:00.000,0.588,0.20639388,https://api.alintaenergy.com.au/v1/myaccount/bff
2026-07-26T06:00:00.000,0.54,0.1895454,https://api.alintaenergy.com.au/v1/myaccount/bff
2026-07-26T07:00:00.000,0.547,0.19200247,https://api.alintaenergy.com.au/v1/myaccount/bff
2026-07-26T08:00:00.000,0.004,0.00140404,https://api.alintaenergy.com.au/v1/myaccount/bff
2026-07-26T09:00:00.000,0.016,0.00561616,https://api.alintaenergy.com.au/v1/myaccount/bff
2026-07-26T10:00:00.000,0.356,0.12495956,https://api.alintaenergy.com.au/v1/myaccount/bff
2026-07-26T11:00:00.000,0.871,0.30572971,https://api.alintaenergy.com.au/v1/myaccount/bff
2026-07-26T12:00:00.000,3.7,1.298737,https://api.alintaenergy.com.au/v1/myaccount/bff
2026-07-26T13:00:00.000,2.189,0.76836089,https://api.alintaenergy.com.au/v1/myaccount/bff
2026-07-26T14:00:00.000,1.979,0.69464879,https://api.alintaenergy.com.au/v1/myaccount/bff
2026-07-26T15:00:00.000,2.83,0.9933583,https://api.alintaenergy.com.au/v1/myaccount/bff
2026-07-26T16:00:00.000,2.125,0.74589625,https://api.alintaenergy.com.au/v1/myaccount/bff
2026-07-26T17:00:00.000,4.398,1.54374198,https://api.alintaenergy.com.au/v1/myaccount/bff
2026-07-26T18:00:00.000,3.793,1.33138093,https://api.alintaenergy.com.au/v1/myaccount/bff
2026-07-26T19:00:00.000,1.778,0.62409578,https://api.alintaenergy.com.au/v1/myaccount/bff
2026-07-26T20:00:00.000,1.753,0.61532053,https://api.alintaenergy.com.au/v1/myaccount/bff
2026-07-26T21:00:00.000,1.538,0.53985338,https://api.alintaenergy.com.au/v1/myaccount/bff
2026-07-26T22:00:00.000,0.596,0.20920196,https://api.alintaenergy.com.au/v1/myaccount/bff
2026-07-26T23:00:00.000,0.551,0.19340651,https://api.alintaenergy.com.au/v1/myaccount/bff
2026-07-27T00:00:00.000,0.534,0.18743934,https://api.alintaenergy.com.au/v1/myaccount/bff
2026-07-27T01:00:00.000,0.602,0.21130802,https://api.alintaenergy.com.au/v1/myaccount/bff
2026-07-27T02:00:00.000,0.839,0.29449739,https://api.alintaenergy.com.au/v1/myaccount/bff
2026-07-27T03:00:00.000,0.556,0.19516156,https://api.alintaenergy.com.au/v1/myaccount/bff
2026-07-27T04:00:00.000,0.53,0.1860353,https://api.alintaenergy.com.au/v1/myaccount/bff
2026-07-27T05:00:00.000,0.511,0.17936611,https://api.alintaenergy.com.au/v1/myaccount/bff
2026-07-27T06:00:00.000,2.089,0.56876941,https://api.alintaenergy.com.au/v1/myaccount/bff
2026-07-27T07:00:00.000,0.667,0.23412367,https://api.alintaenergy.com.au/v1/myaccount/bff
2026-07-27T08:00:00.000,0.6,0.210606,https://api.alintaenergy.com.au/v1/myaccount/bff
2026-07-27T09:00:00.000,0.127,0.04457827,https://api.alintaenergy.com.au/v1/myaccount/bff
2026-07-27T10:00:00.000,0,0,https://api.alintaenergy.com.au/v1/myaccount/bff
2026-07-27T11:00:00.000,0,0,https://api.alintaenergy.com.au/v1/myaccount/bff
2026-07-27T12:00:00.000,0.198,0.06949998,https://api.alintaenergy.com.au/v1/myaccount/bff
2026-07-27T13:00:00.000,1.526,0.53564126,https://api.alintaenergy.com.au/v1/myaccount/bff
2026-07-27T14:00:00.000,1.068,0.37487868,https://api.alintaenergy.com.au/v1/myaccount/bff
2026-07-27T15:00:00.000,0.195,0.06844695,https://api.alintaenergy.com.au/v1/myaccount/bff
2026-07-27T16:00:00.000,0.688,0.24149488,https://api.alintaenergy.com.au/v1/myaccount/bff
2026-07-27T17:00:00.000,0.809,0.28396709,https://api.alintaenergy.com.au/v1/myaccount/bff
2026-07-27T18:00:00.000,0.988,0.34679788,https://api.alintaenergy.com.au/v1/myaccount/bff
2026-07-27T19:00:00.000,0.831,0.29168931,https://api.alintaenergy.com.au/v1/myaccount/bff
2026-07-27T20:00:00.000,1.013,0.35557313,https://api.alintaenergy.com.au/v1/myaccount/bff
2026-07-27T21:00:00.000,0.663,0.23271963,https://api.alintaenergy.com.au/v1/myaccount/bff
2026-07-27T22:00:00.000,0.848,0.29765648,https://api.alintaenergy.com.au/v1/myaccount/bff
2026-07-27T23:00:00.000,0.563,0.19761863,https://api.alintaenergy.com.au/v1/myaccount/bff
2026-07-28T00:00:00.000,0.617,0.21657317,https://api.alintaenergy.com.au/v1/myaccount/bff
2026-07-28T01:00:00.000,0.851,0.29870951,https://api.alintaenergy.com.au/v1/myaccount/bff
2026-07-28T02:00:00.000,0.833,0.29239133,https://api.alintaenergy.com.au/v1/myaccount/bff
2026-07-28T03:00:00.000,0.569,0.19972469,https://api.alintaenergy.com.au/v1/myaccount/bff
2026-07-28T04:00:00.000,0.531,0.18638631,https://api.alintaenergy.com.au/v1/myaccount/bff
2026-07-28T05:00:00.000,1.991,0.5423121,https://api.alintaenergy.com.au/v1/myaccount/bff
2026-07-28T06:00:00.000,0.726,0.24613005999999998,https://api.alintaenergy.com.au/v1/myaccount/bff
2026-07-28T07:00:00.000,1.006,0.31221102,https://api.alintaenergy.com.au/v1/myaccount/bff
2026-07-28T08:00:00.000,1.94,0.50852725,https://api.alintaenergy.com.au/v1/myaccount/bff
2026-07-28T09:00:00.000,0.03,0.0105303,https://api.alintaenergy.com.au/v1/myaccount/bff
2026-07-28T10:00:00.000,0,0,https://api.alintaenergy.com.au/v1/myaccount/bff
2026-07-28T11:00:00.000,0.004,0.00140404,https://api.alintaenergy.com.au/v1/myaccount/bff
2026-07-28T12:00:00.000,0.084,0.02948484,https://api.alintaenergy.com.au/v1/myaccount/bff
2026-07-28T13:00:00.000,0.082,0.02878282,https://api.alintaenergy.com.au/v1/myaccount/bff
2026-07-28T14:00:00.000,0.253,0.08880553,https://api.alintaenergy.com.au/v1/myaccount/bff
2026-07-28T15:00:00.000,0.439,0.15409339,https://api.alintaenergy.com.au/v1/myaccount/bff
2026-07-28T16:00:00.000,0.706,0.24781306,https://api.alintaenergy.com.au/v1/myaccount/bff
2026-07-28T17:00:00.000,0.789,0.27694689,https://api.alintaenergy.com.au/v1/myaccount/bff
2026-07-28T18:00:00.000,1.043,0.36610343,https://api.alintaenergy.com.au/v1/myaccount/bff
2026-07-28T19:00:00.000,0.879,0.30853779,https://api.alintaenergy.com.au/v1/myaccount/bff
2026-07-28T20:00:00.000,0.912,0.32012112,https://api.alintaenergy.com.au/v1/myaccount/bff
2026-07-28T21:00:00.000,0.632,0.22183832,https://api.alintaenergy.com.au/v1/myaccount/bff
2026-07-28T22:00:00.000,0.616,0.21622216,https://api.alintaenergy.com.au/v1/myaccount/bff
2026-07-28T23:00:00.000,0.512,0.17971712,https://api.alintaenergy.com.au/v1/myaccount/bff
2026-07-29T00:00:00.000,0.514,0.18041914,https://api.alintaenergy.com.au/v1/myaccount/bff
2026-07-29T01:00:00.000,0.557,0.19551257,https://api.alintaenergy.com.au/v1/myaccount/bff
2026-07-29T02:00:00.000,0.763,0.26782063,https://api.alintaenergy.com.au/v1/myaccount/bff
2026-07-29T03:00:00.000,0.504,0.17690904,https://api.alintaenergy.com.au/v1/myaccount/bff
2026-07-29T04:00:00.000,0.566,0.19867166,https://api.alintaenergy.com.au/v1/myaccount/bff
2026-07-29T05:00:00.000,0.515,0.18077015,https://api.alintaenergy.com.au/v1/myaccount/bff
2026-07-29T06:00:00.000,0.458,0.16076258,https://api.alintaenergy.com.au/v1/myaccount/bff
2026-07-29T07:00:00.000,1.24,0.33745019,https://api.alintaenergy.com.au/v1/myaccount/bff
2026-07-29T08:00:00.000,1.505,0.45538075,https://api.alintaenergy.com.au/v1/myaccount/bff
2026-07-29T09:00:00.000,1.65,0.5791665,https://api.alintaenergy.com.au/v1/myaccount/bff
2026-07-29T10:00:00.000,1.323,0.46438623,https://api.alintaenergy.com.au/v1/myaccount/bff
2026-07-29T11:00:00.000,0.145,0.05089645,https://api.alintaenergy.com.au/v1/myaccount/bff
2026-07-29T12:00:00.000,0.011,0.00386111,https://api.alintaenergy.com.au/v1/myaccount/bff
2026-07-29T13:00:00.000,1.337,0.46930037,https://api.alintaenergy.com.au/v1/myaccount/bff
2026-07-29T14:00:00.000,1.474,0.51738874,https://api.alintaenergy.com.au/v1/myaccount/bff
2026-07-29T15:00:00.000,2.493,0.87506793,https://api.alintaenergy.com.au/v1/myaccount/bff
2026-07-29T16:00:00.000,0.674,0.23658074,https://api.alintaenergy.com.au/v1/myaccount/bff
2026-07-29T17:00:00.000,0.711,0.24956811,https://api.alintaenergy.com.au/v1/myaccount/bff
2026-07-29T18:00:00.000,1.41,0.4949241,https://api.alintaenergy.com.au/v1/myaccount/bff
2026-07-29T19:00:00.000,0.708,0.24851508,https://api.alintaenergy.com.au/v1/myaccount/bff
2026-07-29T20:00:00.000,0.668,0.23447468,https://api.alintaenergy.com.au/v1/myaccount/bff
2026-07-29T21:00:00.000,0.718,0.25202518,https://api.alintaenergy.com.au/v1/myaccount/bff
2026-07-29T22:00:00.000,0.818,0.28712618,https://api.alintaenergy.com.au/v1/myaccount/bff
2026-07-29T23:00:00.000,1.532,0.43341771,https://api.alintaenergy.com.au/v1/myaccount/bff
2026-07-30T00:00:00.000,1.141,0.34284371,https://api.alintaenergy.com.au/v1/myaccount/bff
2026-07-30T01:00:00.000,0.822,0.28853022,https://api.alintaenergy.com.au/v1/myaccount/bff
2026-07-30T02:00:00.000,0.519,0.18217419,https://api.alintaenergy.com.au/v1/myaccount/bff
2026-07-30T03:00:00.000,0.522,0.18322722,https://api.alintaenergy.com.au/v1/myaccount/bff
2026-07-30T04:00:00.000,0.574,0.20147974,https://api.alintaenergy.com.au/v1/myaccount/bff
2026-07-30T05:00:00.000,0.512,0.17971712,https://api.alintaenergy.com.au/v1/myaccount/bff
2026-07-30T06:00:00.000,0.432,0.15163632,https://api.alintaenergy.com.au/v1/myaccount/bff
2026-07-30T07:00:00.000,0.376,0.13197976,https://api.alintaenergy.com.au/v1/myaccount/bff
2026-07-30T08:00:00.000,0.094,0.03299494,https://api.alintaenergy.com.au/v1/myaccount/bff
2026-07-30T09:00:00.000,0.025,0.00877525,https://api.alintaenergy.com.au/v1/myaccount/bff
2026-07-30T10:00:00.000,1.218,0.29524154,https://api.alintaenergy.com.au/v1/myaccount/bff
2026-07-30T11:00:00.000,0.477,0.11564773,https://api.alintaenergy.com.au/v1/myaccount/bff
2026-07-30T12:00:00.000,0.232,0.08143432,https://api.alintaenergy.com.au/v1/myaccount/bff
2026-07-30T13:00:00.000,0.046,0.01614646,https://api.alintaenergy.com.au/v1/myaccount/bff
2026-07-30T14:00:00.000,0.212,0.07441412,https://api.alintaenergy.com.au/v1/myaccount/bff
2026-07-30T15:00:00.000,0.175,0.06142675,https://api.alintaenergy.com.au/v1/myaccount/bff
2026-07-30T16:00:00.000,0.717,0.25167417,https://api.alintaenergy.com.au/v1/myaccount/bff
2026-07-30T17:00:00.000,0.859,0.30151759,https://api.alintaenergy.com.au/v1/myaccount/bff
2026-07-30T18:00:00.000,0.88,0.3088888,https://api.alintaenergy.com.au/v1/myaccount/bff
2026-07-30T19:00:00.000,0.73,0.2562373,https://api.alintaenergy.com.au/v1/myaccount/bff
2026-07-30T20:00:00.000,0.688,0.24149488,https://api.alintaenergy.com.au/v1/myaccount/bff
2026-07-30T21:00:00.000,0.659,0.23131559,https://api.alintaenergy.com.au/v1/myaccount/bff
2026-07-30T22:00:00.000,0.593,0.20814893,https://api.alintaenergy.com.au/v1/myaccount/bff
2026-07-30T23:00:00.000,0.556,0.19516156,https://api.alintaenergy.com.au/v1/myaccount/bff
2026-07-31T00:00:00.000,0.522,0.18322722,https://api.alintaenergy.com.au/v1/myaccount/bff
2026-07-31T01:00:00.000,0.567,0.19902267,https://api.alintaenergy.com.au/v1/myaccount/bff
2026-07-31T02:00:00.000,0.75,0.2632575,https://api.alintaenergy.com.au/v1/myaccount/bff
2026-07-31T03:00:00.000,0.517,0.18147217,https://api.alintaenergy.com.au/v1/myaccount/bff
2026-07-31T04:00:00.000,0.458,0.16076258,https://api.alintaenergy.com.au/v1/myaccount/bff
2026-07-31T05:00:00.000,0.447,0.15690147,https://api.alintaenergy.com.au/v1/myaccount/bff
2026-07-31T06:00:00.000,0.454,0.15935854,https://api.alintaenergy.com.au/v1/myaccount/bff
2026-07-31T07:00:00.000,0.398,0.13970198,https://api.alintaenergy.com.au/v1/myaccount/bff
2026-07-31T08:00:00.000,0.08,0.0280808,https://api.alintaenergy.com.au/v1/myaccount/bff
2026-07-31T09:00:00.000,0.004,0.00140404,https://api.alintaenergy.com.au/v1/myaccount/bff
2026-07-31T10:00:00.000,0.034,0.01193434,https://api.alintaenergy.com.au/v1/myaccount/bff
2026-07-31T11:00:00.000,0.233,0.08178533,https://api.alintaenergy.com.au/v1/myaccount/bff
2026-07-31T12:00:00.000,0.388,0.13619188,https://api.alintaenergy.com.au/v1/myaccount/bff
2026-07-31T13:00:00.000,0.466,0.16357066,https://api.alintaenergy.com.au/v1/myaccount/bff
2026-07-31T14:00:00.000,0.66,0.2316666,https://api.alintaenergy.com.au/v1/myaccount/bff
2026-07-31T15:00:00.000,0.463,0.16251763,https://api.alintaenergy.com.au/v1/myaccount/bff
2026-07-31T16:00:00.000,0.582,0.20428782,https://api.alintaenergy.com.au/v1/myaccount/bff
2026-07-31T17:00:00.000,0.669,0.23482569,https://api.alintaenergy.com.au/v1/myaccount/bff
2026-07-31T18:00:00.000,0.794,0.27870194,https://api.alintaenergy.com.au/v1/myaccount/bff
2026-07-31T19:00:00.000,0.66,0.2316666,https://api.alintaenergy.com.au/v1/myaccount/bff
2026-07-31T20:00:00.000,2.179,0.67945064,https://api.alintaenergy.com.au/v1/myaccount/bff
2026-07-31T21:00:00.000,2.118,0.66500159,https://api.alintaenergy.com.au/v1/myaccount/bff
2026-07-31T22:00:00.000,1.395,0.48965895,https://api.alintaenergy.com.au/v1/myaccount/bff
2026-07-31T23:00:00.000,0.567,0.19902267,https://api.alintaenergy.com.au/v1/myaccount/bff
2026-06-01T00:00:00.000,0.503,0.1720763,https://api.alintaenergy.com.au/v1/myaccount/bff
2026-06-01T01:00:00.000,0.553,0.1891813,https://api.alintaenergy.com.au/v1/myaccount/bff
2026-06-01T02:00:00.000,0.805,0.2753905,https://api.alintaenergy.com.au/v1/myaccount/bff
2026-06-01T03:00:00.000,0.47,0.160787,https://api.alintaenergy.com.au/v1/myaccount/bff
2026-06-01T04:00:00.000,0.468,0.1601028,https://api.alintaenergy.com.au/v1/myaccount/bff
2026-06-01T05:00:00.000,0.571,0.1953391,https://api.alintaenergy.com.au/v1/myaccount/bff
2026-06-01T06:00:00.000,2.2119999999999997,0.64669836,https://api.alintaenergy.com.au/v1/myaccount/bff
2026-06-01T07:00:00.000,1.2280000000000002,0.36198151,https://api.alintaenergy.com.au/v1/myaccount/bff
2026-06-01T08:00:00.000,0.181,0.0619201,https://api.alintaenergy.com.au/v1/myaccount/bff
2026-06-01T09:00:00.000,0.003,0.0010263,https://api.alintaenergy.com.au/v1/myaccount/bff
2026-06-01T10:00:00.000,0.003,0.0010263,https://api.alintaenergy.com.au/v1/myaccount/bff
2026-06-01T11:00:00.000,0,0,https://api.alintaenergy.com.au/v1/myaccount/bff
2026-06-01T12:00:00.000,0.236,0.0807356,https://api.alintaenergy.com.au/v1/myaccount/bff
2026-06-01T13:00:00.000,0,0,https://api.alintaenergy.com.au/v1/myaccount/bff
2026-06-01T14:00:00.000,0.043,0.0147103,https://api.alintaenergy.com.au/v1/myaccount/bff
2026-06-01T15:00:00.000,0.407,0.1392347,https://api.alintaenergy.com.au/v1/myaccount/bff
2026-06-01T16:00:00.000,0.791,0.2706011,https://api.alintaenergy.com.au/v1/myaccount/bff
2026-06-01T17:00:00.000,2.098,0.7177258,https://api.alintaenergy.com.au/v1/myaccount/bff
2026-06-01T18:00:00.000,2.818,0.9640378,https://api.alintaenergy.com.au/v1/myaccount/bff
2026-06-01T19:00:00.000,0.875,0.2993375,https://api.alintaenergy.com.au/v1/myaccount/bff
2026-06-01T20:00:00.000,0.683,0.2336543,https://api.alintaenergy.com.au/v1/myaccount/bff
2026-06-01T21:00:00.000,0.617,0.2110757,https://api.alintaenergy.com.au/v1/myaccount/bff
2026-06-01T22:00:00.000,0.821,0.2808641,https://api.alintaenergy.com.au/v1/myaccount/bff
2026-06-01T23:00:00.000,0.501,0.1713921,https://api.alintaenergy.com.au/v1/myaccount/bff
2026-06-02T00:00:00.000,0.542,0.1854182,https://api.alintaenergy.com.au/v1/myaccount/bff
2026-06-02T01:00:00.000,0.765,0.2617065,https://api.alintaenergy.com.au/v1/myaccount/bff
2026-06-02T02:00:00.000,0.796,0.2723116,https://api.alintaenergy.com.au/v1/myaccount/bff
2026-06-02T03:00:00.000,0.467,0.1597607,https://api.alintaenergy.com.au/v1/myaccount/bff
2026-06-02T04:00:00.000,0.484,0.1655764,https://api.alintaenergy.com.au/v1/myaccount/bff
2026-06-02T05:00:00.000,1.043,0.3568103,https://api.alintaenergy.com.au/v1/myaccount/bff
2026-06-02T06:00:00.000,1.399,0.4785979,https://api.alintaenergy.com.au/v1/myaccount/bff
2026-06-02T07:00:00.000,1.76,0.602096,https://api.alintaenergy.com.au/v1/myaccount/bff
2026-06-02T08:00:00.000,0.469,0.1604449,https://api.alintaenergy.com.au/v1/myaccount/bff
2026-06-02T09:00:00.000,0.149,0.0509729,https://api.alintaenergy.com.au/v1/myaccount/bff
2026-06-02T10:00:00.000,0.013,0.0044473,https://api.alintaenergy.com.au/v1/myaccount/bff
2026-06-02T11:00:00.000,0.13,0.044473,https://api.alintaenergy.com.au/v1/myaccount/bff
2026-06-02T12:00:00.000,0.094,0.0321574,https://api.alintaenergy.com.au/v1/myaccount/bff
2026-06-02T13:00:00.000,0.004,0.0013684,https://api.alintaenergy.com.au/v1/myaccount/bff
2026-06-02T14:00:00.000,0.039,0.0133419,https://api.alintaenergy.com.au/v1/myaccount/bff
2026-06-02T15:00:00.000,0.346,0.1183666,https://api.alintaenergy.com.au/v1/myaccount/bff
2026-06-02T16:00:00.000,0.704,0.2408384,https://api.alintaenergy.com.au/v1/myaccount/bff
2026-06-02T17:00:00.000,0.76,0.259996,https://api.alintaenergy.com.au/v1/myaccount/bff
2026-06-02T18:00:00.000,0.81,0.277101,https://api.alintaenergy.com.au/v1/myaccount/bff
2026-06-02T19:00:00.000,0.715,0.2446015,https://api.alintaenergy.com.au/v1/myaccount/bff
2026-06-02T20:00:00.000,0.744,0.2545224,https://api.alintaenergy.com.au/v1/myaccount/bff
2026-06-02T21:00:00.000,0.559,0.1912339,https://api.alintaenergy.com.au/v1/myaccount/bff
2026-06-02T22:00:00.000,0.559,0.1912339,https://api.alintaenergy.com.au/v1/myaccount/bff
2026-06-02T23:00:00.000,0.514,0.17573237,https://api.alintaenergy.com.au/v1/myaccount/bff
2026-06-03T00:00:00.000,0.492,0.1683132,https://api.alintaenergy.com.au/v1/myaccount/bff
2026-06-03T01:00:00.000,0.544,0.1861024,https://api.alintaenergy.com.au/v1/myaccount/bff
2026-06-03T02:00:00.000,0.92,0.314732,https://api.alintaenergy.com.au/v1/myaccount/bff
2026-06-03T03:00:00.000,0.484,0.1655764,https://api.alintaenergy.com.au/v1/myaccount/bff
2026-06-03T04:00:00.000,0.494,0.1689974,https://api.alintaenergy.com.au/v1/myaccount/bff
2026-06-03T05:00:00.000,0.51,0.174471,https://api.alintaenergy.com.au/v1/myaccount/bff
2026-06-03T06:00:00.000,0.477,0.1631817,https://api.alintaenergy.com.au/v1/myaccount/bff
2026-06-03T07:00:00.000,0.404,0.1382084,https://api.alintaenergy.com.au/v1/myaccount/bff
2026-06-03T08:00:00.000,0.011,0.0037631,https://api.alintaenergy.com.au/v1/myaccount/bff
2026-06-03T09:00:00.000,0,0,https://api.alintaenergy.com.au/v1/myaccount/bff
2026-06-03T10:00:00.000,0,0,https://api.alintaenergy.com.au/v1/myaccount/bff
2026-06-03T11:00:00.000,0.041,0.0140261,https://api.alintaenergy.com.au/v1/myaccount/bff
2026-06-03T12:00:00.000,0,0,https://api.alintaenergy.com.au/v1/myaccount/bff
2026-06-03T13:00:00.000,0,0,https://api.alintaenergy.com.au/v1/myaccount/bff
2026-06-03T14:00:00.000,0.001,0.0003421,https://api.alintaenergy.com.au/v1/myaccount/bff
2026-06-03T15:00:00.000,0.181,0.0619201,https://api.alintaenergy.com.au/v1/myaccount/bff
2026-06-03T16:00:00.000,0.527,0.1802867,https://api.alintaenergy.com.au/v1/myaccount/bff
2026-06-03T17:00:00.000,0.568,0.1943128,https://api.alintaenergy.com.au/v1/myaccount/bff
2026-06-03T18:00:00.000,0.753,0.2576013,https://api.alintaenergy.com.au/v1/myaccount/bff
2026-06-03T19:00:00.000,0.701,0.2398121,https://api.alintaenergy.com.au/v1/myaccount/bff
2026-06-03T20:00:00.000,0.774,0.2647854,https://api.alintaenergy.com.au/v1/myaccount/bff
2026-06-03T21:00:00.000,0.718,0.2456278,https://api.alintaenergy.com.au/v1/myaccount/bff
2026-06-03T22:00:00.000,0.952,0.3256792,https://api.alintaenergy.com.au/v1/myaccount/bff
2026-06-03T23:00:00.000,0.655,0.2240755,https://api.alintaenergy.com.au/v1/myaccount/bff
2026-06-04T00:00:00.000,0.536,0.1833656,https://api.alintaenergy.com.au/v1/myaccount/bff
2026-06-04T01:00:00.000,0.762,0.2606802,https://api.alintaenergy.com.au/v1/myaccount/bff
2026-06-04T02:00:00.000,0.757,0.2589697,https://api.alintaenergy.com.au/v1/myaccount/bff
2026-06-04T03:00:00.000,0.492,0.1683132,https://api.alintaenergy.com.au/v1/myaccount/bff
2026-06-04T04:00:00.000,0.465,0.1590765,https://api.alintaenergy.com.au/v1/myaccount/bff
2026-06-04T05:00:00.000,0.491,0.1679711,https://api.alintaenergy.com.au/v1/myaccount/bff
2026-06-04T06:00:00.000,0.477,0.1631817,https://api.alintaenergy.com.au/v1/myaccount/bff
2026-06-04T07:00:00.000,0.872,0.2447962,https://api.alintaenergy.com.au/v1/myaccount/bff
2026-06-04T08:00:00.000,1.078,0.25554606,https://api.alintaenergy.com.au/v1/myaccount/bff
2026-06-04T09:00:00.000,0.024,0.0082104,https://api.alintaenergy.com.au/v1/myaccount/bff
2026-06-04T10:00:00.000,0.001,0.0003421,https://api.alintaenergy.com.au/v1/myaccount/bff
2026-06-04T11:00:00.000,0.012,0.0041052,https://api.alintaenergy.com.au/v1/myaccount/bff
2026-06-04T12:00:00.000,0,0,https://api.alintaenergy.com.au/v1/myaccount/bff
2026-06-04T13:00:00.000,0.048,0.0164208,https://api.alintaenergy.com.au/v1/myaccount/bff
2026-06-04T14:00:00.000,0,0,https://api.alintaenergy.com.au/v1/myaccount/bff
2026-06-04T15:00:00.000,0.243,0.0831303,https://api.alintaenergy.com.au/v1/myaccount/bff
2026-06-04T16:00:00.000,0.642,0.2196282,https://api.alintaenergy.com.au/v1/myaccount/bff
2026-06-04T17:00:00.000,0.642,0.2196282,https://api.alintaenergy.com.au/v1/myaccount/bff
2026-06-04T18:00:00.000,0.889,0.3041269,https://api.alintaenergy.com.au/v1/myaccount/bff
2026-06-04T19:00:00.000,0.742,0.2538382,https://api.alintaenergy.com.au/v1/myaccount/bff
2026-06-04T20:00:00.000,0.73,0.249733,https://api.alintaenergy.com.au/v1/myaccount/bff
2026-06-04T21:00:00.000,0.52,0.177892,https://api.alintaenergy.com.au/v1/myaccount/bff
2026-06-04T22:00:00.000,0.496,0.1696816,https://api.alintaenergy.com.au/v1/myaccount/bff
2026-06-04T23:00:00.000,0.503,0.1720763,https://api.alintaenergy.com.au/v1/myaccount/bff
2026-06-05T00:00:00.000,0.506,0.1731026,https://api.alintaenergy.com.au/v1/myaccount/bff
2026-06-05T01:00:00.000,0.546,0.1867866,https://api.alintaenergy.com.au/v1/myaccount/bff
2026-06-05T02:00:00.000,0.8,0.27368,https://api.alintaenergy.com.au/v1/myaccount/bff
2026-06-05T03:00:00.000,0.47,0.160787,https://api.alintaenergy.com.au/v1/myaccount/bff
2026-06-05T04:00:00.000,0.509,0.17402187,https://api.alintaenergy.com.au/v1/myaccount/bff
2026-06-05T05:00:00.000,0.5,0.17105,https://api.alintaenergy.com.au/v1/myaccount/bff
2026-06-05T06:00:00.000,1.9949999999999999,0.51969687,https://api.alintaenergy.com.au/v1/myaccount/bff
2026-06-05T07:00:00.000,0.623,0.18904654999999998,https://api.alintaenergy.com.au/v1/myaccount/bff
2026-06-05T08:00:00.000,0.71,0.242891,https://api.alintaenergy.com.au/v1/myaccount/bff
2026-06-05T09:00:00.000,0.001,0.0003421,https://api.alintaenergy.com.au/v1/myaccount/bff
2026-06-05T10:00:00.000,0,0,https://api.alintaenergy.com.au/v1/myaccount/bff
2026-06-05T11:00:00.000,0.083,0.0283943,https://api.alintaenergy.com.au/v1/myaccount/bff
2026-06-05T12:00:00.000,0.006,0.0020526,https://api.alintaenergy.com.au/v1/myaccount/bff
2026-06-05T13:00:00.000,0.113,0.0386573,https://api.alintaenergy.com.au/v1/myaccount/bff
2026-06-05T14:00:00.000,0.032,0.0109472,https://api.alintaenergy.com.au/v1/myaccount/bff
2026-06-05T15:00:00.000,0.337,0.1152877,https://api.alintaenergy.com.au/v1/myaccount/bff
2026-06-05T16:00:00.000,0.927,0.3171267,https://api.alintaenergy.com.au/v1/myaccount/bff
2026-06-05T17:00:00.000,0.892,0.3051532,https://api.alintaenergy.com.au/v1/myaccount/bff
2026-06-05T18:00:00.000,1.378,0.4714138,https://api.alintaenergy.com.au/v1/myaccount/bff
2026-06-05T19:00:00.000,1.433,0.4902293,https://api.alintaenergy.com.au/v1/myaccount/bff
2026-06-05T20:00:00.000,1.155,0.3951255,https://api.alintaenergy.com.au/v1/myaccount/bff
2026-06-05T21:00:00.000,0.577,0.1973917,https://api.alintaenergy.com.au/v1/myaccount/bff
2026-06-05T22:00:00.000,0.781,0.2671801,https://api.alintaenergy.com.au/v1/myaccount/bff
2026-06-05T23:00:00.000,0.645,0.2206545,https://api.alintaenergy.com.au/v1/myaccount/bff
2026-06-06T00:00:00.000,0.477,0.1631817,https://api.alintaenergy.com.au/v1/myaccount/bff
2026-06-06T01:00:00.000,0.524,0.1792604,https://api.alintaenergy.com.au/v1/myaccount/bff
2026-06-06T02:00:00.000,0.77,0.263417,https://api.alintaenergy.com.au/v1/myaccount/bff
2026-06-06T03:00:00.000,0.493,0.1686553,https://api.alintaenergy.com.au/v1/myaccount/bff
2026-06-06T04:00:00.000,0.454,0.1553134,https://api.alintaenergy.com.au/v1/myaccount/bff
2026-06-06T05:00:00.000,0.474,0.1621554,https://api.alintaenergy.com.au/v1/myaccount/bff
2026-06-06T06:00:00.000,0.799,0.25632013,https://api.alintaenergy.com.au/v1/myaccount/bff
2026-06-06T07:00:00.000,3.254,0.92920883,https://api.alintaenergy.com.au/v1/myaccount/bff
2026-06-06T08:00:00.000,2.659,0.86586863,https://api.alintaenergy.com.au/v1/myaccount/bff
2026-06-06T09:00:00.000,1.626,0.5562546,https://api.alintaenergy.com.au/v1/myaccount/bff
2026-06-06T10:00:00.000,0.59,0.201839,https://api.alintaenergy.com.au/v1/myaccount/bff
2026-06-06T11:00:00.000,1.62,0.39462027,https://api.alintaenergy.com.au/v1/myaccount/bff
2026-06-06T12:00:00.000,1.351,0.34540737,https://api.alintaenergy.com.au/v1/myaccount/bff
2026-06-06T13:00:00.000,0.341,0.1166561,https://api.alintaenergy.com.au/v1/myaccount/bff
2026-06-06T14:00:00.000,0.856,0.2928376,https://api.alintaenergy.com.au/v1/myaccount/bff
2026-06-06T15:00:00.000,1.241,0.4245461,https://api.alintaenergy.com.au/v1/myaccount/bff
2026-06-06T16:00:00.000,3.239,0.9424864900000001,https://api.alintaenergy.com.au/v1/myaccount/bff
2026-06-06T17:00:00.000,1.768,0.56961993,https://api.alintaenergy.com.au/v1/myaccount/bff
2026-06-06T18:00:00.000,0.846,0.2894166,https://api.alintaenergy.com.au/v1/myaccount/bff
2026-06-06T19:00:00.000,0.832,0.2846272,https://api.alintaenergy.com.au/v1/myaccount/bff
2026-06-06T20:00:00.000,0.855,0.2924955,https://api.alintaenergy.com.au/v1/myaccount/bff
2026-06-06T21:00:00.000,0.6,0.20526,https://api.alintaenergy.com.au/v1/myaccount/bff
2026-06-06T22:00:00.000,0.57,0.194997,https://api.alintaenergy.com.au/v1/myaccount/bff
2026-06-06T23:00:00.000,2.169,0.57098096,https://api.alintaenergy.com.au/v1/myaccount/bff
2026-06-07T00:00:00.000,0.564,0.1929444,https://api.alintaenergy.com.au/v1/myaccount/bff
2026-06-07T01:00:00.000,0.713,0.2439173,https://api.alintaenergy.com.au/v1/myaccount/bff
2026-06-07T02:00:00.000,0.522,0.1785762,https://api.alintaenergy.com.au/v1/myaccount/bff
2026-06-07T03:00:00.000,0.494,0.1689974,https://api.alintaenergy.com.au/v1/myaccount/bff
2026-06-07T04:00:00.000,0.505,0.1727605,https://api.alintaenergy.com.au/v1/myaccount/bff
2026-06-07T05:00:00.000,0.469,0.1604449,https://api.alintaenergy.com.au/v1/myaccount/bff
2026-06-07T06:00:00.000,0.553,0.1891813,https://api.alintaenergy.com.au/v1/myaccount/bff
2026-06-07T07:00:00.000,0.677,0.2316017,https://api.alintaenergy.com.au/v1/myaccount/bff
2026-06-07T08:00:00.000,0.269,0.0920249,https://api.alintaenergy.com.au/v1/myaccount/bff
2026-06-07T09:00:00.000,1.871,0.49472236,https://api.alintaenergy.com.au/v1/myaccount/bff
2026-06-07T10:00:00.000,0.487,0.14359125,https://api.alintaenergy.com.au/v1/myaccount/bff
2026-06-07T11:00:00.000,0.722,0.20225766,https://api.alintaenergy.com.au/v1/myaccount/bff
2026-06-07T12:00:00.000,0.93,0.22054163999999998,https://api.alintaenergy.com.au/v1/myaccount/bff
2026-06-07T13:00:00.000,0.061,0.0208681,https://api.alintaenergy.com.au/v1/myaccount/bff
2026-06-07T14:00:00.000,0.259,0.0886039,https://api.alintaenergy.com.au/v1/myaccount/bff
2026-06-07T15:00:00.000,0.22,0.075262,https://api.alintaenergy.com.au/v1/myaccount/bff
2026-06-07T16:00:00.000,0.6,0.20526,https://api.alintaenergy.com.au/v1/myaccount/bff
2026-06-07T17:00:00.000,1.011,0.3458631,https://api.alintaenergy.com.au/v1/myaccount/bff
2026-06-07T18:00:00.000,0.961,0.3287581,https://api.alintaenergy.com.au/v1/myaccount/bff
2026-06-07T19:00:00.000,0.771,0.2637591,https://api.alintaenergy.com.au/v1/myaccount/bff
2026-06-07T20:00:00.000,0.818,0.2798378,https://api.alintaenergy.com.au/v1/myaccount/bff
2026-06-07T21:00:00.000,0.597,0.2042337,https://api.alintaenergy.com.au/v1/myaccount/bff
2026-06-07T22:00:00.000,0.519,0.1775499,https://api.alintaenergy.com.au/v1/myaccount/bff
2026-06-07T23:00:00.000,0.646,0.2209966,https://api.alintaenergy.com.au/v1/myaccount/bff
2026-06-08T00:00:00.000,0.485,0.1659185,https://api.alintaenergy.com.au/v1/myaccount/bff
2026-06-08T01:00:00.000,0.548,0.1874708,https://api.alintaenergy.com.au/v1/myaccount/bff
2026-06-08T02:00:00.000,0.802,0.2743642,https://api.alintaenergy.com.au/v1/myaccount/bff
2026-06-08T03:00:00.000,0.477,0.1631817,https://api.alintaenergy.com.au/v1/myaccount/bff
2026-06-08T04:00:00.000,1.051,0.29875406,https://api.alintaenergy.com.au/v1/myaccount/bff
2026-06-08T05:00:00.000,1.884,0.49617282,https://api.alintaenergy.com.au/v1/myaccount/bff
2026-06-08T06:00:00.000,0.531,0.1816551,https://api.alintaenergy.com.au/v1/myaccount/bff
2026-06-08T07:00:00.000,0.848,0.2901008,https://api.alintaenergy.com.au/v1/myaccount/bff
2026-06-08T08:00:00.000,0.224,0.0766304,https://api.alintaenergy.com.au/v1/myaccount/bff
2026-06-08T09:00:00.000,0.182,0.0622622,https://api.alintaenergy.com.au/v1/myaccount/bff
2026-06-08T10:00:00.000,0.065,0.0222365,https://api.alintaenergy.com.au/v1/myaccount/bff
2026-06-08T11:00:00.000,0.236,0.0807356,https://api.alintaenergy.com.au/v1/myaccount/bff
2026-06-08T12:00:00.000,0.339,0.1159719,https://api.alintaenergy.com.au/v1/myaccount/bff
2026-06-08T13:00:00.000,0.577,0.1973917,https://api.alintaenergy.com.au/v1/myaccount/bff
2026-06-08T14:00:00.000,0.714,0.2442594,https://api.alintaenergy.com.au/v1/myaccount/bff
2026-06-08T15:00:00.000,0.92,0.314732,https://api.alintaenergy.com.au/v1/myaccount/bff
2026-06-08T16:00:00.000,1.602,0.5480442,https://api.alintaenergy.com.au/v1/myaccount/bff
2026-06-08T17:00:00.000,1.837,0.6284377,https://api.alintaenergy.com.au/v1/myaccount/bff
2026-06-08T18:00:00.000,1.403,0.4799663,https://api.alintaenergy.com.au/v1/myaccount/bff
2026-06-08T19:00:00.000,0.781,0.2671801,https://api.alintaenergy.com.au/v1/myaccount/bff
2026-06-08T20:00:00.000,0.615,0.2103915,https://api.alintaenergy.com.au/v1/myaccount/bff
2026-06-08T21:00:00.000,0.615,0.2103915,https://api.alintaenergy.com.au/v1/myaccount/bff
2026-06-08T22:00:00.000,0.821,0.2808641,https://api.alintaenergy.com.au/v1/myaccount/bff
2026-06-08T23:00:00.000,0.49,0.167629,https://api.alintaenergy.com.au/v1/myaccount/bff
2026-06-09T00:00:00.000,0.529,0.1809709,https://api.alintaenergy.com.au/v1/myaccount/bff
2026-06-09T01:00:00.000,2.198,0.59791963,https://api.alintaenergy.com.au/v1/myaccount/bff
2026-06-09T02:00:00.000,0.779,0.26285688,https://api.alintaenergy.com.au/v1/myaccount/bff
2026-06-09T03:00:00.000,0.467,0.1597607,https://api.alintaenergy.com.au/v1/myaccount/bff
2026-06-09T04:00:00.000,0.485,0.1659185,https://api.alintaenergy.com.au/v1/myaccount/bff
2026-06-09T05:00:00.000,0.466,0.1594186,https://api.alintaenergy.com.au/v1/myaccount/bff
2026-06-09T06:00:00.000,0.535,0.1830235,https://api.alintaenergy.com.au/v1/myaccount/bff
2026-06-09T07:00:00.000,0.622,0.2127862,https://api.alintaenergy.com.au/v1/myaccount/bff
2026-06-09T08:00:00.000,0.956,0.3270476,https://api.alintaenergy.com.au/v1/myaccount/bff
2026-06-09T09:00:00.000,0.521,0.1782341,https://api.alintaenergy.com.au/v1/myaccount/bff
2026-06-09T10:00:00.000,0.301,0.10286507,https://api.alintaenergy.com.au/v1/myaccount/bff
2026-06-09T11:00:00.000,0.084,0.0287364,https://api.alintaenergy.com.au/v1/myaccount/bff
2026-06-09T12:00:00.000,0.25,0.085525,https://api.alintaenergy.com.au/v1/myaccount/bff
2026-06-09T13:00:00.000,0.594,0.2032074,https://api.alintaenergy.com.au/v1/myaccount/bff
2026-06-09T14:00:00.000,1.7759999999999998,0.4545167,https://api.alintaenergy.com.au/v1/myaccount/bff
2026-06-09T15:00:00.000,0.597,0.2042337,https://api.alintaenergy.com.au/v1/myaccount/bff
2026-06-09T16:00:00.000,0.734,0.2511014,https://api.alintaenergy.com.au/v1/myaccount/bff
2026-06-09T17:00:00.000,0.786,0.2688906,https://api.alintaenergy.com.au/v1/myaccount/bff
2026-06-09T18:00:00.000,1.04,0.355784,https://api.alintaenergy.com.au/v1/myaccount/bff
2026-06-09T19:00:00.000,0.844,0.2887324,https://api.alintaenergy.com.au/v1/myaccount/bff
2026-06-09T20:00:00.000,0.55,0.188155,https://api.alintaenergy.com.au/v1/myaccount/bff
2026-06-09T21:00:00.000,0.541,0.1850761,https://api.alintaenergy.com.au/v1/myaccount/bff
2026-06-09T22:00:00.000,0.52,0.177892,https://api.alintaenergy.com.au/v1/myaccount/bff
2026-06-09T23:00:00.000,0.493,0.1686553,https://api.alintaenergy.com.au/v1/myaccount/bff
2026-06-10T00:00:00.000,0.474,0.1621554,https://api.alintaenergy.com.au/v1/myaccount/bff
2026-06-10T01:00:00.000,0.541,0.1850761,https://api.alintaenergy.com.au/v1/myaccount/bff
2026-06-10T02:00:00.000,1.7320000000000002,0.49330039,https://api.alintaenergy.com.au/v1/myaccount/bff
2026-06-10T03:00:00.000,1.109,0.31196,https://api.alintaenergy.com.au/v1/myaccount/bff
2026-06-10T04:00:00.000,0.518,0.1772078,https://api.alintaenergy.com.au/v1/myaccount/bff
2026-06-10T05:00:00.000,0.485,0.1659185,https://api.alintaenergy.com.au/v1/myaccount/bff
2026-06-10T06:00:00.000,0.515,0.1761815,https://api.alintaenergy.com.au/v1/myaccount/bff
2026-06-10T07:00:00.000,0.568,0.1943128,https://api.alintaenergy.com.au/v1/myaccount/bff
2026-06-10T08:00:00.000,0.46,0.157366,https://api.alintaenergy.com.au/v1/myaccount/bff
2026-06-10T09:00:00.000,1.234,0.38822289,https://api.alintaenergy.com.au/v1/myaccount/bff
2026-06-10T10:00:00.000,1.8850000000000002,0.49844146,https://api.alintaenergy.com.au/v1/myaccount/bff
2026-06-10T11:00:00.000,0.343,0.1173403,https://api.alintaenergy.com.au/v1/myaccount/bff
2026-06-10T12:00:00.000,0.883,0.3020743,https://api.alintaenergy.com.au/v1/myaccount/bff
2026-06-10T13:00:00.000,1.358,0.4645718,https://api.alintaenergy.com.au/v1/myaccount/bff
2026-06-10T14:00:00.000,2.355,0.8056455,https://api.alintaenergy.com.au/v1/myaccount/bff
2026-06-10T15:00:00.000,0.645,0.2206545,https://api.alintaenergy.com.au/v1/myaccount/bff
2026-06-10T16:00:00.000,0.718,0.2456278,https://api.alintaenergy.com.au/v1/myaccount/bff
2026-06-10T17:00:00.000,1.024,0.32483725999999996,https://api.alintaenergy.com.au/v1/myaccount/bff
2026-06-10T18:00:00.000,2.407,0.67155913,https://api.alintaenergy.com.au/v1/myaccount/bff
2026-06-10T19:00:00.000,0.979,0.3349159,https://api.alintaenergy.com.au/v1/myaccount/bff
2026-06-10T20:00:00.000,0.748,0.2558908,https://api.alintaenergy.com.au/v1/myaccount/bff
2026-06-10T21:00:00.000,0.655,0.2240755,https://api.alintaenergy.com.au/v1/myaccount/bff
2026-06-10T22:00:00.000,0.864,0.2955744,https://api.alintaenergy.com.au/v1/myaccount/bff
2026-06-10T23:00:00.000,0.679,0.2322859,https://api.alintaenergy.com.au/v1/myaccount/bff
2026-06-11T00:00:00.000,0.574,0.19625837000000002,https://api.alintaenergy.com.au/v1/myaccount/bff
2026-06-11T01:00:00.000,0.819,0.2801799,https://api.alintaenergy.com.au/v1/myaccount/bff
2026-06-11T02:00:00.000,0.77,0.263417,https://api.alintaenergy.com.au/v1/myaccount/bff
2026-06-11T03:00:00.000,0.498,0.1703658,https://api.alintaenergy.com.au/v1/myaccount/bff
2026-06-11T04:00:00.000,1.524,0.41379525,https://api.alintaenergy.com.au/v1/myaccount/bff
2026-06-11T05:00:00.000,1.054,0.30052957,https://api.alintaenergy.com.au/v1/myaccount/bff
2026-06-11T06:00:00.000,0.61,0.208681,https://api.alintaenergy.com.au/v1/myaccount/bff
2026-06-11T07:00:00.000,0.743,0.2541803,https://api.alintaenergy.com.au/v1/myaccount/bff
2026-06-11T08:00:00.000,0.694,0.2374174,https://api.alintaenergy.com.au/v1/myaccount/bff
2026-06-11T09:00:00.000,0.638,0.2182598,https://api.alintaenergy.com.au/v1/myaccount/bff
2026-06-11T10:00:00.000,1.0090000000000001,0.27282662,https://api.alintaenergy.com.au/v1/myaccount/bff
2026-06-11T11:00:00.000,1.729,0.42088507999999997,https://api.alintaenergy.com.au/v1/myaccount/bff
2026-06-11T12:00:00.000,0.485,0.1659185,https://api.alintaenergy.com.au/v1/myaccount/bff
2026-06-11T13:00:00.000,1.211,0.4142831,https://api.alintaenergy.com.au/v1/myaccount/bff
2026-06-11T14:00:00.000,1.135,0.3882835,https://api.alintaenergy.com.au/v1/myaccount/bff
2026-06-11T15:00:00.000,0.827,0.2829167,https://api.alintaenergy.com.au/v1/myaccount/bff
2026-06-11T16:00:00.000,0.798,0.2729958,https://api.alintaenergy.com.au/v1/myaccount/bff
2026-06-11T17:00:00.000,1.004,0.3434684,https://api.alintaenergy.com.au/v1/myaccount/bff
2026-06-11T18:00:00.000,1.63,0.55644567,https://api.alintaenergy.com.au/v1/myaccount/bff
2026-06-11T19:00:00.000,2.76,0.7766940499999999,https://api.alintaenergy.com.au/v1/myaccount/bff
2026-06-11T20:00:00.000,1.811,0.6195431,https://api.alintaenergy.com.au/v1/myaccount/bff
2026-06-11T21:00:00.000,0.741,0.2534961,https://api.alintaenergy.com.au/v1/myaccount/bff
2026-06-11T22:00:00.000,0.607,0.2076547,https://api.alintaenergy.com.au/v1/myaccount/bff
2026-06-11T23:00:00.000,0.545,0.1864445,https://api.alintaenergy.com.au/v1/myaccount/bff
2026-06-12T00:00:00.000,0.505,0.1727605,https://api.alintaenergy.com.au/v1/myaccount/bff
2026-06-12T01:00:00.000,0.563,0.1926023,https://api.alintaenergy.com.au/v1/myaccount/bff
2026-06-12T02:00:00.000,0.83,0.283943,https://api.alintaenergy.com.au/v1/myaccount/bff
2026-06-12T03:00:00.000,0.521,0.1782341,https://api.alintaenergy.com.au/v1/myaccount/bff
2026-06-12T04:00:00.000,0.48,0.16410097,https://api.alintaenergy.com.au/v1/myaccount/bff
2026-06-12T05:00:00.000,0.86,0.294206,https://api.alintaenergy.com.au/v1/myaccount/bff
2026-06-12T06:00:00.000,1.663,0.56067099,https://api.alintaenergy.com.au/v1/myaccount/bff
2026-06-12T07:00:00.000,3.3689999999999998,0.96855033,https://api.alintaenergy.com.au/v1/myaccount/bff
2026-06-12T08:00:00.000,0.9299999999999999,0.27213010000000004,https://api.alintaenergy.com.au/v1/myaccount/bff
2026-06-12T09:00:00.000,1.284,0.4392564,https://api.alintaenergy.com.au/v1/myaccount/bff
2026-06-12T10:00:00.000,0.299,0.1022879,https://api.alintaenergy.com.au/v1/myaccount/bff
2026-06-12T11:00:00.000,0.239,0.0817619,https://api.alintaenergy.com.au/v1/myaccount/bff
2026-06-12T12:00:00.000,0.123,0.0420783,https://api.alintaenergy.com.au/v1/myaccount/bff
2026-06-12T13:00:00.000,0.099,0.0338679,https://api.alintaenergy.com.au/v1/myaccount/bff
2026-06-12T14:00:00.000,0.133,0.0454993,https://api.alintaenergy.com.au/v1/myaccount/bff
2026-06-12T15:00:00.000,0.412,0.1409452,https://api.alintaenergy.com.au/v1/myaccount/bff
2026-06-12T16:00:00.000,0.712,0.2435752,https://api.alintaenergy.com.au/v1/myaccount/bff
2026-06-12T17:00:00.000,0.894,0.3058374,https://api.alintaenergy.com.au/v1/myaccount/bff
2026-06-12T18:00:00.000,1.477,0.5052817,https://api.alintaenergy.com.au/v1/myaccount/bff
2026-06-12T19:00:00.000,0.718,0.2456278,https://api.alintaenergy.com.au/v1/myaccount/bff
2026-06-12T20:00:00.000,0.658,0.2251018,https://api.alintaenergy.com.au/v1/myaccount/bff
2026-06-12T21:00:00.000,0.673,0.2302333,https://api.alintaenergy.com.au/v1/myaccount/bff
2026-06-12T22:00:00.000,0.844,0.2887324,https://api.alintaenergy.com.au/v1/myaccount/bff
2026-06-12T23:00:00.000,0.756,0.2586276,https://api.alintaenergy.com.au/v1/myaccount/bff
2026-06-13T00:00:00.000,0.558,0.1908918,https://api.alintaenergy.com.au/v1/myaccount/bff
2026-06-13T01:00:00.000,0.618,0.2114178,https://api.alintaenergy.com.au/v1/myaccount/bff
2026-06-13T02:00:00.000,0.831,0.2842851,https://api.alintaenergy.com.au/v1/myaccount/bff
2026-06-13T03:00:00.000,0.556,0.1902076,https://api.alintaenergy.com.au/v1/myaccount/bff
2026-06-13T04:00:00.000,0.563,0.1926023,https://api.alintaenergy.com.au/v1/myaccount/bff
2026-06-13T05:00:00.000,0.546,0.1867866,https://api.alintaenergy.com.au/v1/myaccount/bff
2026-06-13T06:00:00.000,0.517,0.17675867,https://api.alintaenergy.com.au/v1/myaccount/bff
2026-06-13T07:00:00.000,0.543,0.1857603,https://api.alintaenergy.com.au/v1/myaccount/bff
2026-06-13T08:00:00.000,0.157,0.0537097,https://api.alintaenergy.com.au/v1/myaccount/bff
2026-06-13T09:00:00.000,0.01,0.003421,https://api.alintaenergy.com.au/v1/myaccount/bff
2026-06-13T10:00:00.000,1.014,0.3468894,https://api.alintaenergy.com.au/v1/myaccount/bff
2026-06-13T11:00:00.000,1.803,0.6168063,https://api.alintaenergy.com.au/v1/myaccount/bff
2026-06-13T12:00:00.000,0.827,0.2829167,https://api.alintaenergy.com.au/v1/myaccount/bff
2026-06-13T13:00:00.000,2.059,0.7043839,https://api.alintaenergy.com.au/v1/myaccount/bff
2026-06-13T14:00:00.000,0.351,0.1200771,https://api.alintaenergy.com.au/v1/myaccount/bff
2026-06-13T15:00:00.000,0.619,0.2117599,https://api.alintaenergy.com.au/v1/myaccount/bff
2026-06-13T16:00:00.000,1.257,0.4300197,https://api.alintaenergy.com.au/v1/myaccount/bff
2026-06-13T17:00:00.000,1.062,0.3633102,https://api.alintaenergy.com.au/v1/myaccount/bff
2026-06-13T18:00:00.000,0.938,0.3208898,https://api.alintaenergy.com.au/v1/myaccount/bff
2026-06-13T19:00:00.000,2.426,0.67987854,https://api.alintaenergy.com.au/v1/myaccount/bff
2026-06-13T20:00:00.000,1.286,0.41114953,https://api.alintaenergy.com.au/v1/myaccount/bff
2026-06-13T21:00:00.000,0.915,0.3130215,https://api.alintaenergy.com.au/v1/myaccount/bff
2026-06-13T22:00:00.000,0.864,0.2955744,https://api.alintaenergy.com.au/v1/myaccount/bff
2026-06-13T23:00:00.000,0.644,0.2203124,https://api.alintaenergy.com.au/v1/myaccount/bff
2026-06-14T00:00:00.000,0.699,0.2391279,https://api.alintaenergy.com.au/v1/myaccount/bff
2026-06-14T01:00:00.000,0.848,0.2901008,https://api.alintaenergy.com.au/v1/myaccount/bff
2026-06-14T02:00:00.000,0.649,0.2220229,https://api.alintaenergy.com.au/v1/myaccount/bff
2026-06-14T03:00:00.000,0.592,0.2025232,https://api.alintaenergy.com.au/v1/myaccount/bff
2026-06-14T04:00:00.000,0.602,0.2059442,https://api.alintaenergy.com.au/v1/myaccount/bff
2026-06-14T05:00:00.000,0.603,0.2062863,https://api.alintaenergy.com.au/v1/myaccount/bff
2026-06-14T06:00:00.000,0.654,0.22298419,https://api.alintaenergy.com.au/v1/myaccount/bff
2026-06-14T07:00:00.000,2.219,0.59825381,https://api.alintaenergy.com.au/v1/myaccount/bff
2026-06-14T08:00:00.000,0.244,0.0834724,https://api.alintaenergy.com.au/v1/myaccount/bff
2026-06-14T09:00:00.000,0.104,0.0355784,https://api.alintaenergy.com.au/v1/myaccount/bff
2026-06-14T10:00:00.000,0.113,0.0386573,https://api.alintaenergy.com.au/v1/myaccount/bff
2026-06-14T11:00:00.000,0.127,0.0434467,https://api.alintaenergy.com.au/v1/myaccount/bff
2026-06-14T12:00:00.000,0.431,0.1474451,https://api.alintaenergy.com.au/v1/myaccount/bff
2026-06-14T13:00:00.000,0.373,0.1276033,https://api.alintaenergy.com.au/v1/myaccount/bff
2026-06-14T14:00:00.000,0.551,0.1884971,https://api.alintaenergy.com.au/v1/myaccount/bff
2026-06-14T15:00:00.000,0.723,0.2473383,https://api.alintaenergy.com.au/v1/myaccount/bff
2026-06-14T16:00:00.000,0.701,0.2398121,https://api.alintaenergy.com.au/v1/myaccount/bff
2026-06-14T17:00:00.000,0.779,0.2664959,https://api.alintaenergy.com.au/v1/myaccount/bff
2026-06-14T18:00:00.000,0.887,0.3034427,https://api.alintaenergy.com.au/v1/myaccount/bff
2026-06-14T19:00:00.000,0.721,0.2466541,https://api.alintaenergy.com.au/v1/myaccount/bff
2026-06-14T20:00:00.000,0.702,0.2401542,https://api.alintaenergy.com.au/v1/myaccount/bff
2026-06-14T21:00:00.000,0.619,0.2117599,https://api.alintaenergy.com.au/v1/myaccount/bff
2026-06-14T22:00:00.000,0.707,0.21778294999999998,https://api.alintaenergy.com.au/v1/myaccount/bff
2026-06-14T23:00:00.000,2.003,0.5396655,https://api.alintaenergy.com.au/v1/myaccount/bff
2026-06-15T00:00:00.000,0.482,0.1648922,https://api.alintaenergy.com.au/v1/myaccount/bff
2026-06-15T01:00:00.000,0.57,0.194997,https://api.alintaenergy.com.au/v1/myaccount/bff
2026-06-15T02:00:00.000,0.802,0.2743642,https://api.alintaenergy.com.au/v1/myaccount/bff
2026-06-15T03:00:00.000,0.46,0.157366,https://api.alintaenergy.com.au/v1/myaccount/bff
2026-06-15T04:00:00.000,0.454,0.1553134,https://api.alintaenergy.com.au/v1/myaccount/bff
2026-06-15T05:00:00.000,0.461,0.1577081,https://api.alintaenergy.com.au/v1/myaccount/bff
2026-06-15T06:00:00.000,0.478,0.1635238,https://api.alintaenergy.com.au/v1/myaccount/bff
2026-06-15T07:00:00.000,0.648,0.2216808,https://api.alintaenergy.com.au/v1/myaccount/bff
2026-06-15T08:00:00.000,0.288,0.0985248,https://api.alintaenergy.com.au/v1/myaccount/bff
2026-06-15T09:00:00.000,0.065,0.0222365,https://api.alintaenergy.com.au/v1/myaccount/bff
2026-06-15T10:00:00.000,0.203,0.0694463,https://api.alintaenergy.com.au/v1/myaccount/bff
2026-06-15T11:00:00.000,0.067,0.0229207,https://api.alintaenergy.com.au/v1/myaccount/bff
2026-06-15T12:00:00.000,0.225,0.0769725,https://api.alintaenergy.com.au/v1/myaccount/bff
2026-06-15T13:00:00.000,0.076,0.0259996,https://api.alintaenergy.com.au/v1/myaccount/bff
2026-06-15T14:00:00.000,0.201,0.0687621,https://api.alintaenergy.com.au/v1/myaccount/bff
2026-06-15T15:00:00.000,0.502,0.1717342,https://api.alintaenergy.com.au/v1/myaccount/bff
2026-06-15T16:00:00.000,0.789,0.2699169,https://api.alintaenergy.com.au/v1/myaccount/bff
2026-06-15T17:00:00.000,0.774,0.2647854,https://api.alintaenergy.com.au/v1/myaccount/bff
2026-06-15T18:00:00.000,1.233,0.4218093,https://api.alintaenergy.com.au/v1/myaccount/bff
2026-06-15T19:00:00.000,0.821,0.2808641,https://api.alintaenergy.com.au/v1/myaccount/bff
2026-06-15T20:00:00.000,0.677,0.2316017,https://api.alintaenergy.com.au/v1/myaccount/bff
2026-06-15T21:00:00.000,0.707,0.2418647,https://api.alintaenergy.com.au/v1/myaccount/bff
2026-06-15T22:00:00.000,0.869,0.2972849,https://api.alintaenergy.com.au/v1/myaccount/bff
2026-06-15T23:00:00.000,0.55,0.188155,https://api.alintaenergy.com.au/v1/myaccount/bff
2026-06-16T00:00:00.000,1.259,0.3600641,https://api.alintaenergy.com.au/v1/myaccount/bff
2026-06-16T01:00:00.000,1.689,0.48629625,https://api.alintaenergy.com.au/v1/myaccount/bff
2026-06-16T02:00:00.000,0.82,0.280522,https://api.alintaenergy.com.au/v1/myaccount/bff
2026-06-16T03:00:00.000,0.535,0.1830235,https://api.alintaenergy.com.au/v1/myaccount/bff
2026-06-16T04:00:00.000,0.574,0.1963654,https://api.alintaenergy.com.au/v1/myaccount/bff
2026-06-16T05:00:00.000,0.53,0.181313,https://api.alintaenergy.com.au/v1/myaccount/bff
2026-06-16T06:00:00.000,0.513,0.1754973,https://api.alintaenergy.com.au/v1/myaccount/bff
2026-06-16T07:00:00.000,0.491,0.1679711,https://api.alintaenergy.com.au/v1/myaccount/bff
2026-06-16T08:00:00.000,1.465,0.36460622000000004,https://api.alintaenergy.com.au/v1/myaccount/bff
2026-06-16T09:00:00.000,0.954,0.3263634,https://api.alintaenergy.com.au/v1/myaccount/bff
2026-06-16T10:00:00.000,0.052,0.0177892,https://api.alintaenergy.com.au/v1/myaccount/bff
2026-06-16T11:00:00.000,0.462,0.1580502,https://api.alintaenergy.com.au/v1/myaccount/bff
2026-06-16T12:00:00.000,0.924,0.3161004,https://api.alintaenergy.com.au/v1/myaccount/bff
2026-06-16T13:00:00.000,0.141,0.0482361,https://api.alintaenergy.com.au/v1/myaccount/bff
2026-06-16T14:00:00.000,0.433,0.1481293,https://api.alintaenergy.com.au/v1/myaccount/bff
2026-06-16T15:00:00.000,0.413,0.1412873,https://api.alintaenergy.com.au/v1/myaccount/bff
2026-06-16T16:00:00.000,0.755,0.2582855,https://api.alintaenergy.com.au/v1/myaccount/bff
2026-06-16T17:00:00.000,0.763,0.2610223,https://api.alintaenergy.com.au/v1/myaccount/bff
2026-06-16T18:00:00.000,0.812,0.2777852,https://api.alintaenergy.com.au/v1/myaccount/bff
2026-06-16T19:00:00.000,0.97,0.331837,https://api.alintaenergy.com.au/v1/myaccount/bff
2026-06-16T20:00:00.000,0.785,0.2685485,https://api.alintaenergy.com.au/v1/myaccount/bff
2026-06-16T21:00:00.000,0.637,0.2179177,https://api.alintaenergy.com.au/v1/myaccount/bff
2026-06-16T22:00:00.000,0.76,0.259996,https://api.alintaenergy.com.au/v1/myaccount/bff
2026-06-16T23:00:00.000,0.613,0.2097073,https://api.alintaenergy.com.au/v1/myaccount/bff
2026-06-17T00:00:00.000,0.554,0.1895234,https://api.alintaenergy.com.au/v1/myaccount/bff
2026-06-17T01:00:00.000,0.58,0.198418,https://api.alintaenergy.com.au/v1/myaccount/bff
2026-06-17T02:00:00.000,0.817,0.2794957,https://api.alintaenergy.com.au/v1/myaccount/bff
2026-06-17T03:00:00.000,0.524,0.1792604,https://api.alintaenergy.com.au/v1/myaccount/bff
2026-06-17T04:00:00.000,1.139,0.32661123000000003,https://api.alintaenergy.com.au/v1/myaccount/bff
2026-06-17T05:00:00.000,1.747,0.46824942999999997,https://api.alintaenergy.com.au/v1/myaccount/bff
2026-06-17T06:00:00.000,0.527,0.1802867,https://api.alintaenergy.com.au/v1/myaccount/bff
2026-06-17T07:00:00.000,0.423,0.1447083,https://api.alintaenergy.com.au/v1/myaccount/bff
2026-06-17T08:00:00.000,0.731,0.2500751,https://api.alintaenergy.com.au/v1/myaccount/bff
2026-06-17T09:00:00.000,0.829,0.2836009,https://api.alintaenergy.com.au/v1/myaccount/bff
2026-06-17T10:00:00.000,0.619,0.2117599,https://api.alintaenergy.com.au/v1/myaccount/bff
2026-06-17T11:00:00.000,0.014,0.0047894,https://api.alintaenergy.com.au/v1/myaccount/bff
2026-06-17T12:00:00.000,0.003,0.0010263,https://api.alintaenergy.com.au/v1/myaccount/bff
2026-06-17T13:00:00.000,0.243,0.0831303,https://api.alintaenergy.com.au/v1/myaccount/bff
2026-06-17T14:00:00.000,0.221,0.0756041,https://api.alintaenergy.com.au/v1/myaccount/bff
2026-06-17T15:00:00.000,0.425,0.1453925,https://api.alintaenergy.com.au/v1/myaccount/bff
2026-06-17T16:00:00.000,0.612,0.2093652,https://api.alintaenergy.com.au/v1/myaccount/bff
2026-06-17T17:00:00.000,0.65,0.222365,https://api.alintaenergy.com.au/v1/myaccount/bff
2026-06-17T18:00:00.000,0.848,0.2901008,https://api.alintaenergy.com.au/v1/myaccount/bff
2026-06-17T19:00:00.000,0.706,0.2415226,https://api.alintaenergy.com.au/v1/myaccount/bff
2026-06-17T20:00:00.000,0.569,0.1946549,https://api.alintaenergy.com.au/v1/myaccount/bff
2026-06-17T21:00:00.000,0.572,0.1956812,https://api.alintaenergy.com.au/v1/myaccount/bff
2026-06-17T22:00:00.000,1.745,0.49442976,https://api.alintaenergy.com.au/v1/myaccount/bff
2026-06-17T23:00:00.000,1.195,0.35112033,https://api.alintaenergy.com.au/v1/myaccount/bff
2026-06-18T00:00:00.000,0.53,0.181313,https://api.alintaenergy.com.au/v1/myaccount/bff
2026-06-18T01:00:00.000,0.742,0.2538382,https://api.alintaenergy.com.au/v1/myaccount/bff
2026-06-18T02:00:00.000,0.724,0.2476804,https://api.alintaenergy.com.au/v1/myaccount/bff
2026-06-18T03:00:00.000,0.447,0.1529187,https://api.alintaenergy.com.au/v1/myaccount/bff
2026-06-18T04:00:00.000,0.582,0.1991022,https://api.alintaenergy.com.au/v1/myaccount/bff
2026-06-18T05:00:00.000,0.545,0.1864445,https://api.alintaenergy.com.au/v1/myaccount/bff
2026-06-18T06:00:00.000,0.677,0.2316017,https://api.alintaenergy.com.au/v1/myaccount/bff
2026-06-18T07:00:00.000,0.618,0.2114178,https://api.alintaenergy.com.au/v1/myaccount/bff
2026-06-18T08:00:00.000,0.8069999999999999,0.23593845000000002,https://api.alintaenergy.com.au/v1/myaccount/bff
2026-06-18T09:00:00.000,1.654,0.42829985000000004,https://api.alintaenergy.com.au/v1/myaccount/bff
2026-06-18T10:00:00.000,0.184,0.0629464,https://api.alintaenergy.com.au/v1/myaccount/bff
2026-06-18T11:00:00.000,0.128,0.0437888,https://api.alintaenergy.com.au/v1/myaccount/bff
2026-06-18T12:00:00.000,0.372,0.1272612,https://api.alintaenergy.com.au/v1/myaccount/bff
2026-06-18T13:00:00.000,0.214,0.0732094,https://api.alintaenergy.com.au/v1/myaccount/bff
2026-06-18T14:00:00.000,0.375,0.1282875,https://api.alintaenergy.com.au/v1/myaccount/bff
2026-06-18T15:00:00.000,0.53,0.181313,https://api.alintaenergy.com.au/v1/myaccount/bff
2026-06-18T16:00:00.000,0.73,0.249733,https://api.alintaenergy.com.au/v1/myaccount/bff
2026-06-18T17:00:00.000,0.712,0.2435752,https://api.alintaenergy.com.au/v1/myaccount/bff
2026-06-18T18:00:00.000,0.778,0.2661538,https://api.alintaenergy.com.au/v1/myaccount/bff
2026-06-18T19:00:00.000,0.725,0.2480225,https://api.alintaenergy.com.au/v1/myaccount/bff
2026-06-18T20:00:00.000,0.72,0.23453870000000002,https://api.alintaenergy.com.au/v1/myaccount/bff
2026-06-18T21:00:00.000,1.933,0.5150763199999999,https://api.alintaenergy.com.au/v1/myaccount/bff
2026-06-18T22:00:00.000,0.523,0.1789183,https://api.alintaenergy.com.au/v1/myaccount/bff
2026-06-18T23:00:00.000,0.486,0.1662606,https://api.alintaenergy.com.au/v1/myaccount/bff
2026-06-19T00:00:00.000,0.461,0.1577081,https://api.alintaenergy.com.au/v1/myaccount/bff
2026-06-19T01:00:00.000,0.533,0.1823393,https://api.alintaenergy.com.au/v1/myaccount/bff
2026-06-19T02:00:00.000,0.754,0.2579434,https://api.alintaenergy.com.au/v1/myaccount/bff
2026-06-19T03:00:00.000,0.467,0.1597607,https://api.alintaenergy.com.au/v1/myaccount/bff
2026-06-19T04:00:00.000,0.47,0.160787,https://api.alintaenergy.com.au/v1/myaccount/bff
2026-06-19T05:00:00.000,0.561,0.1919181,https://api.alintaenergy.com.au/v1/myaccount/bff
2026-06-19T06:00:00.000,1.267,0.4334407,https://api.alintaenergy.com.au/v1/myaccount/bff
2026-06-19T07:00:00.000,1.268,0.4337828,https://api.alintaenergy.com.au/v1/myaccount/bff
2026-06-19T08:00:00.000,0.283,0.0968143,https://api.alintaenergy.com.au/v1/myaccount/bff
2026-06-19T09:00:00.000,1.604,0.5487284,https://api.alintaenergy.com.au/v1/myaccount/bff
2026-06-19T10:00:00.000,0.615,0.2103915,https://api.alintaenergy.com.au/v1/myaccount/bff
2026-06-19T11:00:00.000,0.002,0.0006842,https://api.alintaenergy.com.au/v1/myaccount/bff
2026-06-19T12:00:00.000,0.092,0.0314732,https://api.alintaenergy.com.au/v1/myaccount/bff
2026-06-19T13:00:00.000,0.168,0.0574728,https://api.alintaenergy.com.au/v1/myaccount/bff
2026-06-19T14:00:00.000,0.321,0.1098141,https://api.alintaenergy.com.au/v1/myaccount/bff
2026-06-19T15:00:00.000,0.388,0.1327348,https://api.alintaenergy.com.au/v1/myaccount/bff
2026-06-19T16:00:00.000,0.68,0.232628,https://api.alintaenergy.com.au/v1/myaccount/bff
2026-06-19T17:00:00.000,0.887,0.3034427,https://api.alintaenergy.com.au/v1/myaccount/bff
2026-06-19T18:00:00.000,0.902,0.3085742,https://api.alintaenergy.com.au/v1/myaccount/bff
2026-06-19T19:00:00.000,0.745,0.2548645,https://api.alintaenergy.com.au/v1/myaccount/bff
2026-06-19T20:00:00.000,0.708,0.2422068,https://api.alintaenergy.com.au/v1/myaccount/bff
2026-06-19T21:00:00.000,0.651,0.2227071,https://api.alintaenergy.com.au/v1/myaccount/bff
2026-06-19T22:00:00.000,0.834,0.2853114,https://api.alintaenergy.com.au/v1/myaccount/bff
2026-06-19T23:00:00.000,0.706,0.2415226,https://api.alintaenergy.com.au/v1/myaccount/bff
2026-06-20T00:00:00.000,0.477,0.1631817,https://api.alintaenergy.com.au/v1/myaccount/bff
2026-06-20T01:00:00.000,0.561,0.1919181,https://api.alintaenergy.com.au/v1/myaccount/bff
2026-06-20T02:00:00.000,0.762,0.2606802,https://api.alintaenergy.com.au/v1/myaccount/bff
2026-06-20T03:00:00.000,0.461,0.1577081,https://api.alintaenergy.com.au/v1/myaccount/bff
2026-06-20T04:00:00.000,0.477,0.1631817,https://api.alintaenergy.com.au/v1/myaccount/bff
2026-06-20T05:00:00.000,1.522,0.41439541,https://api.alintaenergy.com.au/v1/myaccount/bff
2026-06-20T06:00:00.000,1.177,0.34410629,https://api.alintaenergy.com.au/v1/myaccount/bff
2026-06-20T07:00:00.000,0.57,0.194997,https://api.alintaenergy.com.au/v1/myaccount/bff
2026-06-20T08:00:00.000,0.236,0.0807356,https://api.alintaenergy.com.au/v1/myaccount/bff
2026-06-20T09:00:00.000,0.221,0.0756041,https://api.alintaenergy.com.au/v1/myaccount/bff
2026-06-20T10:00:00.000,0.01,0.003421,https://api.alintaenergy.com.au/v1/myaccount/bff
2026-06-20T11:00:00.000,0.001,0.0003421,https://api.alintaenergy.com.au/v1/myaccount/bff
2026-06-20T12:00:00.000,0.01,0.003421,https://api.alintaenergy.com.au/v1/myaccount/bff
2026-06-20T13:00:00.000,0.455,0.1556555,https://api.alintaenergy.com.au/v1/myaccount/bff
2026-06-20T14:00:00.000,0.276,0.0944196,https://api.alintaenergy.com.au/v1/myaccount/bff
2026-06-20T15:00:00.000,0.968,0.3311528,https://api.alintaenergy.com.au/v1/myaccount/bff
2026-06-20T16:00:00.000,1.367,0.4676507,https://api.alintaenergy.com.au/v1/myaccount/bff
2026-06-20T17:00:00.000,0.886,0.3031006,https://api.alintaenergy.com.au/v1/myaccount/bff
2026-06-20T18:00:00.000,0.882,0.3017322,https://api.alintaenergy.com.au/v1/myaccount/bff
2026-06-20T19:00:00.000,0.754,0.2579434,https://api.alintaenergy.com.au/v1/myaccount/bff
2026-06-20T20:00:00.000,0.832,0.2846272,https://api.alintaenergy.com.au/v1/myaccount/bff
2026-06-20T21:00:00.000,0.82,0.280522,https://api.alintaenergy.com.au/v1/myaccount/bff
2026-06-20T22:00:00.000,0.697,0.2384437,https://api.alintaenergy.com.au/v1/myaccount/bff
2026-06-20T23:00:00.000,0.537,0.1837077,https://api.alintaenergy.com.au/v1/myaccount/bff
2026-06-21T00:00:00.000,0.588,0.2011548,https://api.alintaenergy.com.au/v1/myaccount/bff
2026-06-21T01:00:00.000,0.72,0.246312,https://api.alintaenergy.com.au/v1/myaccount/bff
2026-06-21T02:00:00.000,0.528,0.1806288,https://api.alintaenergy.com.au/v1/myaccount/bff
2026-06-21T03:00:00.000,0.519,0.1775499,https://api.alintaenergy.com.au/v1/myaccount/bff
2026-06-21T04:00:00.000,0.543,0.1857603,https://api.alintaenergy.com.au/v1/myaccount/bff
2026-06-21T05:00:00.000,0.533,0.1823393,https://api.alintaenergy.com.au/v1/myaccount/bff
2026-06-21T06:00:00.000,0.614,0.2100494,https://api.alintaenergy.com.au/v1/myaccount/bff
2026-06-21T07:00:00.000,0.714,0.2442594,https://api.alintaenergy.com.au/v1/myaccount/bff
2026-06-21T08:00:00.000,0.472,0.1614712,https://api.alintaenergy.com.au/v1/myaccount/bff
2026-06-21T09:00:00.000,0.471,0.1611291,https://api.alintaenergy.com.au/v1/myaccount/bff
2026-06-21T10:00:00.000,0.389,0.1330769,https://api.alintaenergy.com.au/v1/myaccount/bff
2026-06-21T11:00:00.000,0.89,0.304469,https://api.alintaenergy.com.au/v1/myaccount/bff
2026-06-21T12:00:00.000,1.345,0.4601245,https://api.alintaenergy.com.au/v1/myaccount/bff
2026-06-21T13:00:00.000,0.656,0.2244176,https://api.alintaenergy.com.au/v1/myaccount/bff
2026-06-21T14:00:00.000,0.448,0.1532608,https://api.alintaenergy.com.au/v1/myaccount/bff
2026-06-21T15:00:00.000,0.599,0.2049179,https://api.alintaenergy.com.au/v1/myaccount/bff
2026-06-21T16:00:00.000,1.421,0.41923035,https://api.alintaenergy.com.au/v1/myaccount/bff
2026-06-21T17:00:00.000,1.722,0.4938395,https://api.alintaenergy.com.au/v1/myaccount/bff
2026-06-21T18:00:00.000,0.85,0.290785,https://api.alintaenergy.com.au/v1/myaccount/bff
2026-06-21T19:00:00.000,1.269,0.4341249,https://api.alintaenergy.com.au/v1/myaccount/bff
2026-06-21T20:00:00.000,1.214,0.4153094,https://api.alintaenergy.com.au/v1/myaccount/bff
2026-06-21T21:00:00.000,0.904,0.3092584,https://api.alintaenergy.com.au/v1/myaccount/bff
2026-06-21T22:00:00.000,0.541,0.1850761,https://api.alintaenergy.com.au/v1/myaccount/bff
2026-06-21T23:00:00.000,0.682,0.2333122,https://api.alintaenergy.com.au/v1/myaccount/bff
2026-06-22T00:00:00.000,0.481,0.1645501,https://api.alintaenergy.com.au/v1/myaccount/bff
2026-06-22T01:00:00.000,0.571,0.1953391,https://api.alintaenergy.com.au/v1/myaccount/bff
2026-06-22T02:00:00.000,0.809,0.2767589,https://api.alintaenergy.com.au/v1/myaccount/bff
2026-06-22T03:00:00.000,0.491,0.1679711,https://api.alintaenergy.com.au/v1/myaccount/bff
2026-06-22T04:00:00.000,0.496,0.1696816,https://api.alintaenergy.com.au/v1/myaccount/bff
2026-06-22T05:00:00.000,0.549,0.1878129,https://api.alintaenergy.com.au/v1/myaccount/bff
2026-06-22T06:00:00.000,0.9660000000000001,0.32575928,https://api.alintaenergy.com.au/v1/myaccount/bff
2026-06-22T07:00:00.000,2.588,0.72887694,https://api.alintaenergy.com.au/v1/myaccount/bff
2026-06-22T08:00:00.000,0.82,0.280522,https://api.alintaenergy.com.au/v1/myaccount/bff
2026-06-22T09:00:00.000,2.106,0.7204626,https://api.alintaenergy.com.au/v1/myaccount/bff
2026-06-22T10:00:00.000,0.063,0.0215523,https://api.alintaenergy.com.au/v1/myaccount/bff
2026-06-22T11:00:00.000,0.001,0.0003421,https://api.alintaenergy.com.au/v1/myaccount/bff
2026-06-22T12:00:00.000,0.373,0.1276033,https://api.alintaenergy.com.au/v1/myaccount/bff
2026-06-22T13:00:00.000,0.012,0.0041052,https://api.alintaenergy.com.au/v1/myaccount/bff
2026-06-22T14:00:00.000,0.231,0.0790251,https://api.alintaenergy.com.au/v1/myaccount/bff
2026-06-22T15:00:00.000,0.464,0.1587344,https://api.alintaenergy.com.au/v1/myaccount/bff
2026-06-22T16:00:00.000,0.713,0.2439173,https://api.alintaenergy.com.au/v1/myaccount/bff
2026-06-22T17:00:00.000,0.885,0.3027585,https://api.alintaenergy.com.au/v1/myaccount/bff
2026-06-22T18:00:00.000,1.232,0.4214672,https://api.alintaenergy.com.au/v1/myaccount/bff
2026-06-22T19:00:00.000,0.941,0.3219161,https://api.alintaenergy.com.au/v1/myaccount/bff
2026-06-22T20:00:00.000,0.611,0.2090231,https://api.alintaenergy.com.au/v1/myaccount/bff
2026-06-22T21:00:00.000,0.684,0.23388937,https://api.alintaenergy.com.au/v1/myaccount/bff
2026-06-22T22:00:00.000,0.809,0.2767589,https://api.alintaenergy.com.au/v1/myaccount/bff
2026-06-22T23:00:00.000,0.525,0.1796025,https://api.alintaenergy.com.au/v1/myaccount/bff
2026-06-23T00:00:00.000,0.597,0.2042337,https://api.alintaenergy.com.au/v1/myaccount/bff
2026-06-23T01:00:00.000,0.832,0.2846272,https://api.alintaenergy.com.au/v1/myaccount/bff
2026-06-23T02:00:00.000,0.814,0.2784694,https://api.alintaenergy.com.au/v1/myaccount/bff
2026-06-23T03:00:00.000,0.535,0.1830235,https://api.alintaenergy.com.au/v1/myaccount/bff
2026-06-23T04:00:00.000,0.546,0.1867866,https://api.alintaenergy.com.au/v1/myaccount/bff
2026-06-23T05:00:00.000,0.515,0.1761815,https://api.alintaenergy.com.au/v1/myaccount/bff
2026-06-23T06:00:00.000,1.263,0.35458258,https://api.alintaenergy.com.au/v1/myaccount/bff
2026-06-23T07:00:00.000,1.445,0.38880292,https://api.alintaenergy.com.au/v1/myaccount/bff
2026-06-23T08:00:00.000,0.07,0.023947,https://api.alintaenergy.com.au/v1/myaccount/bff
2026-06-23T09:00:00.000,0.021,0.0071841,https://api.alintaenergy.com.au/v1/myaccount/bff
2026-06-23T10:00:00.000,0.018,0.0061578,https://api.alintaenergy.com.au/v1/myaccount/bff
2026-06-23T11:00:00.000,0,0,https://api.alintaenergy.com.au/v1/myaccount/bff
2026-06-23T12:00:00.000,0.251,0.0858671,https://api.alintaenergy.com.au/v1/myaccount/bff
2026-06-23T13:00:00.000,0.001,0.0003421,https://api.alintaenergy.com.au/v1/myaccount/bff
2026-06-23T14:00:00.000,0.127,0.0434467,https://api.alintaenergy.com.au/v1/myaccount/bff
2026-06-23T15:00:00.000,0.393,0.1344453,https://api.alintaenergy.com.au/v1/myaccount/bff
2026-06-23T16:00:00.000,0.736,0.2517856,https://api.alintaenergy.com.au/v1/myaccount/bff
2026-06-23T17:00:00.000,0.811,0.2774431,https://api.alintaenergy.com.au/v1/myaccount/bff
2026-06-23T18:00:00.000,1.295,0.4430195,https://api.alintaenergy.com.au/v1/myaccount/bff
2026-06-23T19:00:00.000,0.704,0.2408384,https://api.alintaenergy.com.au/v1/myaccount/bff
2026-06-23T20:00:00.000,0.643,0.2199703,https://api.alintaenergy.com.au/v1/myaccount/bff
2026-06-23T21:00:00.000,0.67,0.229207,https://api.alintaenergy.com.au/v1/myaccount/bff
2026-06-23T22:00:00.000,0.61,0.208681,https://api.alintaenergy.com.au/v1/myaccount/bff
2026-06-23T23:00:00.000,0.573,0.1960233,https://api.alintaenergy.com.au/v1/myaccount/bff
2026-06-24T00:00:00.000,0.507,0.1734447,https://api.alintaenergy.com.au/v1/myaccount/bff
2026-06-24T01:00:00.000,0.56,0.191576,https://api.alintaenergy.com.au/v1/myaccount/bff
2026-06-24T02:00:00.000,0.819,0.2801799,https://api.alintaenergy.com.au/v1/myaccount/bff
2026-06-24T03:00:00.000,0.527,0.1802867,https://api.alintaenergy.com.au/v1/myaccount/bff
2026-06-24T04:00:00.000,0.579,0.1980759,https://api.alintaenergy.com.au/v1/myaccount/bff
2026-06-24T05:00:00.000,0.504,0.1724184,https://api.alintaenergy.com.au/v1/myaccount/bff
2026-06-24T06:00:00.000,0.511,0.1748131,https://api.alintaenergy.com.au/v1/myaccount/bff
2026-06-24T07:00:00.000,0.428,0.1464188,https://api.alintaenergy.com.au/v1/myaccount/bff
2026-06-24T08:00:00.000,0.063,0.0215523,https://api.alintaenergy.com.au/v1/myaccount/bff
2026-06-24T09:00:00.000,0,0,https://api.alintaenergy.com.au/v1/myaccount/bff
2026-06-24T10:00:00.000,0,0,https://api.alintaenergy.com.au/v1/myaccount/bff
2026-06-24T11:00:00.000,0,0,https://api.alintaenergy.com.au/v1/myaccount/bff
2026-06-24T12:00:00.000,0.559,0.1912339,https://api.alintaenergy.com.au/v1/myaccount/bff
2026-06-24T13:00:00.000,0,0,https://api.alintaenergy.com.au/v1/myaccount/bff
2026-06-24T14:00:00.000,0.016,0.0054736,https://api.alintaenergy.com.au/v1/myaccount/bff
2026-06-24T15:00:00.000,0.234,0.0800514,https://api.alintaenergy.com.au/v1/myaccount/bff
2026-06-24T16:00:00.000,0.586,0.2004706,https://api.alintaenergy.com.au/v1/myaccount/bff
2026-06-24T17:00:00.000,0.716,0.2449436,https://api.alintaenergy.com.au/v1/myaccount/bff
2026-06-24T18:00:00.000,0.786,0.2688906,https://api.alintaenergy.com.au/v1/myaccount/bff
2026-06-24T19:00:00.000,0.779,0.2664959,https://api.alintaenergy.com.au/v1/myaccount/bff
2026-06-24T20:00:00.000,1.464,0.5008344,https://api.alintaenergy.com.au/v1/myaccount/bff
2026-06-24T21:00:00.000,0.743,0.2541803,https://api.alintaenergy.com.au/v1/myaccount/bff
2026-06-24T22:00:00.000,0.907,0.3102847,https://api.alintaenergy.com.au/v1/myaccount/bff
2026-06-24T23:00:00.000,0.739,0.2528119,https://api.alintaenergy.com.au/v1/myaccount/bff
2026-06-25T00:00:00.000,0.615,0.2103915,https://api.alintaenergy.com.au/v1/myaccount/bff
2026-06-25T01:00:00.000,0.848,0.28999377,https://api.alintaenergy.com.au/v1/myaccount/bff
2026-06-25T02:00:00.000,0.777,0.2658117,https://api.alintaenergy.com.au/v1/myaccount/bff
2026-06-25T03:00:00.000,0.5,0.17105,https://api.alintaenergy.com.au/v1/myaccount/bff
2026-06-25T04:00:00.000,0.593,0.2028653,https://api.alintaenergy.com.au/v1/myaccount/bff
2026-06-25T05:00:00.000,0.522,0.1785762,https://api.alintaenergy.com.au/v1/myaccount/bff
2026-06-25T06:00:00.000,0.513,0.1754973,https://api.alintaenergy.com.au/v1/myaccount/bff
2026-06-25T07:00:00.000,1.834,0.47960296999999996,https://api.alintaenergy.com.au/v1/myaccount/bff
2026-06-25T08:00:00.000,0.34500000000000003,0.09340760000000001,https://api.alintaenergy.com.au/v1/myaccount/bff
2026-06-25T09:00:00.000,0,0,https://api.alintaenergy.com.au/v1/myaccount/bff
2026-06-25T10:00:00.000,0,0,https://api.alintaenergy.com.au/v1/myaccount/bff
2026-06-25T11:00:00.000,0.061,0.0208681,https://api.alintaenergy.com.au/v1/myaccount/bff
2026-06-25T12:00:00.000,0.259,0.0886039,https://api.alintaenergy.com.au/v1/myaccount/bff
2026-06-25T13:00:00.000,0.76,0.259996,https://api.alintaenergy.com.au/v1/myaccount/bff
2026-06-25T14:00:00.000,0.532,0.1819972,https://api.alintaenergy.com.au/v1/myaccount/bff
2026-06-25T15:00:00.000,0.542,0.1854182,https://api.alintaenergy.com.au/v1/myaccount/bff
2026-06-25T16:00:00.000,0.608,0.2079968,https://api.alintaenergy.com.au/v1/myaccount/bff
2026-06-25T17:00:00.000,0.63,0.215523,https://api.alintaenergy.com.au/v1/myaccount/bff
2026-06-25T18:00:00.000,1.482,0.5069922,https://api.alintaenergy.com.au/v1/myaccount/bff
2026-06-25T19:00:00.000,2.141,0.59190571,https://api.alintaenergy.com.au/v1/myaccount/bff
2026-06-25T20:00:00.000,1.7280000000000002,0.5632139700000001,https://api.alintaenergy.com.au/v1/myaccount/bff
2026-06-25T21:00:00.000,1.571,0.5374391,https://api.alintaenergy.com.au/v1/myaccount/bff
2026-06-25T22:00:00.000,0.524,0.1792604,https://api.alintaenergy.com.au/v1/myaccount/bff
2026-06-25T23:00:00.000,0.502,0.1717342,https://api.alintaenergy.com.au/v1/myaccount/bff
2026-06-26T00:00:00.000,0.479,0.1638659,https://api.alintaenergy.com.au/v1/myaccount/bff
2026-06-26T01:00:00.000,0.516,0.1765236,https://api.alintaenergy.com.au/v1/myaccount/bff
2026-06-26T02:00:00.000,0.756,0.2586276,https://api.alintaenergy.com.au/v1/myaccount/bff
2026-06-26T03:00:00.000,0.448,0.1532608,https://api.alintaenergy.com.au/v1/myaccount/bff
2026-06-26T04:00:00.000,0.482,0.1648922,https://api.alintaenergy.com.au/v1/myaccount/bff
2026-06-26T05:00:00.000,1.7930000000000001,0.47681502,https://api.alintaenergy.com.au/v1/myaccount/bff
2026-06-26T06:00:00.000,0.876,0.27163774,https://api.alintaenergy.com.au/v1/myaccount/bff
2026-06-26T07:00:00.000,0.606,0.2073126,https://api.alintaenergy.com.au/v1/myaccount/bff
2026-06-26T08:00:00.000,0.485,0.16581147000000002,https://api.alintaenergy.com.au/v1/myaccount/bff
2026-06-26T09:00:00.000,0.395,0.1351295,https://api.alintaenergy.com.au/v1/myaccount/bff
2026-06-26T10:00:00.000,0.472,0.1614712,https://api.alintaenergy.com.au/v1/myaccount/bff
2026-06-26T11:00:00.000,0.529,0.16373907,https://api.alintaenergy.com.au/v1/myaccount/bff
2026-06-26T12:00:00.000,2.058,0.5428546200000001,https://api.alintaenergy.com.au/v1/myaccount/bff
2026-06-26T13:00:00.000,0.486,0.1662606,https://api.alintaenergy.com.au/v1/myaccount/bff
2026-06-26T14:00:00.000,0.334,0.1142614,https://api.alintaenergy.com.au/v1/myaccount/bff
2026-06-26T15:00:00.000,0.555,0.1898655,https://api.alintaenergy.com.au/v1/myaccount/bff
2026-06-26T16:00:00.000,0.596,0.2038916,https://api.alintaenergy.com.au/v1/myaccount/bff
2026-06-26T17:00:00.000,0.634,0.2168914,https://api.alintaenergy.com.au/v1/myaccount/bff
2026-06-26T18:00:00.000,0.773,0.2644433,https://api.alintaenergy.com.au/v1/myaccount/bff
2026-06-26T19:00:00.000,0.687,0.2350227,https://api.alintaenergy.com.au/v1/myaccount/bff
2026-06-26T20:00:00.000,1.871,0.51388073,https://api.alintaenergy.com.au/v1/myaccount/bff
2026-06-26T21:00:00.000,0.97,0.29277105000000003,https://api.alintaenergy.com.au/v1/myaccount/bff
2026-06-26T22:00:00.000,0.889,0.3041269,https://api.alintaenergy.com.au/v1/myaccount/bff
2026-06-26T23:00:00.000,0.652,0.2230492,https://api.alintaenergy.com.au/v1/myaccount/bff
2026-06-27T00:00:00.000,0.485,0.1659185,https://api.alintaenergy.com.au/v1/myaccount/bff
2026-06-27T01:00:00.000,0.55,0.188155,https://api.alintaenergy.com.au/v1/myaccount/bff
2026-06-27T02:00:00.000,0.75,0.256575,https://api.alintaenergy.com.au/v1/myaccount/bff
2026-06-27T03:00:00.000,0.468,0.1601028,https://api.alintaenergy.com.au/v1/myaccount/bff
2026-06-27T04:00:00.000,0.444,0.1518924,https://api.alintaenergy.com.au/v1/myaccount/bff
2026-06-27T05:00:00.000,0.437,0.1494977,https://api.alintaenergy.com.au/v1/myaccount/bff
2026-06-27T06:00:00.000,0.445,0.1522345,https://api.alintaenergy.com.au/v1/myaccount/bff
2026-06-27T07:00:00.000,1.5819999999999999,0.43256675,https://api.alintaenergy.com.au/v1/myaccount/bff
2026-06-27T08:00:00.000,0.516,0.13114288,https://api.alintaenergy.com.au/v1/myaccount/bff
2026-06-27T09:00:00.000,0.453,0.1549713,https://api.alintaenergy.com.au/v1/myaccount/bff
2026-06-27T10:00:00.000,1.098,0.3756258,https://api.alintaenergy.com.au/v1/myaccount/bff
2026-06-27T11:00:00.000,1.838,0.6287798,https://api.alintaenergy.com.au/v1/myaccount/bff
2026-06-27T12:00:00.000,1.929,0.6599109,https://api.alintaenergy.com.au/v1/myaccount/bff
2026-06-27T13:00:00.000,1.9170000000000003,0.57093091,https://api.alintaenergy.com.au/v1/myaccount/bff
2026-06-27T14:00:00.000,1.461,0.43034563000000003,https://api.alintaenergy.com.au/v1/myaccount/bff
2026-06-27T15:00:00.000,1.052,0.3598892,https://api.alintaenergy.com.au/v1/myaccount/bff
2026-06-27T16:00:00.000,0.674,0.2305754,https://api.alintaenergy.com.au/v1/myaccount/bff
2026-06-27T17:00:00.000,1.741,0.5955961,https://api.alintaenergy.com.au/v1/myaccount/bff
2026-06-27T18:00:00.000,2.838,0.95632372,https://api.alintaenergy.com.au/v1/myaccount/bff
2026-06-27T19:00:00.000,3.3230000000000004,0.95131531,https://api.alintaenergy.com.au/v1/myaccount/bff
2026-06-27T20:00:00.000,0.821,0.27176655,https://api.alintaenergy.com.au/v1/myaccount/bff
2026-06-27T21:00:00.000,0.594,0.2032074,https://api.alintaenergy.com.au/v1/myaccount/bff
2026-06-27T22:00:00.000,0.524,0.1792604,https://api.alintaenergy.com.au/v1/myaccount/bff
2026-06-27T23:00:00.000,0.513,0.1754973,https://api.alintaenergy.com.au/v1/myaccount/bff
2026-06-28T00:00:00.000,0.566,0.1936286,https://api.alintaenergy.com.au/v1/myaccount/bff
2026-06-28T01:00:00.000,0.774,0.25986201999999997,https://api.alintaenergy.com.au/v1/myaccount/bff
2026-06-28T02:00:00.000,2.009,0.5248073600000001,https://api.alintaenergy.com.au/v1/myaccount/bff
2026-06-28T03:00:00.000,0.512,0.1751552,https://api.alintaenergy.com.au/v1/myaccount/bff
2026-06-28T04:00:00.000,0.509,0.1741289,https://api.alintaenergy.com.au/v1/myaccount/bff
2026-06-28T05:00:00.000,0.588,0.2011548,https://api.alintaenergy.com.au/v1/myaccount/bff
2026-06-28T06:00:00.000,1.144,0.3913624,https://api.alintaenergy.com.au/v1/myaccount/bff
2026-06-28T07:00:00.000,1.261,0.4313881,https://api.alintaenergy.com.au/v1/myaccount/bff
2026-06-28T08:00:00.000,2.041,0.6982261,https://api.alintaenergy.com.au/v1/myaccount/bff
2026-06-28T09:00:00.000,2.227,0.7618567,https://api.alintaenergy.com.au/v1/myaccount/bff
2026-06-28T10:00:00.000,0.636,0.2175756,https://api.alintaenergy.com.au/v1/myaccount/bff
2026-06-28T11:00:00.000,0.385,0.1317085,https://api.alintaenergy.com.au/v1/myaccount/bff
2026-06-28T12:00:00.000,1.0070000000000001,0.31763017,https://api.alintaenergy.com.au/v1/myaccount/bff
2026-06-28T13:00:00.000,2.065,0.56633423,https://api.alintaenergy.com.au/v1/myaccount/bff
2026-06-28T14:00:00.000,0.639,0.2186019,https://api.alintaenergy.com.au/v1/myaccount/bff
2026-06-28T15:00:00.000,0.563,0.1926023,https://api.alintaenergy.com.au/v1/myaccount/bff
2026-06-28T16:00:00.000,0.647,0.2213387,https://api.alintaenergy.com.au/v1/myaccount/bff
2026-06-28T17:00:00.000,0.756,0.2586276,https://api.alintaenergy.com.au/v1/myaccount/bff
2026-06-28T18:00:00.000,0.976,0.3338896,https://api.alintaenergy.com.au/v1/myaccount/bff
2026-06-28T19:00:00.000,0.7,0.23947,https://api.alintaenergy.com.au/v1/myaccount/bff
2026-06-28T20:00:00.000,0.872,0.2983112,https://api.alintaenergy.com.au/v1/myaccount/bff
2026-06-28T21:00:00.000,0.666,0.2278386,https://api.alintaenergy.com.au/v1/myaccount/bff
2026-06-28T22:00:00.000,0.8540000000000001,0.25908113,https://api.alintaenergy.com.au/v1/myaccount/bff
2026-06-28T23:00:00.000,1.855,0.50594544,https://api.alintaenergy.com.au/v1/myaccount/bff
2026-06-29T00:00:00.000,0.487,0.1666027,https://api.alintaenergy.com.au/v1/myaccount/bff
2026-06-29T01:00:00.000,0.568,0.1943128,https://api.alintaenergy.com.au/v1/myaccount/bff
2026-06-29T02:00:00.000,0.765,0.2617065,https://api.alintaenergy.com.au/v1/myaccount/bff
2026-06-29T03:00:00.000,0.455,0.1556555,https://api.alintaenergy.com.au/v1/myaccount/bff
2026-06-29T04:00:00.000,0.452,0.1546292,https://api.alintaenergy.com.au/v1/myaccount/bff
2026-06-29T05:00:00.000,0.498,0.1703658,https://api.alintaenergy.com.au/v1/myaccount/bff
2026-06-29T06:00:00.000,0.531,0.1816551,https://api.alintaenergy.com.au/v1/myaccount/bff
2026-06-29T07:00:00.000,0.466,0.1594186,https://api.alintaenergy.com.au/v1/myaccount/bff
2026-06-29T08:00:00.000,0.449,0.1536029,https://api.alintaenergy.com.au/v1/myaccount/bff
2026-06-29T09:00:00.000,0.312,0.1067352,https://api.alintaenergy.com.au/v1/myaccount/bff
2026-06-29T10:00:00.000,0.72,0.17642141,https://api.alintaenergy.com.au/v1/myaccount/bff
2026-06-29T11:00:00.000,1.634,0.40957752,https://api.alintaenergy.com.au/v1/myaccount/bff
2026-06-29T12:00:00.000,0.334,0.1142614,https://api.alintaenergy.com.au/v1/myaccount/bff
2026-06-29T13:00:00.000,0.441,0.1508661,https://api.alintaenergy.com.au/v1/myaccount/bff
2026-06-29T14:00:00.000,0.52,0.177892,https://api.alintaenergy.com.au/v1/myaccount/bff
2026-06-29T15:00:00.000,0.536,0.1833656,https://api.alintaenergy.com.au/v1/myaccount/bff
2026-06-29T16:00:00.000,0.682,0.2333122,https://api.alintaenergy.com.au/v1/myaccount/bff
2026-06-29T17:00:00.000,1.053,0.3602313,https://api.alintaenergy.com.au/v1/myaccount/bff
2026-06-29T18:00:00.000,0.886,0.3031006,https://api.alintaenergy.com.au/v1/myaccount/bff
2026-06-29T19:00:00.000,0.756,0.2586276,https://api.alintaenergy.com.au/v1/myaccount/bff
2026-06-29T20:00:00.000,1.271,0.39296036999999995,https://api.alintaenergy.com.au/v1/myaccount/bff
2026-06-29T21:00:00.000,1.982,0.5619146500000001,https://api.alintaenergy.com.au/v1/myaccount/bff
2026-06-29T22:00:00.000,1.03,0.352363,https://api.alintaenergy.com.au/v1/myaccount/bff
2026-06-29T23:00:00.000,0.568,0.1943128,https://api.alintaenergy.com.au/v1/myaccount/bff
2026-06-30T00:00:00.000,0.565,0.1932865,https://api.alintaenergy.com.au/v1/myaccount/bff
2026-06-30T01:00:00.000,0.771,0.2637591,https://api.alintaenergy.com.au/v1/myaccount/bff
2026-06-30T02:00:00.000,0.766,0.26194157,https://api.alintaenergy.com.au/v1/myaccount/bff
2026-06-30T03:00:00.000,0.49,0.167629,https://api.alintaenergy.com.au/v1/myaccount/bff
2026-06-30T04:00:00.000,0.457,0.1563397,https://api.alintaenergy.com.au/v1/myaccount/bff
2026-06-30T05:00:00.000,0.479,0.1638659,https://api.alintaenergy.com.au/v1/myaccount/bff
2026-06-30T06:00:00.000,0.459,0.1570239,https://api.alintaenergy.com.au/v1/myaccount/bff
2026-06-30T07:00:00.000,0.524,0.1792604,https://api.alintaenergy.com.au/v1/myaccount/bff
2026-06-30T08:00:00.000,0.202,0.0691042,https://api.alintaenergy.com.au/v1/myaccount/bff
2026-06-30T09:00:00.000,0.191,0.0653411,https://api.alintaenergy.com.au/v1/myaccount/bff
2026-06-30T10:00:00.000,0.754,0.20014719999999997,https://api.alintaenergy.com.au/v1/myaccount/bff
2026-06-30T11:00:00.000,1.7530000000000001,0.43990551,https://api.alintaenergy.com.au/v1/myaccount/bff
2026-06-30T12:00:00.000,0.064,0.0218944,https://api.alintaenergy.com.au/v1/myaccount/bff
2026-06-30T13:00:00.000,0.247,0.0844987,https://api.alintaenergy.com.au/v1/myaccount/bff
2026-06-30T14:00:00.000,0.543,0.1857603,https://api.alintaenergy.com.au/v1/myaccount/bff
2026-06-30T15:00:00.000,0.707,0.2418647,https://api.alintaenergy.com.au/v1/myaccount/bff
2026-06-30T16:00:00.000,0.885,0.3027585,https://api.alintaenergy.com.au/v1/myaccount/bff
2026-06-30T17:00:00.000,0.815,0.2788115,https://api.alintaenergy.com.au/v1/myaccount/bff
2026-06-30T18:00:00.000,0.951,0.3253371,https://api.alintaenergy.com.au/v1/myaccount/bff
2026-06-30T19:00:00.000,1.148,0.3927308,https://api.alintaenergy.com.au/v1/myaccount/bff
2026-06-30T20:00:00.000,0.96,0.328416,https://api.alintaenergy.com.au/v1/myaccount/bff
2026-06-30T21:00:00.000,0.598,0.2045758,https://api.alintaenergy.com.au/v1/myaccount/bff
2026-06-30T22:00:00.000,0.517,0.1768657,https://api.alintaenergy.com.au/v1/myaccount/bff
2026-06-30T23:00:00.000,0.469,0.1604449,https://api.alintaenergy.com.au/v1/myaccount/bff
2026-05-01T00:00:00.000,0.589,0.2014969,https://api.alintaenergy.com.au/v1/myaccount/bff
2026-05-01T01:00:00.000,0.738,0.2524698,https://api.alintaenergy.com.au/v1/myaccount/bff
2026-05-01T02:00:00.000,0.902,0.30846717,https://api.alintaenergy.com.au/v1/myaccount/bff
2026-05-01T03:00:00.000,0.579,0.1980759,https://api.alintaenergy.com.au/v1/myaccount/bff
2026-05-01T04:00:00.000,1.43,0.39972592,https://api.alintaenergy.com.au/v1/myaccount/bff
2026-05-01T05:00:00.000,0.558,0.1908918,https://api.alintaenergy.com.au/v1/myaccount/bff
2026-05-01T06:00:00.000,0.537,0.1837077,https://api.alintaenergy.com.au/v1/myaccount/bff
2026-05-01T07:00:00.000,0.403,0.1378663,https://api.alintaenergy.com.au/v1/myaccount/bff
2026-05-01T08:00:00.000,0.649,0.2220229,https://api.alintaenergy.com.au/v1/myaccount/bff
2026-05-01T09:00:00.000,0.655,0.2240755,https://api.alintaenergy.com.au/v1/myaccount/bff
2026-05-01T10:00:00.000,0.607,0.2076547,https://api.alintaenergy.com.au/v1/myaccount/bff
2026-05-01T11:00:00.000,0.326,0.1115246,https://api.alintaenergy.com.au/v1/myaccount/bff
2026-05-01T12:00:00.000,0.44,0.150524,https://api.alintaenergy.com.au/v1/myaccount/bff
2026-05-01T13:00:00.000,0.528,0.1806288,https://api.alintaenergy.com.au/v1/myaccount/bff
2026-05-01T14:00:00.000,0.311,0.1063931,https://api.alintaenergy.com.au/v1/myaccount/bff
2026-05-01T15:00:00.000,0.372,0.1272612,https://api.alintaenergy.com.au/v1/myaccount/bff
2026-05-01T16:00:00.000,0.67,0.229207,https://api.alintaenergy.com.au/v1/myaccount/bff
2026-05-01T17:00:00.000,0.723,0.2473383,https://api.alintaenergy.com.au/v1/myaccount/bff
2026-05-01T18:00:00.000,0.81,0.277101,https://api.alintaenergy.com.au/v1/myaccount/bff
2026-05-01T19:00:00.000,0.718,0.2456278,https://api.alintaenergy.com.au/v1/myaccount/bff
2026-05-01T20:00:00.000,0.611,0.2090231,https://api.alintaenergy.com.au/v1/myaccount/bff
2026-05-01T21:00:00.000,0.631,0.2158651,https://api.alintaenergy.com.au/v1/myaccount/bff
2026-05-01T22:00:00.000,0.868,0.2969428,https://api.alintaenergy.com.au/v1/myaccount/bff
2026-05-01T23:00:00.000,0.754,0.2579434,https://api.alintaenergy.com.au/v1/myaccount/bff
2026-05-02T00:00:00.000,0.568,0.1943128,https://api.alintaenergy.com.au/v1/myaccount/bff
2026-05-02T01:00:00.000,0.657,0.2247597,https://api.alintaenergy.com.au/v1/myaccount/bff
2026-05-02T02:00:00.000,0.847,0.2897587,https://api.alintaenergy.com.au/v1/myaccount/bff
2026-05-02T03:00:00.000,0.573,0.1960233,https://api.alintaenergy.com.au/v1/myaccount/bff
2026-05-02T04:00:00.000,0.549,0.1878129,https://api.alintaenergy.com.au/v1/myaccount/bff
2026-05-02T05:00:00.000,0.549,0.1878129,https://api.alintaenergy.com.au/v1/myaccount/bff
2026-05-02T06:00:00.000,0.553,0.1891813,https://api.alintaenergy.com.au/v1/myaccount/bff
2026-05-02T07:00:00.000,0.482,0.1648922,https://api.alintaenergy.com.au/v1/myaccount/bff
2026-05-02T08:00:00.000,0.313,0.1070773,https://api.alintaenergy.com.au/v1/myaccount/bff
2026-05-02T09:00:00.000,0.248,0.0848408,https://api.alintaenergy.com.au/v1/myaccount/bff
2026-05-02T10:00:00.000,0.311,0.1063931,https://api.alintaenergy.com.au/v1/myaccount/bff
2026-05-02T11:00:00.000,0.307,0.1050247,https://api.alintaenergy.com.au/v1/myaccount/bff
2026-05-02T12:00:00.000,0.257,0.0879197,https://api.alintaenergy.com.au/v1/myaccount/bff
2026-05-02T13:00:00.000,0.185,0.0632885,https://api.alintaenergy.com.au/v1/myaccount/bff
2026-05-02T14:00:00.000,0.434,0.1484714,https://api.alintaenergy.com.au/v1/myaccount/bff
2026-05-02T15:00:00.000,0.485,0.1659185,https://api.alintaenergy.com.au/v1/myaccount/bff
2026-05-02T16:00:00.000,0.635,0.2172335,https://api.alintaenergy.com.au/v1/myaccount/bff
2026-05-02T17:00:00.000,0.858,0.2935218,https://api.alintaenergy.com.au/v1/myaccount/bff
2026-05-02T18:00:00.000,0.965,0.3301265,https://api.alintaenergy.com.au/v1/myaccount/bff
2026-05-02T19:00:00.000,1.03,0.352363,https://api.alintaenergy.com.au/v1/myaccount/bff
2026-05-02T20:00:00.000,0.771,0.26365207,https://api.alintaenergy.com.au/v1/myaccount/bff
2026-05-02T21:00:00.000,0.67,0.229207,https://api.alintaenergy.com.au/v1/myaccount/bff
2026-05-02T22:00:00.000,0.597,0.2042337,https://api.alintaenergy.com.au/v1/myaccount/bff
2026-05-02T23:00:00.000,0.591,0.2021811,https://api.alintaenergy.com.au/v1/myaccount/bff
2026-05-03T00:00:00.000,0.638,0.2182598,https://api.alintaenergy.com.au/v1/myaccount/bff
2026-05-03T01:00:00.000,0.815,0.2788115,https://api.alintaenergy.com.au/v1/myaccount/bff
2026-05-03T02:00:00.000,0.628,0.2148388,https://api.alintaenergy.com.au/v1/myaccount/bff
2026-05-03T03:00:00.000,0.557,0.1905497,https://api.alintaenergy.com.au/v1/myaccount/bff
2026-05-03T04:00:00.000,0.574,0.1963654,https://api.alintaenergy.com.au/v1/myaccount/bff
2026-05-03T05:00:00.000,0.562,0.1922602,https://api.alintaenergy.com.au/v1/myaccount/bff
2026-05-03T06:00:00.000,0.516,0.1765236,https://api.alintaenergy.com.au/v1/myaccount/bff
2026-05-03T07:00:00.000,0.304,0.1039984,https://api.alintaenergy.com.au/v1/myaccount/bff
2026-05-03T08:00:00.000,0.025,0.0085525,https://api.alintaenergy.com.au/v1/myaccount/bff
2026-05-03T09:00:00.000,0.088,0.0301048,https://api.alintaenergy.com.au/v1/myaccount/bff
2026-05-03T10:00:00.000,0.522,0.1785762,https://api.alintaenergy.com.au/v1/myaccount/bff
2026-05-03T11:00:00.000,1.158,0.3961518,https://api.alintaenergy.com.au/v1/myaccount/bff
2026-05-03T12:00:00.000,0.084,0.0287364,https://api.alintaenergy.com.au/v1/myaccount/bff
2026-05-03T13:00:00.000,0.288,0.0985248,https://api.alintaenergy.com.au/v1/myaccount/bff
2026-05-03T14:00:00.000,0.09,0.030789,https://api.alintaenergy.com.au/v1/myaccount/bff
2026-05-03T15:00:00.000,0.897,0.3068637,https://api.alintaenergy.com.au/v1/myaccount/bff
2026-05-03T16:00:00.000,1.008,0.3448368,https://api.alintaenergy.com.au/v1/myaccount/bff
2026-05-03T17:00:00.000,1.034,0.3537314,https://api.alintaenergy.com.au/v1/myaccount/bff
2026-05-03T18:00:00.000,1.153,0.3944413,https://api.alintaenergy.com.au/v1/myaccount/bff
2026-05-03T19:00:00.000,0.939,0.3212319,https://api.alintaenergy.com.au/v1/myaccount/bff
2026-05-03T20:00:00.000,1.344,0.4597824,https://api.alintaenergy.com.au/v1/myaccount/bff
2026-05-03T21:00:00.000,1.482,0.5069922,https://api.alintaenergy.com.au/v1/myaccount/bff
2026-05-03T22:00:00.000,0.654,0.2237334,https://api.alintaenergy.com.au/v1/myaccount/bff
2026-05-03T23:00:00.000,0.799,0.2733379,https://api.alintaenergy.com.au/v1/myaccount/bff
2026-05-04T00:00:00.000,0.595,0.2035495,https://api.alintaenergy.com.au/v1/myaccount/bff
2026-05-04T01:00:00.000,0.644,0.2203124,https://api.alintaenergy.com.au/v1/myaccount/bff
2026-05-04T02:00:00.000,1.005,0.3438105,https://api.alintaenergy.com.au/v1/myaccount/bff
2026-05-04T03:00:00.000,0.597,0.2042337,https://api.alintaenergy.com.au/v1/myaccount/bff
2026-05-04T04:00:00.000,0.565,0.1932865,https://api.alintaenergy.com.au/v1/myaccount/bff
2026-05-04T05:00:00.000,0.565,0.1932865,https://api.alintaenergy.com.au/v1/myaccount/bff
2026-05-04T06:00:00.000,0.577,0.1973917,https://api.alintaenergy.com.au/v1/myaccount/bff
2026-05-04T07:00:00.000,0.562,0.1922602,https://api.alintaenergy.com.au/v1/myaccount/bff
2026-05-04T08:00:00.000,0.205,0.0701305,https://api.alintaenergy.com.au/v1/myaccount/bff
2026-05-04T09:00:00.000,0.415,0.1419715,https://api.alintaenergy.com.au/v1/myaccount/bff
2026-05-04T10:00:00.000,0.557,0.1905497,https://api.alintaenergy.com.au/v1/myaccount/bff
2026-05-04T11:00:00.000,0.596,0.2038916,https://api.alintaenergy.com.au/v1/myaccount/bff
2026-05-04T12:00:00.000,0.506,0.1731026,https://api.alintaenergy.com.au/v1/myaccount/bff
2026-05-04T13:00:00.000,0.188,0.0643148,https://api.alintaenergy.com.au/v1/myaccount/bff
2026-05-04T14:00:00.000,0.026,0.0088946,https://api.alintaenergy.com.au/v1/myaccount/bff
2026-05-04T15:00:00.000,0.764,0.2613644,https://api.alintaenergy.com.au/v1/myaccount/bff
2026-05-04T16:00:00.000,0.974,0.3332054,https://api.alintaenergy.com.au/v1/myaccount/bff
2026-05-04T17:00:00.000,1.43,0.489203,https://api.alintaenergy.com.au/v1/myaccount/bff
2026-05-04T18:00:00.000,1.277,0.4368617,https://api.alintaenergy.com.au/v1/myaccount/bff
2026-05-04T19:00:00.000,1.202,0.4112042,https://api.alintaenergy.com.au/v1/myaccount/bff
2026-05-04T20:00:00.000,1.121,0.3834941,https://api.alintaenergy.com.au/v1/myaccount/bff
2026-05-04T21:00:00.000,0.981,0.3356001,https://api.alintaenergy.com.au/v1/myaccount/bff
2026-05-04T22:00:00.000,1.215,0.4156515,https://api.alintaenergy.com.au/v1/myaccount/bff
2026-05-04T23:00:00.000,0.994,0.3400474,https://api.alintaenergy.com.au/v1/myaccount/bff
2026-05-05T00:00:00.000,0.95,0.324995,https://api.alintaenergy.com.au/v1/myaccount/bff
2026-05-05T01:00:00.000,1.166,0.3988886,https://api.alintaenergy.com.au/v1/myaccount/bff
2026-05-05T02:00:00.000,1.073,0.3670733,https://api.alintaenergy.com.au/v1/myaccount/bff
2026-05-05T03:00:00.000,0.898,0.3072058,https://api.alintaenergy.com.au/v1/myaccount/bff
2026-05-05T04:00:00.000,0.63,0.215523,https://api.alintaenergy.com.au/v1/myaccount/bff
2026-05-05T05:00:00.000,0.628,0.2148388,https://api.alintaenergy.com.au/v1/myaccount/bff
2026-05-05T06:00:00.000,0.592,0.2025232,https://api.alintaenergy.com.au/v1/myaccount/bff
2026-05-05T07:00:00.000,0.481,0.1645501,https://api.alintaenergy.com.au/v1/myaccount/bff
2026-05-05T08:00:00.000,0.2,0.06842,https://api.alintaenergy.com.au/v1/myaccount/bff
2026-05-05T09:00:00.000,0.12,0.041052,https://api.alintaenergy.com.au/v1/myaccount/bff
2026-05-05T10:00:00.000,0.166,0.0567886,https://api.alintaenergy.com.au/v1/myaccount/bff
2026-05-05T11:00:00.000,0.227,0.0776567,https://api.alintaenergy.com.au/v1/myaccount/bff
2026-05-05T12:00:00.000,0.729,0.2493909,https://api.alintaenergy.com.au/v1/myaccount/bff
2026-05-05T13:00:00.000,0.624,0.2134704,https://api.alintaenergy.com.au/v1/myaccount/bff
2026-05-05T14:00:00.000,1.046,0.3578366,https://api.alintaenergy.com.au/v1/myaccount/bff
2026-05-05T15:00:00.000,1.135,0.3882835,https://api.alintaenergy.com.au/v1/myaccount/bff
2026-05-05T16:00:00.000,0.827,0.2829167,https://api.alintaenergy.com.au/v1/myaccount/bff
2026-05-05T17:00:00.000,1.203,0.4115463,https://api.alintaenergy.com.au/v1/myaccount/bff
2026-05-05T18:00:00.000,3.011,1.0300631,https://api.alintaenergy.com.au/v1/myaccount/bff
2026-05-05T19:00:00.000,1.3,0.44473,https://api.alintaenergy.com.au/v1/myaccount/bff
2026-05-05T20:00:00.000,1.006,0.3441526,https://api.alintaenergy.com.au/v1/myaccount/bff
2026-05-05T21:00:00.000,0.661,0.2261281,https://api.alintaenergy.com.au/v1/myaccount/bff
2026-05-05T22:00:00.000,0.613,0.2097073,https://api.alintaenergy.com.au/v1/myaccount/bff
2026-05-05T23:00:00.000,0.604,0.2066284,https://api.alintaenergy.com.au/v1/myaccount/bff
2026-05-06T00:00:00.000,0.61,0.208681,https://api.alintaenergy.com.au/v1/myaccount/bff
2026-05-06T01:00:00.000,0.645,0.2206545,https://api.alintaenergy.com.au/v1/myaccount/bff
2026-05-06T02:00:00.000,0.892,0.3051532,https://api.alintaenergy.com.au/v1/myaccount/bff
2026-05-06T03:00:00.000,0.56,0.191576,https://api.alintaenergy.com.au/v1/myaccount/bff
2026-05-06T04:00:00.000,0.65,0.222365,https://api.alintaenergy.com.au/v1/myaccount/bff
2026-05-06T05:00:00.000,0.556,0.1902076,https://api.alintaenergy.com.au/v1/myaccount/bff
2026-05-06T06:00:00.000,0.557,0.1905497,https://api.alintaenergy.com.au/v1/myaccount/bff
2026-05-06T07:00:00.000,0.416,0.1423136,https://api.alintaenergy.com.au/v1/myaccount/bff
2026-05-06T08:00:00.000,0.065,0.0222365,https://api.alintaenergy.com.au/v1/myaccount/bff
2026-05-06T09:00:00.000,0.015,0.0051315,https://api.alintaenergy.com.au/v1/myaccount/bff
2026-05-06T10:00:00.000,0.144,0.0492624,https://api.alintaenergy.com.au/v1/myaccount/bff
2026-05-06T11:00:00.000,0.073,0.0249733,https://api.alintaenergy.com.au/v1/myaccount/bff
2026-05-06T12:00:00.000,0.081,0.0277101,https://api.alintaenergy.com.au/v1/myaccount/bff
2026-05-06T13:00:00.000,0.226,0.0773146,https://api.alintaenergy.com.au/v1/myaccount/bff
2026-05-06T14:00:00.000,0.38,0.129998,https://api.alintaenergy.com.au/v1/myaccount/bff
2026-05-06T15:00:00.000,1.007,0.3444947,https://api.alintaenergy.com.au/v1/myaccount/bff
2026-05-06T16:00:00.000,0.771,0.2637591,https://api.alintaenergy.com.au/v1/myaccount/bff
2026-05-06T17:00:00.000,0.877,0.3000217,https://api.alintaenergy.com.au/v1/myaccount/bff
2026-05-06T18:00:00.000,0.992,0.3393632,https://api.alintaenergy.com.au/v1/myaccount/bff
2026-05-06T19:00:00.000,1.018,0.3482578,https://api.alintaenergy.com.au/v1/myaccount/bff
2026-05-06T20:00:00.000,1.149,0.3930729,https://api.alintaenergy.com.au/v1/myaccount/bff
2026-05-06T21:00:00.000,0.805,0.2753905,https://api.alintaenergy.com.au/v1/myaccount/bff
2026-05-06T22:00:00.000,1.008,0.3448368,https://api.alintaenergy.com.au/v1/myaccount/bff
2026-05-06T23:00:00.000,1.312,0.4488352,https://api.alintaenergy.com.au/v1/myaccount/bff
2026-05-07T00:00:00.000,0.722,0.2469962,https://api.alintaenergy.com.au/v1/myaccount/bff
2026-05-07T01:00:00.000,1.087,0.3718627,https://api.alintaenergy.com.au/v1/myaccount/bff
2026-05-07T02:00:00.000,0.924,0.3161004,https://api.alintaenergy.com.au/v1/myaccount/bff
2026-05-07T03:00:00.000,0.596,0.2038916,https://api.alintaenergy.com.au/v1/myaccount/bff
2026-05-07T04:00:00.000,0.556,0.1902076,https://api.alintaenergy.com.au/v1/myaccount/bff
2026-05-07T05:00:00.000,0.616,0.2107336,https://api.alintaenergy.com.au/v1/myaccount/bff
2026-05-07T06:00:00.000,0.591,0.2021811,https://api.alintaenergy.com.au/v1/myaccount/bff
2026-05-07T07:00:00.000,0.4,0.13684,https://api.alintaenergy.com.au/v1/myaccount/bff
2026-05-07T08:00:00.000,0.2,0.06842,https://api.alintaenergy.com.au/v1/myaccount/bff
2026-05-07T09:00:00.000,0.193,0.0660253,https://api.alintaenergy.com.au/v1/myaccount/bff
2026-05-07T10:00:00.000,0.009,0.0030789,https://api.alintaenergy.com.au/v1/myaccount/bff
2026-05-07T11:00:00.000,0.026,0.0088946,https://api.alintaenergy.com.au/v1/myaccount/bff
2026-05-07T12:00:00.000,0.028,0.0095788,https://api.alintaenergy.com.au/v1/myaccount/bff
2026-05-07T13:00:00.000,0.031,0.0106051,https://api.alintaenergy.com.au/v1/myaccount/bff
2026-05-07T14:00:00.000,0.315,0.1077615,https://api.alintaenergy.com.au/v1/myaccount/bff
2026-05-07T15:00:00.000,0.668,0.2285228,https://api.alintaenergy.com.au/v1/myaccount/bff
2026-05-07T16:00:00.000,1.726,0.5904646,https://api.alintaenergy.com.au/v1/myaccount/bff
2026-05-07T17:00:00.000,1.558,0.5329918,https://api.alintaenergy.com.au/v1/myaccount/bff
2026-05-07T18:00:00.000,1.252,0.4283092,https://api.alintaenergy.com.au/v1/myaccount/bff
2026-05-07T19:00:00.000,0.743,0.2541803,https://api.alintaenergy.com.au/v1/myaccount/bff
2026-05-07T20:00:00.000,0.866,0.2962586,https://api.alintaenergy.com.au/v1/myaccount/bff
2026-05-07T21:00:00.000,0.681,0.2329701,https://api.alintaenergy.com.au/v1/myaccount/bff
2026-05-07T22:00:00.000,0.579,0.1980759,https://api.alintaenergy.com.au/v1/myaccount/bff
2026-05-07T23:00:00.000,0.517,0.1768657,https://api.alintaenergy.com.au/v1/myaccount/bff
2026-05-08T00:00:00.000,0.476,0.1628396,https://api.alintaenergy.com.au/v1/myaccount/bff
2026-05-08T01:00:00.000,0.538,0.1840498,https://api.alintaenergy.com.au/v1/myaccount/bff
2026-05-08T02:00:00.000,0.808,0.2764168,https://api.alintaenergy.com.au/v1/myaccount/bff
2026-05-08T03:00:00.000,0.473,0.1618133,https://api.alintaenergy.com.au/v1/myaccount/bff
2026-05-08T04:00:00.000,0.491,0.1679711,https://api.alintaenergy.com.au/v1/myaccount/bff
2026-05-08T05:00:00.000,0.46,0.157366,https://api.alintaenergy.com.au/v1/myaccount/bff
2026-05-08T06:00:00.000,0.496,0.1696816,https://api.alintaenergy.com.au/v1/myaccount/bff
2026-05-08T07:00:00.000,0.309,0.1057089,https://api.alintaenergy.com.au/v1/myaccount/bff
2026-05-08T08:00:00.000,1.265,0.30025335999999997,https://api.alintaenergy.com.au/v1/myaccount/bff
2026-05-08T09:00:00.000,1.508,0.35576991999999996,https://api.alintaenergy.com.au/v1/myaccount/bff
2026-05-08T10:00:00.000,0.001,0.0003421,https://api.alintaenergy.com.au/v1/myaccount/bff
2026-05-08T11:00:00.000,0.09,0.030789,https://api.alintaenergy.com.au/v1/myaccount/bff
2026-05-08T12:00:00.000,0.48,0.164208,https://api.alintaenergy.com.au/v1/myaccount/bff
2026-05-08T13:00:00.000,0.389,0.1330769,https://api.alintaenergy.com.au/v1/myaccount/bff
2026-05-08T14:00:00.000,0.436,0.1491556,https://api.alintaenergy.com.au/v1/myaccount/bff
2026-05-08T15:00:00.000,0.193,0.0660253,https://api.alintaenergy.com.au/v1/myaccount/bff
2026-05-08T16:00:00.000,0.731,0.2500751,https://api.alintaenergy.com.au/v1/myaccount/bff
2026-05-08T17:00:00.000,0.81,0.277101,https://api.alintaenergy.com.au/v1/myaccount/bff
2026-05-08T18:00:00.000,0.986,0.3373106,https://api.alintaenergy.com.au/v1/myaccount/bff
2026-05-08T19:00:00.000,0.935,0.3198635,https://api.alintaenergy.com.au/v1/myaccount/bff
2026-05-08T20:00:00.000,1.032,0.3530472,https://api.alintaenergy.com.au/v1/myaccount/bff
2026-05-08T21:00:00.000,0.676,0.2312596,https://api.alintaenergy.com.au/v1/myaccount/bff
2026-05-08T22:00:00.000,0.884,0.3024164,https://api.alintaenergy.com.au/v1/myaccount/bff
2026-05-08T23:00:00.000,0.952,0.3256792,https://api.alintaenergy.com.au/v1/myaccount/bff
2026-05-09T00:00:00.000,0.605,0.2069705,https://api.alintaenergy.com.au/v1/myaccount/bff
2026-05-09T01:00:00.000,0.663,0.2268123,https://api.alintaenergy.com.au/v1/myaccount/bff
2026-05-09T02:00:00.000,0.997,0.3410737,https://api.alintaenergy.com.au/v1/myaccount/bff
2026-05-09T03:00:00.000,0.643,0.2199703,https://api.alintaenergy.com.au/v1/myaccount/bff
2026-05-09T04:00:00.000,0.596,0.2038916,https://api.alintaenergy.com.au/v1/myaccount/bff
2026-05-09T05:00:00.000,0.599,0.2049179,https://api.alintaenergy.com.au/v1/myaccount/bff
2026-05-09T06:00:00.000,0.589,0.2014969,https://api.alintaenergy.com.au/v1/myaccount/bff
2026-05-09T07:00:00.000,0.423,0.1447083,https://api.alintaenergy.com.au/v1/myaccount/bff
2026-05-09T08:00:00.000,0.214,0.0732094,https://api.alintaenergy.com.au/v1/myaccount/bff
2026-05-09T09:00:00.000,0.122,0.0417362,https://api.alintaenergy.com.au/v1/myaccount/bff
2026-05-09T10:00:00.000,0.183,0.0626043,https://api.alintaenergy.com.au/v1/myaccount/bff
2026-05-09T11:00:00.000,0.026,0.0088946,https://api.alintaenergy.com.au/v1/myaccount/bff
2026-05-09T12:00:00.000,0.001,0.0003421,https://api.alintaenergy.com.au/v1/myaccount/bff
2026-05-09T13:00:00.000,0.088,0.0301048,https://api.alintaenergy.com.au/v1/myaccount/bff
2026-05-09T14:00:00.000,0.181,0.0619201,https://api.alintaenergy.com.au/v1/myaccount/bff
2026-05-09T15:00:00.000,0.352,0.1204192,https://api.alintaenergy.com.au/v1/myaccount/bff
2026-05-09T16:00:00.000,0.747,0.2555487,https://api.alintaenergy.com.au/v1/myaccount/bff
2026-05-09T17:00:00.000,0.928,0.3174688,https://api.alintaenergy.com.au/v1/myaccount/bff
2026-05-09T18:00:00.000,1.006,0.3441526,https://api.alintaenergy.com.au/v1/myaccount/bff
2026-05-09T19:00:00.000,0.822,0.2812062,https://api.alintaenergy.com.au/v1/myaccount/bff
2026-05-09T20:00:00.000,0.704,0.2408384,https://api.alintaenergy.com.au/v1/myaccount/bff
2026-05-09T21:00:00.000,0.642,0.2196282,https://api.alintaenergy.com.au/v1/myaccount/bff
2026-05-09T22:00:00.000,0.619,0.2117599,https://api.alintaenergy.com.au/v1/myaccount/bff
2026-05-09T23:00:00.000,0.609,0.2083389,https://api.alintaenergy.com.au/v1/myaccount/bff
2026-05-10T00:00:00.000,0.621,0.2124441,https://api.alintaenergy.com.au/v1/myaccount/bff
2026-05-10T01:00:00.000,0.818,0.2798378,https://api.alintaenergy.com.au/v1/myaccount/bff
2026-05-10T02:00:00.000,0.583,0.1994443,https://api.alintaenergy.com.au/v1/myaccount/bff
2026-05-10T03:00:00.000,0.56,0.191576,https://api.alintaenergy.com.au/v1/myaccount/bff
2026-05-10T04:00:00.000,0.586,0.2004706,https://api.alintaenergy.com.au/v1/myaccount/bff
2026-05-10T05:00:00.000,0.613,0.2097073,https://api.alintaenergy.com.au/v1/myaccount/bff
2026-05-10T06:00:00.000,0.601,0.2056021,https://api.alintaenergy.com.au/v1/myaccount/bff
2026-05-10T07:00:00.000,0.501,0.1713921,https://api.alintaenergy.com.au/v1/myaccount/bff
2026-05-10T08:00:00.000,0.143,0.0489203,https://api.alintaenergy.com.au/v1/myaccount/bff
2026-05-10T09:00:00.000,1.219,0.4170199,https://api.alintaenergy.com.au/v1/myaccount/bff
2026-05-10T10:00:00.000,2.705,0.9253805,https://api.alintaenergy.com.au/v1/myaccount/bff
2026-05-10T11:00:00.000,1.318,0.4508878,https://api.alintaenergy.com.au/v1/myaccount/bff
2026-05-10T12:00:00.000,0.312,0.1067352,https://api.alintaenergy.com.au/v1/myaccount/bff
2026-05-10T13:00:00.000,0.155,0.0530255,https://api.alintaenergy.com.au/v1/myaccount/bff
2026-05-10T14:00:00.000,0.446,0.1525766,https://api.alintaenergy.com.au/v1/myaccount/bff
2026-05-10T15:00:00.000,0.613,0.2097073,https://api.alintaenergy.com.au/v1/myaccount/bff
2026-05-10T16:00:00.000,0.834,0.2853114,https://api.alintaenergy.com.au/v1/myaccount/bff
2026-05-10T17:00:00.000,0.818,0.2798378,https://api.alintaenergy.com.au/v1/myaccount/bff
2026-05-10T18:00:00.000,1.165,0.3985465,https://api.alintaenergy.com.au/v1/myaccount/bff
2026-05-10T19:00:00.000,0.655,0.2240755,https://api.alintaenergy.com.au/v1/myaccount/bff
2026-05-10T20:00:00.000,0.538,0.1840498,https://api.alintaenergy.com.au/v1/myaccount/bff
2026-05-10T21:00:00.000,0.523,0.1789183,https://api.alintaenergy.com.au/v1/myaccount/bff
2026-05-10T22:00:00.000,0.551,0.1884971,https://api.alintaenergy.com.au/v1/myaccount/bff
2026-05-10T23:00:00.000,0.66,0.225786,https://api.alintaenergy.com.au/v1/myaccount/bff
2026-05-11T00:00:00.000,0.471,0.1611291,https://api.alintaenergy.com.au/v1/myaccount/bff
2026-05-11T01:00:00.000,0.513,0.1754973,https://api.alintaenergy.com.au/v1/myaccount/bff
2026-05-11T02:00:00.000,0.794,0.2716274,https://api.alintaenergy.com.au/v1/myaccount/bff
2026-05-11T03:00:00.000,0.466,0.1594186,https://api.alintaenergy.com.au/v1/myaccount/bff
2026-05-11T04:00:00.000,0.479,0.1638659,https://api.alintaenergy.com.au/v1/myaccount/bff
2026-05-11T05:00:00.000,0.541,0.1850761,https://api.alintaenergy.com.au/v1/myaccount/bff
2026-05-11T06:00:00.000,0.618,0.2114178,https://api.alintaenergy.com.au/v1/myaccount/bff
2026-05-11T07:00:00.000,0.45,0.153945,https://api.alintaenergy.com.au/v1/myaccount/bff
2026-05-11T08:00:00.000,0.068,0.0232628,https://api.alintaenergy.com.au/v1/myaccount/bff
2026-05-11T09:00:00.000,0.029,0.0099209,https://api.alintaenergy.com.au/v1/myaccount/bff
2026-05-11T10:00:00.000,0.057,0.0194997,https://api.alintaenergy.com.au/v1/myaccount/bff
2026-05-11T11:00:00.000,0.131,0.0448151,https://api.alintaenergy.com.au/v1/myaccount/bff
2026-05-11T12:00:00.000,0.312,0.1067352,https://api.alintaenergy.com.au/v1/myaccount/bff
2026-05-11T13:00:00.000,0.483,0.1652343,https://api.alintaenergy.com.au/v1/myaccount/bff
2026-05-11T14:00:00.000,0.174,0.0595254,https://api.alintaenergy.com.au/v1/myaccount/bff
2026-05-11T15:00:00.000,0.511,0.1748131,https://api.alintaenergy.com.au/v1/myaccount/bff
2026-05-11T16:00:00.000,0.551,0.1884971,https://api.alintaenergy.com.au/v1/myaccount/bff
2026-05-11T17:00:00.000,0.679,0.2322859,https://api.alintaenergy.com.au/v1/myaccount/bff
2026-05-11T18:00:00.000,0.711,0.2432331,https://api.alintaenergy.com.au/v1/myaccount/bff
2026-05-11T19:00:00.000,0.782,0.2675222,https://api.alintaenergy.com.au/v1/myaccount/bff
2026-05-11T20:00:00.000,0.659,0.2254439,https://api.alintaenergy.com.au/v1/myaccount/bff
2026-05-11T21:00:00.000,0.789,0.2699169,https://api.alintaenergy.com.au/v1/myaccount/bff
2026-05-11T22:00:00.000,0.804,0.2750484,https://api.alintaenergy.com.au/v1/myaccount/bff
2026-05-11T23:00:00.000,0.467,0.1597607,https://api.alintaenergy.com.au/v1/myaccount/bff
2026-05-12T00:00:00.000,0.508,0.1737868,https://api.alintaenergy.com.au/v1/myaccount/bff
2026-05-12T01:00:00.000,0.766,0.2620486,https://api.alintaenergy.com.au/v1/myaccount/bff
2026-05-12T02:00:00.000,0.771,0.2637591,https://api.alintaenergy.com.au/v1/myaccount/bff
2026-05-12T03:00:00.000,0.46,0.157366,https://api.alintaenergy.com.au/v1/myaccount/bff
2026-05-12T04:00:00.000,0.491,0.1679711,https://api.alintaenergy.com.au/v1/myaccount/bff
2026-05-12T05:00:00.000,0.457,0.1563397,https://api.alintaenergy.com.au/v1/myaccount/bff
2026-05-12T06:00:00.000,0.456,0.1559976,https://api.alintaenergy.com.au/v1/myaccount/bff
2026-05-12T07:00:00.000,0.305,0.1043405,https://api.alintaenergy.com.au/v1/myaccount/bff
2026-05-12T08:00:00.000,0.031,0.0106051,https://api.alintaenergy.com.au/v1/myaccount/bff
2026-05-12T09:00:00.000,0.218,0.0745778,https://api.alintaenergy.com.au/v1/myaccount/bff
2026-05-12T10:00:00.000,0.093,0.0318153,https://api.alintaenergy.com.au/v1/myaccount/bff
2026-05-12T11:00:00.000,0.071,0.0242891,https://api.alintaenergy.com.au/v1/myaccount/bff
2026-05-12T12:00:00.000,0.155,0.0530255,https://api.alintaenergy.com.au/v1/myaccount/bff
2026-05-12T13:00:00.000,0.073,0.0249733,https://api.alintaenergy.com.au/v1/myaccount/bff
2026-05-12T14:00:00.000,0.213,0.0728673,https://api.alintaenergy.com.au/v1/myaccount/bff
2026-05-12T15:00:00.000,0.513,0.1754973,https://api.alintaenergy.com.au/v1/myaccount/bff
2026-05-12T16:00:00.000,0.72,0.246312,https://api.alintaenergy.com.au/v1/myaccount/bff
2026-05-12T17:00:00.000,0.694,0.2374174,https://api.alintaenergy.com.au/v1/myaccount/bff
2026-05-12T18:00:00.000,0.892,0.3051532,https://api.alintaenergy.com.au/v1/myaccount/bff
2026-05-12T19:00:00.000,0.852,0.2914692,https://api.alintaenergy.com.au/v1/myaccount/bff
2026-05-12T20:00:00.000,0.81,0.277101,https://api.alintaenergy.com.au/v1/myaccount/bff
2026-05-12T21:00:00.000,0.813,0.2781273,https://api.alintaenergy.com.au/v1/myaccount/bff
2026-05-12T22:00:00.000,0.713,0.2439173,https://api.alintaenergy.com.au/v1/myaccount/bff
2026-05-12T23:00:00.000,0.686,0.2346806,https://api.alintaenergy.com.au/v1/myaccount/bff
2026-05-13T00:00:00.000,0.63,0.215523,https://api.alintaenergy.com.au/v1/myaccount/bff
2026-05-13T01:00:00.000,0.589,0.2014969,https://api.alintaenergy.com.au/v1/myaccount/bff
2026-05-13T02:00:00.000,0.831,0.2842851,https://api.alintaenergy.com.au/v1/myaccount/bff
2026-05-13T03:00:00.000,0.511,0.1748131,https://api.alintaenergy.com.au/v1/myaccount/bff
2026-05-13T04:00:00.000,0.525,0.1796025,https://api.alintaenergy.com.au/v1/myaccount/bff
2026-05-13T05:00:00.000,0.502,0.1717342,https://api.alintaenergy.com.au/v1/myaccount/bff
2026-05-13T06:00:00.000,0.483,0.1652343,https://api.alintaenergy.com.au/v1/myaccount/bff
2026-05-13T07:00:00.000,0.428,0.1464188,https://api.alintaenergy.com.au/v1/myaccount/bff
2026-05-13T08:00:00.000,0.328,0.1122088,https://api.alintaenergy.com.au/v1/myaccount/bff
2026-05-13T09:00:00.000,0.206,0.0704726,https://api.alintaenergy.com.au/v1/myaccount/bff
2026-05-13T10:00:00.000,0.273,0.0933933,https://api.alintaenergy.com.au/v1/myaccount/bff
2026-05-13T11:00:00.000,0.169,0.0578149,https://api.alintaenergy.com.au/v1/myaccount/bff
2026-05-13T12:00:00.000,0.041,0.0140261,https://api.alintaenergy.com.au/v1/myaccount/bff
2026-05-13T13:00:00.000,0.086,0.0294206,https://api.alintaenergy.com.au/v1/myaccount/bff
2026-05-13T14:00:00.000,0.333,0.1139193,https://api.alintaenergy.com.au/v1/myaccount/bff
2026-05-13T15:00:00.000,0.695,0.2377595,https://api.alintaenergy.com.au/v1/myaccount/bff
2026-05-13T16:00:00.000,0.586,0.2004706,https://api.alintaenergy.com.au/v1/myaccount/bff
2026-05-13T17:00:00.000,0.671,0.2295491,https://api.alintaenergy.com.au/v1/myaccount/bff
2026-05-13T18:00:00.000,0.963,0.3294423,https://api.alintaenergy.com.au/v1/myaccount/bff
2026-05-13T19:00:00.000,0.81,0.277101,https://api.alintaenergy.com.au/v1/myaccount/bff
2026-05-13T20:00:00.000,0.6,0.20526,https://api.alintaenergy.com.au/v1/myaccount/bff
2026-05-13T21:00:00.000,0.587,0.2008127,https://api.alintaenergy.com.au/v1/myaccount/bff
2026-05-13T22:00:00.000,0.784,0.2682064,https://api.alintaenergy.com.au/v1/myaccount/bff
2026-05-13T23:00:00.000,0.659,0.2254439,https://api.alintaenergy.com.au/v1/myaccount/bff
2026-05-14T00:00:00.000,0.52,0.177892,https://api.alintaenergy.com.au/v1/myaccount/bff
2026-05-14T01:00:00.000,0.749,0.2562329,https://api.alintaenergy.com.au/v1/myaccount/bff
2026-05-14T02:00:00.000,0.751,0.2569171,https://api.alintaenergy.com.au/v1/myaccount/bff
2026-05-14T03:00:00.000,0.522,0.1785762,https://api.alintaenergy.com.au/v1/myaccount/bff
2026-05-14T04:00:00.000,0.562,0.1922602,https://api.alintaenergy.com.au/v1/myaccount/bff
2026-05-14T05:00:00.000,0.598,0.2045758,https://api.alintaenergy.com.au/v1/myaccount/bff
2026-05-14T06:00:00.000,1.026,0.31107240999999997,https://api.alintaenergy.com.au/v1/myaccount/bff
2026-05-14T07:00:00.000,2.373,0.62781873,https://api.alintaenergy.com.au/v1/myaccount/bff
2026-05-14T08:00:00.000,2.255,0.5877720200000001,https://api.alintaenergy.com.au/v1/myaccount/bff
2026-05-14T09:00:00.000,2.149,0.55076021,https://api.alintaenergy.com.au/v1/myaccount/bff
2026-05-14T10:00:00.000,0.53,0.16568662,https://api.alintaenergy.com.au/v1/myaccount/bff
2026-05-14T11:00:00.000,0.286,0.0978406,https://api.alintaenergy.com.au/v1/myaccount/bff
2026-05-14T12:00:00.000,0.341,0.1166561,https://api.alintaenergy.com.au/v1/myaccount/bff
2026-05-14T13:00:00.000,0.291,0.0995511,https://api.alintaenergy.com.au/v1/myaccount/bff
2026-05-14T14:00:00.000,0.561,0.1919181,https://api.alintaenergy.com.au/v1/myaccount/bff
2026-05-14T15:00:00.000,0.565,0.1932865,https://api.alintaenergy.com.au/v1/myaccount/bff
2026-05-14T16:00:00.000,0.713,0.2439173,https://api.alintaenergy.com.au/v1/myaccount/bff
2026-05-14T17:00:00.000,0.675,0.2309175,https://api.alintaenergy.com.au/v1/myaccount/bff
2026-05-14T18:00:00.000,0.742,0.2538382,https://api.alintaenergy.com.au/v1/myaccount/bff
2026-05-14T19:00:00.000,1.68,0.49862966999999997,https://api.alintaenergy.com.au/v1/myaccount/bff
2026-05-14T20:00:00.000,1.932,0.51805215,https://api.alintaenergy.com.au/v1/myaccount/bff
2026-05-14T21:00:00.000,0.525,0.1796025,https://api.alintaenergy.com.au/v1/myaccount/bff
2026-05-14T22:00:00.000,0.52,0.177892,https://api.alintaenergy.com.au/v1/myaccount/bff
2026-05-14T23:00:00.000,0.484,0.1655764,https://api.alintaenergy.com.au/v1/myaccount/bff
2026-05-15T00:00:00.000,0.496,0.1696816,https://api.alintaenergy.com.au/v1/myaccount/bff
2026-05-15T01:00:00.000,0.521,0.1782341,https://api.alintaenergy.com.au/v1/myaccount/bff
2026-05-15T02:00:00.000,0.799,0.2733379,https://api.alintaenergy.com.au/v1/myaccount/bff
2026-05-15T03:00:00.000,0.496,0.16957457,https://api.alintaenergy.com.au/v1/myaccount/bff
2026-05-15T04:00:00.000,0.476,0.1628396,https://api.alintaenergy.com.au/v1/myaccount/bff
2026-05-15T05:00:00.000,0.598,0.2045758,https://api.alintaenergy.com.au/v1/myaccount/bff
2026-05-15T06:00:00.000,2.166,0.5758413099999999,https://api.alintaenergy.com.au/v1/myaccount/bff
2026-05-15T07:00:00.000,0.9660000000000001,0.31280865,https://api.alintaenergy.com.au/v1/myaccount/bff
2026-05-15T08:00:00.000,0.418,0.14289077,https://api.alintaenergy.com.au/v1/myaccount/bff
2026-05-15T09:00:00.000,0.058,0.0198418,https://api.alintaenergy.com.au/v1/myaccount/bff
2026-05-15T10:00:00.000,0.012,0.0041052,https://api.alintaenergy.com.au/v1/myaccount/bff
2026-05-15T11:00:00.000,0.068,0.0232628,https://api.alintaenergy.com.au/v1/myaccount/bff
2026-05-15T12:00:00.000,0.055,0.0188155,https://api.alintaenergy.com.au/v1/myaccount/bff
2026-05-15T13:00:00.000,0.06,0.020526,https://api.alintaenergy.com.au/v1/myaccount/bff
2026-05-15T14:00:00.000,0.443,0.1515503,https://api.alintaenergy.com.au/v1/myaccount/bff
2026-05-15T15:00:00.000,0.53,0.181313,https://api.alintaenergy.com.au/v1/myaccount/bff
2026-05-15T16:00:00.000,0.735,0.2514435,https://api.alintaenergy.com.au/v1/myaccount/bff
2026-05-15T17:00:00.000,1.828,0.6253588,https://api.alintaenergy.com.au/v1/myaccount/bff
2026-05-15T18:00:00.000,1.716,0.5870436,https://api.alintaenergy.com.au/v1/myaccount/bff
2026-05-15T19:00:00.000,0.793,0.2712853,https://api.alintaenergy.com.au/v1/myaccount/bff
2026-05-15T20:00:00.000,0.733,0.2507593,https://api.alintaenergy.com.au/v1/myaccount/bff
2026-05-15T21:00:00.000,0.621,0.2124441,https://api.alintaenergy.com.au/v1/myaccount/bff
2026-05-15T22:00:00.000,0.842,0.2880482,https://api.alintaenergy.com.au/v1/myaccount/bff
2026-05-15T23:00:00.000,0.734,0.2511014,https://api.alintaenergy.com.au/v1/myaccount/bff
2026-05-16T00:00:00.000,0.554,0.1895234,https://api.alintaenergy.com.au/v1/myaccount/bff
2026-05-16T01:00:00.000,0.61,0.208681,https://api.alintaenergy.com.au/v1/myaccount/bff
2026-05-16T02:00:00.000,0.821,0.2808641,https://api.alintaenergy.com.au/v1/myaccount/bff
2026-05-16T03:00:00.000,0.526,0.1799446,https://api.alintaenergy.com.au/v1/myaccount/bff
2026-05-16T04:00:00.000,0.457,0.1563397,https://api.alintaenergy.com.au/v1/myaccount/bff
2026-05-16T05:00:00.000,0.475,0.1624975,https://api.alintaenergy.com.au/v1/myaccount/bff
2026-05-16T06:00:00.000,0.443,0.1515503,https://api.alintaenergy.com.au/v1/myaccount/bff
2026-05-16T07:00:00.000,0.381,0.1303401,https://api.alintaenergy.com.au/v1/myaccount/bff
2026-05-16T08:00:00.000,0.491,0.1679711,https://api.alintaenergy.com.au/v1/myaccount/bff
2026-05-16T09:00:00.000,1.725,0.5901225,https://api.alintaenergy.com.au/v1/myaccount/bff
2026-05-16T10:00:00.000,4.0169999999999995,1.2368962099999998,https://api.alintaenergy.com.au/v1/myaccount/bff
2026-05-16T11:00:00.000,1.528,0.45958109999999996,https://api.alintaenergy.com.au/v1/myaccount/bff
2026-05-16T12:00:00.000,1.891,0.6469111,https://api.alintaenergy.com.au/v1/myaccount/bff
2026-05-16T13:00:00.000,0.36,0.123156,https://api.alintaenergy.com.au/v1/myaccount/bff
2026-05-16T14:00:00.000,0.641,0.2192861,https://api.alintaenergy.com.au/v1/myaccount/bff
2026-05-16T15:00:00.000,0.736,0.2517856,https://api.alintaenergy.com.au/v1/myaccount/bff
2026-05-16T16:00:00.000,0.892,0.3051532,https://api.alintaenergy.com.au/v1/myaccount/bff
2026-05-16T17:00:00.000,1.168,0.3995728,https://api.alintaenergy.com.au/v1/myaccount/bff
2026-05-16T18:00:00.000,1.32,0.451572,https://api.alintaenergy.com.au/v1/myaccount/bff
2026-05-16T19:00:00.000,0.799,0.2733379,https://api.alintaenergy.com.au/v1/myaccount/bff
2026-05-16T20:00:00.000,0.559,0.1912339,https://api.alintaenergy.com.au/v1/myaccount/bff
2026-05-16T21:00:00.000,0.587,0.2008127,https://api.alintaenergy.com.au/v1/myaccount/bff
2026-05-16T22:00:00.000,0.555,0.1898655,https://api.alintaenergy.com.au/v1/myaccount/bff
2026-05-16T23:00:00.000,0.522,0.1785762,https://api.alintaenergy.com.au/v1/myaccount/bff
2026-05-17T00:00:00.000,0.608,0.2079968,https://api.alintaenergy.com.au/v1/myaccount/bff
2026-05-17T01:00:00.000,0.739,0.2528119,https://api.alintaenergy.com.au/v1/myaccount/bff
2026-05-17T02:00:00.000,0.516,0.1765236,https://api.alintaenergy.com.au/v1/myaccount/bff
2026-05-17T03:00:00.000,0.46900000000000003,0.16033787,https://api.alintaenergy.com.au/v1/myaccount/bff
2026-05-17T04:00:00.000,0.489,0.1672869,https://api.alintaenergy.com.au/v1/myaccount/bff
2026-05-17T05:00:00.000,0.485,0.1659185,https://api.alintaenergy.com.au/v1/myaccount/bff
2026-05-17T06:00:00.000,0.447,0.1529187,https://api.alintaenergy.com.au/v1/myaccount/bff
2026-05-17T07:00:00.000,0.335,0.1146035,https://api.alintaenergy.com.au/v1/myaccount/bff
2026-05-17T08:00:00.000,0.201,0.0687621,https://api.alintaenergy.com.au/v1/myaccount/bff
2026-05-17T09:00:00.000,0.154,0.0526834,https://api.alintaenergy.com.au/v1/myaccount/bff
2026-05-17T10:00:00.000,0.028,0.0095788,https://api.alintaenergy.com.au/v1/myaccount/bff
2026-05-17T11:00:00.000,0.121,0.0413941,https://api.alintaenergy.com.au/v1/myaccount/bff
2026-05-17T12:00:00.000,0.261,0.0892881,https://api.alintaenergy.com.au/v1/myaccount/bff
2026-05-17T13:00:00.000,0.557,0.1905497,https://api.alintaenergy.com.au/v1/myaccount/bff
2026-05-17T14:00:00.000,1.46,0.499466,https://api.alintaenergy.com.au/v1/myaccount/bff
2026-05-17T15:00:00.000,2.735,0.9356435,https://api.alintaenergy.com.au/v1/myaccount/bff
2026-05-17T16:00:00.000,1.389,0.43942888,https://api.alintaenergy.com.au/v1/myaccount/bff
2026-05-17T17:00:00.000,5.1690000000000005,1.60894723,https://api.alintaenergy.com.au/v1/myaccount/bff
2026-05-17T18:00:00.000,2.086,0.7136206,https://api.alintaenergy.com.au/v1/myaccount/bff
2026-05-17T19:00:00.000,1.434,0.4905714,https://api.alintaenergy.com.au/v1/myaccount/bff
2026-05-17T20:00:00.000,1.194,0.4084674,https://api.alintaenergy.com.au/v1/myaccount/bff
2026-05-17T21:00:00.000,0.716,0.2449436,https://api.alintaenergy.com.au/v1/myaccount/bff
2026-05-17T22:00:00.000,0.639,0.2186019,https://api.alintaenergy.com.au/v1/myaccount/bff
2026-05-17T23:00:00.000,0.751,0.2569171,https://api.alintaenergy.com.au/v1/myaccount/bff
2026-05-18T00:00:00.000,0.587,0.2008127,https://api.alintaenergy.com.au/v1/myaccount/bff
2026-05-18T01:00:00.000,1.436,0.40595269,https://api.alintaenergy.com.au/v1/myaccount/bff
2026-05-18T02:00:00.000,1.829,0.52445052,https://api.alintaenergy.com.au/v1/myaccount/bff
2026-05-18T03:00:00.000,0.582,0.1991022,https://api.alintaenergy.com.au/v1/myaccount/bff
2026-05-18T04:00:00.000,0.66,0.225786,https://api.alintaenergy.com.au/v1/myaccount/bff
2026-05-18T05:00:00.000,0.723,0.2473383,https://api.alintaenergy.com.au/v1/myaccount/bff
2026-05-18T06:00:00.000,0.643,0.2199703,https://api.alintaenergy.com.au/v1/myaccount/bff
2026-05-18T07:00:00.000,0.622,0.2127862,https://api.alintaenergy.com.au/v1/myaccount/bff
2026-05-18T08:00:00.000,1.698,0.48445177,https://api.alintaenergy.com.au/v1/myaccount/bff
2026-05-18T09:00:00.000,1.6869999999999998,0.47394578,https://api.alintaenergy.com.au/v1/myaccount/bff
2026-05-18T10:00:00.000,0.712,0.2435752,https://api.alintaenergy.com.au/v1/myaccount/bff
2026-05-18T11:00:00.000,0.81,0.277101,https://api.alintaenergy.com.au/v1/myaccount/bff
2026-05-18T12:00:00.000,1.009,0.3451789,https://api.alintaenergy.com.au/v1/myaccount/bff
2026-05-18T13:00:00.000,1.382,0.4727822,https://api.alintaenergy.com.au/v1/myaccount/bff
2026-05-18T14:00:00.000,1.099,0.3759679,https://api.alintaenergy.com.au/v1/myaccount/bff
2026-05-18T15:00:00.000,0.967,0.3308107,https://api.alintaenergy.com.au/v1/myaccount/bff
2026-05-18T16:00:00.000,1.237,0.40658805,https://api.alintaenergy.com.au/v1/myaccount/bff
2026-05-18T17:00:00.000,2.6719999999999997,0.74006042,https://api.alintaenergy.com.au/v1/myaccount/bff
2026-05-18T18:00:00.000,0.961,0.3287581,https://api.alintaenergy.com.au/v1/myaccount/bff
2026-05-18T19:00:00.000,1.253,0.4286513,https://api.alintaenergy.com.au/v1/myaccount/bff
2026-05-18T20:00:00.000,1.105,0.3780205,https://api.alintaenergy.com.au/v1/myaccount/bff
2026-05-18T21:00:00.000,1.122,0.3838362,https://api.alintaenergy.com.au/v1/myaccount/bff
2026-05-18T22:00:00.000,1.012,0.3462052,https://api.alintaenergy.com.au/v1/myaccount/bff
2026-05-18T23:00:00.000,0.823,0.2815483,https://api.alintaenergy.com.au/v1/myaccount/bff
2026-05-19T00:00:00.000,0.774,0.2647854,https://api.alintaenergy.com.au/v1/myaccount/bff
2026-05-19T01:00:00.000,1.364,0.42006635000000003,https://api.alintaenergy.com.au/v1/myaccount/bff
2026-05-19T02:00:00.000,2.182,0.6083935,https://api.alintaenergy.com.au/v1/myaccount/bff
2026-05-19T03:00:00.000,0.687,0.2350227,https://api.alintaenergy.com.au/v1/myaccount/bff
2026-05-19T04:00:00.000,0.621,0.2124441,https://api.alintaenergy.com.au/v1/myaccount/bff
2026-05-19T05:00:00.000,0.646,0.2209966,https://api.alintaenergy.com.au/v1/myaccount/bff
2026-05-19T06:00:00.000,0.655,0.2240755,https://api.alintaenergy.com.au/v1/myaccount/bff
2026-05-19T07:00:00.000,0.775,0.2651275,https://api.alintaenergy.com.au/v1/myaccount/bff
2026-05-19T08:00:00.000,1.283,0.4389143,https://api.alintaenergy.com.au/v1/myaccount/bff
2026-05-19T09:00:00.000,3.051,0.87656624,https://api.alintaenergy.com.au/v1/myaccount/bff
2026-05-19T10:00:00.000,1.668,0.53091467,https://api.alintaenergy.com.au/v1/myaccount/bff
2026-05-19T11:00:00.000,0.926,0.3167846,https://api.alintaenergy.com.au/v1/myaccount/bff
2026-05-19T12:00:00.000,0.776,0.2654696,https://api.alintaenergy.com.au/v1/myaccount/bff
2026-05-19T13:00:00.000,0.716,0.2449436,https://api.alintaenergy.com.au/v1/myaccount/bff
2026-05-19T14:00:00.000,0.672,0.2298912,https://api.alintaenergy.com.au/v1/myaccount/bff
2026-05-19T15:00:00.000,0.649,0.2220229,https://api.alintaenergy.com.au/v1/myaccount/bff
2026-05-19T16:00:00.000,0.8140000000000001,0.27365305,https://api.alintaenergy.com.au/v1/myaccount/bff
2026-05-19T17:00:00.000,2.548,0.68736514,https://api.alintaenergy.com.au/v1/myaccount/bff
2026-05-19T18:00:00.000,0.831,0.2842851,https://api.alintaenergy.com.au/v1/myaccount/bff
2026-05-19T19:00:00.000,1.224,0.4187304,https://api.alintaenergy.com.au/v1/myaccount/bff
2026-05-19T20:00:00.000,0.827,0.2829167,https://api.alintaenergy.com.au/v1/myaccount/bff
2026-05-19T21:00:00.000,0.717,0.2452857,https://api.alintaenergy.com.au/v1/myaccount/bff
2026-05-19T22:00:00.000,1.641,0.45039598999999997,https://api.alintaenergy.com.au/v1/myaccount/bff
2026-05-19T23:00:00.000,1.1600000000000001,0.32737353,https://api.alintaenergy.com.au/v1/myaccount/bff
2026-05-20T00:00:00.000,0.533,0.1823393,https://api.alintaenergy.com.au/v1/myaccount/bff
2026-05-20T01:00:00.000,0.564,0.1929444,https://api.alintaenergy.com.au/v1/myaccount/bff
2026-05-20T02:00:00.000,0.828,0.2832588,https://api.alintaenergy.com.au/v1/myaccount/bff
2026-05-20T03:00:00.000,0.487,0.1666027,https://api.alintaenergy.com.au/v1/myaccount/bff
2026-05-20T04:00:00.000,0.556,0.19010057,https://api.alintaenergy.com.au/v1/myaccount/bff
2026-05-20T05:00:00.000,0.904,0.3092584,https://api.alintaenergy.com.au/v1/myaccount/bff
2026-05-20T06:00:00.000,1.27,0.36896463999999995,https://api.alintaenergy.com.au/v1/myaccount/bff
2026-05-20T07:00:00.000,1.593,0.43525955,https://api.alintaenergy.com.au/v1/myaccount/bff
2026-05-20T08:00:00.000,0.572,0.14997939,https://api.alintaenergy.com.au/v1/myaccount/bff
2026-05-20T09:00:00.000,1.061,0.25026551,https://api.alintaenergy.com.au/v1/myaccount/bff
2026-05-20T10:00:00.000,0.003,0.0010263,https://api.alintaenergy.com.au/v1/myaccount/bff
2026-05-20T11:00:00.000,0.037,0.0126577,https://api.alintaenergy.com.au/v1/myaccount/bff
2026-05-20T12:00:00.000,0.026,0.0088946,https://api.alintaenergy.com.au/v1/myaccount/bff
2026-05-20T13:00:00.000,0.219,0.0749199,https://api.alintaenergy.com.au/v1/myaccount/bff
2026-05-20T14:00:00.000,0.018,0.0061578,https://api.alintaenergy.com.au/v1/myaccount/bff
2026-05-20T15:00:00.000,0.251,0.0858671,https://api.alintaenergy.com.au/v1/myaccount/bff
2026-05-20T16:00:00.000,0.78,0.266838,https://api.alintaenergy.com.au/v1/myaccount/bff
2026-05-20T17:00:00.000,0.762,0.2606802,https://api.alintaenergy.com.au/v1/myaccount/bff
2026-05-20T18:00:00.000,0.692,0.2367332,https://api.alintaenergy.com.au/v1/myaccount/bff
2026-05-20T19:00:00.000,0.683,0.2336543,https://api.alintaenergy.com.au/v1/myaccount/bff
2026-05-20T20:00:00.000,0.625,0.2138125,https://api.alintaenergy.com.au/v1/myaccount/bff
2026-05-20T21:00:00.000,0.561,0.1919181,https://api.alintaenergy.com.au/v1/myaccount/bff
2026-05-20T22:00:00.000,0.773,0.2644433,https://api.alintaenergy.com.au/v1/myaccount/bff
2026-05-20T23:00:00.000,0.656,0.2244176,https://api.alintaenergy.com.au/v1/myaccount/bff
2026-05-21T00:00:00.000,0.524,0.1792604,https://api.alintaenergy.com.au/v1/myaccount/bff
2026-05-21T01:00:00.000,0.751,0.2569171,https://api.alintaenergy.com.au/v1/myaccount/bff
2026-05-21T02:00:00.000,0.77,0.263417,https://api.alintaenergy.com.au/v1/myaccount/bff
2026-05-21T03:00:00.000,0.553,0.1891813,https://api.alintaenergy.com.au/v1/myaccount/bff
2026-05-21T04:00:00.000,0.527,0.1802867,https://api.alintaenergy.com.au/v1/myaccount/bff
2026-05-21T05:00:00.000,0.477,0.1631817,https://api.alintaenergy.com.au/v1/myaccount/bff
2026-05-21T06:00:00.000,0.525,0.1796025,https://api.alintaenergy.com.au/v1/myaccount/bff
2026-05-21T07:00:00.000,0.521,0.1782341,https://api.alintaenergy.com.au/v1/myaccount/bff
2026-05-21T08:00:00.000,0.108,0.0369468,https://api.alintaenergy.com.au/v1/myaccount/bff
2026-05-21T09:00:00.000,0.006,0.0020526,https://api.alintaenergy.com.au/v1/myaccount/bff
2026-05-21T10:00:00.000,0.001,0.0003421,https://api.alintaenergy.com.au/v1/myaccount/bff
2026-05-21T11:00:00.000,0.062,0.0212102,https://api.alintaenergy.com.au/v1/myaccount/bff
2026-05-21T12:00:00.000,0.002,0.0006842,https://api.alintaenergy.com.au/v1/myaccount/bff
2026-05-21T13:00:00.000,0.047,0.0160787,https://api.alintaenergy.com.au/v1/myaccount/bff
2026-05-21T14:00:00.000,0.075,0.0256575,https://api.alintaenergy.com.au/v1/myaccount/bff
2026-05-21T15:00:00.000,0.346,0.1183666,https://api.alintaenergy.com.au/v1/myaccount/bff
2026-05-21T16:00:00.000,0.672,0.2298912,https://api.alintaenergy.com.au/v1/myaccount/bff
2026-05-21T17:00:00.000,0.622,0.2127862,https://api.alintaenergy.com.au/v1/myaccount/bff
2026-05-21T18:00:00.000,0.771,0.26365207,https://api.alintaenergy.com.au/v1/myaccount/bff
2026-05-21T19:00:00.000,0.813,0.2781273,https://api.alintaenergy.com.au/v1/myaccount/bff
2026-05-21T20:00:00.000,0.641,0.2192861,https://api.alintaenergy.com.au/v1/myaccount/bff
2026-05-21T21:00:00.000,0.72,0.246312,https://api.alintaenergy.com.au/v1/myaccount/bff
2026-05-21T22:00:00.000,0.673,0.2302333,https://api.alintaenergy.com.au/v1/myaccount/bff
2026-05-21T23:00:00.000,0.564,0.1929444,https://api.alintaenergy.com.au/v1/myaccount/bff
2026-05-22T00:00:00.000,0.481,0.1645501,https://api.alintaenergy.com.au/v1/myaccount/bff
2026-05-22T01:00:00.000,0.509,0.1741289,https://api.alintaenergy.com.au/v1/myaccount/bff
2026-05-22T02:00:00.000,0.79,0.270259,https://api.alintaenergy.com.au/v1/myaccount/bff
2026-05-22T03:00:00.000,0.458,0.1566818,https://api.alintaenergy.com.au/v1/myaccount/bff
2026-05-22T04:00:00.000,0.453,0.1549713,https://api.alintaenergy.com.au/v1/myaccount/bff
2026-05-22T05:00:00.000,0.503,0.1720763,https://api.alintaenergy.com.au/v1/myaccount/bff
2026-05-22T06:00:00.000,0.436,0.1491556,https://api.alintaenergy.com.au/v1/myaccount/bff
2026-05-22T07:00:00.000,2.739,0.77689502,https://api.alintaenergy.com.au/v1/myaccount/bff
2026-05-22T08:00:00.000,2.65,0.72204528,https://api.alintaenergy.com.au/v1/myaccount/bff
2026-05-22T09:00:00.000,1.727,0.51877551,https://api.alintaenergy.com.au/v1/myaccount/bff
2026-05-22T10:00:00.000,1.435,0.4909135,https://api.alintaenergy.com.au/v1/myaccount/bff
2026-05-22T11:00:00.000,0.082,0.0280522,https://api.alintaenergy.com.au/v1/myaccount/bff
2026-05-22T12:00:00.000,0.033,0.0112893,https://api.alintaenergy.com.au/v1/myaccount/bff
2026-05-22T13:00:00.000,0.143,0.0489203,https://api.alintaenergy.com.au/v1/myaccount/bff
2026-05-22T14:00:00.000,0.348,0.1190508,https://api.alintaenergy.com.au/v1/myaccount/bff
2026-05-22T15:00:00.000,0.396,0.1354716,https://api.alintaenergy.com.au/v1/myaccount/bff
2026-05-22T16:00:00.000,0.661,0.2261281,https://api.alintaenergy.com.au/v1/myaccount/bff
2026-05-22T17:00:00.000,0.737,0.2521277,https://api.alintaenergy.com.au/v1/myaccount/bff
2026-05-22T18:00:00.000,0.845,0.2890745,https://api.alintaenergy.com.au/v1/myaccount/bff
2026-05-22T19:00:00.000,0.672,0.2298912,https://api.alintaenergy.com.au/v1/myaccount/bff
2026-05-22T20:00:00.000,0.596,0.2038916,https://api.alintaenergy.com.au/v1/myaccount/bff
2026-05-22T21:00:00.000,0.605,0.2069705,https://api.alintaenergy.com.au/v1/myaccount/bff
2026-05-22T22:00:00.000,0.815,0.2788115,https://api.alintaenergy.com.au/v1/myaccount/bff
2026-05-22T23:00:00.000,0.673,0.2302333,https://api.alintaenergy.com.au/v1/myaccount/bff
2026-05-23T00:00:00.000,0.473,0.1618133,https://api.alintaenergy.com.au/v1/myaccount/bff
2026-05-23T01:00:00.000,0.539,0.1843919,https://api.alintaenergy.com.au/v1/myaccount/bff
2026-05-23T02:00:00.000,0.774,0.2647854,https://api.alintaenergy.com.au/v1/myaccount/bff
2026-05-23T03:00:00.000,0.463,0.1583923,https://api.alintaenergy.com.au/v1/myaccount/bff
2026-05-23T04:00:00.000,0.466,0.1594186,https://api.alintaenergy.com.au/v1/myaccount/bff
2026-05-23T05:00:00.000,0.501,0.1713921,https://api.alintaenergy.com.au/v1/myaccount/bff
2026-05-23T06:00:00.000,0.551,0.1884971,https://api.alintaenergy.com.au/v1/myaccount/bff
2026-05-23T07:00:00.000,0.493,0.1686553,https://api.alintaenergy.com.au/v1/myaccount/bff
2026-05-23T08:00:00.000,0.053,0.0181313,https://api.alintaenergy.com.au/v1/myaccount/bff
2026-05-23T09:00:00.000,0.001,0.0003421,https://api.alintaenergy.com.au/v1/myaccount/bff
2026-05-23T10:00:00.000,0.035,0.0119735,https://api.alintaenergy.com.au/v1/myaccount/bff
2026-05-23T11:00:00.000,0.027,0.0092367,https://api.alintaenergy.com.au/v1/myaccount/bff
2026-05-23T12:00:00.000,0.19,0.064999,https://api.alintaenergy.com.au/v1/myaccount/bff
2026-05-23T13:00:00.000,0.162,0.0554202,https://api.alintaenergy.com.au/v1/myaccount/bff
2026-05-23T14:00:00.000,0.165,0.0564465,https://api.alintaenergy.com.au/v1/myaccount/bff
2026-05-23T15:00:00.000,0.343,0.1173403,https://api.alintaenergy.com.au/v1/myaccount/bff
2026-05-23T16:00:00.000,0.833,0.2849693,https://api.alintaenergy.com.au/v1/myaccount/bff
2026-05-23T17:00:00.000,1.041,0.3561261,https://api.alintaenergy.com.au/v1/myaccount/bff
2026-05-23T18:00:00.000,0.817,0.2794957,https://api.alintaenergy.com.au/v1/myaccount/bff
2026-05-23T19:00:00.000,0.745,0.2548645,https://api.alintaenergy.com.au/v1/myaccount/bff
2026-05-23T20:00:00.000,0.705,0.2411805,https://api.alintaenergy.com.au/v1/myaccount/bff
2026-05-23T21:00:00.000,0.63,0.215523,https://api.alintaenergy.com.au/v1/myaccount/bff
2026-05-23T22:00:00.000,1.255,0.3608363,https://api.alintaenergy.com.au/v1/myaccount/bff
2026-05-23T23:00:00.000,1.4569999999999999,0.40296894,https://api.alintaenergy.com.au/v1/myaccount/bff
2026-05-24T00:00:00.000,0.609,0.2083389,https://api.alintaenergy.com.au/v1/myaccount/bff
2026-05-24T01:00:00.000,0.791,0.2706011,https://api.alintaenergy.com.au/v1/myaccount/bff
2026-05-24T02:00:00.000,0.551,0.1884971,https://api.alintaenergy.com.au/v1/myaccount/bff
2026-05-24T03:00:00.000,0.541,0.1850761,https://api.alintaenergy.com.au/v1/myaccount/bff
2026-05-24T04:00:00.000,0.563,0.1926023,https://api.alintaenergy.com.au/v1/myaccount/bff
2026-05-24T05:00:00.000,0.605,0.2069705,https://api.alintaenergy.com.au/v1/myaccount/bff
2026-05-24T06:00:00.000,1.33,0.454993,https://api.alintaenergy.com.au/v1/myaccount/bff
2026-05-24T07:00:00.000,2.767,0.9465907,https://api.alintaenergy.com.au/v1/myaccount/bff
2026-05-24T08:00:00.000,2.264,0.7745144,https://api.alintaenergy.com.au/v1/myaccount/bff
2026-05-24T09:00:00.000,0.865,0.2959165,https://api.alintaenergy.com.au/v1/myaccount/bff
2026-05-24T10:00:00.000,0.202,0.0691042,https://api.alintaenergy.com.au/v1/myaccount/bff
2026-05-24T11:00:00.000,1.227,0.4197567,https://api.alintaenergy.com.au/v1/myaccount/bff
2026-05-24T12:00:00.000,2.19,0.749199,https://api.alintaenergy.com.au/v1/myaccount/bff
2026-05-24T13:00:00.000,1.296,0.4433616,https://api.alintaenergy.com.au/v1/myaccount/bff
2026-05-24T14:00:00.000,0.244,0.0834724,https://api.alintaenergy.com.au/v1/myaccount/bff
2026-05-24T15:00:00.000,1.158,0.3961518,https://api.alintaenergy.com.au/v1/myaccount/bff
2026-05-24T16:00:00.000,1.255,0.4293355,https://api.alintaenergy.com.au/v1/myaccount/bff
2026-05-24T17:00:00.000,2.429,0.8309609,https://api.alintaenergy.com.au/v1/myaccount/bff
2026-05-24T18:00:00.000,1.203,0.4115463,https://api.alintaenergy.com.au/v1/myaccount/bff
2026-05-24T19:00:00.000,0.81,0.277101,https://api.alintaenergy.com.au/v1/myaccount/bff
2026-05-24T20:00:00.000,0.827,0.2829167,https://api.alintaenergy.com.au/v1/myaccount/bff
2026-05-24T21:00:00.000,0.784,0.2682064,https://api.alintaenergy.com.au/v1/myaccount/bff
2026-05-24T22:00:00.000,0.765,0.2617065,https://api.alintaenergy.com.au/v1/myaccount/bff
2026-05-24T23:00:00.000,0.899,0.3075479,https://api.alintaenergy.com.au/v1/myaccount/bff
2026-05-25T00:00:00.000,0.945,0.28432557999999997,https://api.alintaenergy.com.au/v1/myaccount/bff
2026-05-25T01:00:00.000,1.814,0.49480915000000003,https://api.alintaenergy.com.au/v1/myaccount/bff
2026-05-25T02:00:00.000,0.877,0.3000217,https://api.alintaenergy.com.au/v1/myaccount/bff
2026-05-25T03:00:00.000,0.552,0.1888392,https://api.alintaenergy.com.au/v1/myaccount/bff
2026-05-25T04:00:00.000,0.552,0.1888392,https://api.alintaenergy.com.au/v1/myaccount/bff
2026-05-25T05:00:00.000,0.544,0.1861024,https://api.alintaenergy.com.au/v1/myaccount/bff
2026-05-25T06:00:00.000,0.572,0.1956812,https://api.alintaenergy.com.au/v1/myaccount/bff
2026-05-25T07:00:00.000,0.633,0.2165493,https://api.alintaenergy.com.au/v1/myaccount/bff
2026-05-25T08:00:00.000,0.549,0.1878129,https://api.alintaenergy.com.au/v1/myaccount/bff
2026-05-25T09:00:00.000,0.362,0.1238402,https://api.alintaenergy.com.au/v1/myaccount/bff
2026-05-25T10:00:00.000,0.353,0.1207613,https://api.alintaenergy.com.au/v1/myaccount/bff
2026-05-25T11:00:00.000,0.29,0.099209,https://api.alintaenergy.com.au/v1/myaccount/bff
2026-05-25T12:00:00.000,0.204,0.0697884,https://api.alintaenergy.com.au/v1/myaccount/bff
2026-05-25T13:00:00.000,0.355,0.1214455,https://api.alintaenergy.com.au/v1/myaccount/bff
2026-05-25T14:00:00.000,0.33,0.112893,https://api.alintaenergy.com.au/v1/myaccount/bff
2026-05-25T15:00:00.000,0.496,0.1696816,https://api.alintaenergy.com.au/v1/myaccount/bff
2026-05-25T16:00:00.000,0.695,0.2377595,https://api.alintaenergy.com.au/v1/myaccount/bff
2026-05-25T17:00:00.000,0.649,0.2220229,https://api.alintaenergy.com.au/v1/myaccount/bff
2026-05-25T18:00:00.000,0.813,0.2781273,https://api.alintaenergy.com.au/v1/myaccount/bff
2026-05-25T19:00:00.000,1.076,0.3680996,https://api.alintaenergy.com.au/v1/myaccount/bff
2026-05-25T20:00:00.000,0.706,0.2415226,https://api.alintaenergy.com.au/v1/myaccount/bff
2026-05-25T21:00:00.000,0.751,0.2569171,https://api.alintaenergy.com.au/v1/myaccount/bff
2026-05-25T22:00:00.000,0.963,0.3294423,https://api.alintaenergy.com.au/v1/myaccount/bff
2026-05-25T23:00:00.000,0.705,0.2411805,https://api.alintaenergy.com.au/v1/myaccount/bff
2026-05-26T00:00:00.000,0.689,0.2357069,https://api.alintaenergy.com.au/v1/myaccount/bff
2026-05-26T01:00:00.000,0.966,0.3304686,https://api.alintaenergy.com.au/v1/myaccount/bff
2026-05-26T02:00:00.000,0.937,0.3205477,https://api.alintaenergy.com.au/v1/myaccount/bff
2026-05-26T03:00:00.000,0.638,0.2182598,https://api.alintaenergy.com.au/v1/myaccount/bff
2026-05-26T04:00:00.000,0.642,0.2196282,https://api.alintaenergy.com.au/v1/myaccount/bff
2026-05-26T05:00:00.000,0.703,0.2404963,https://api.alintaenergy.com.au/v1/myaccount/bff
2026-05-26T06:00:00.000,0.711,0.2432331,https://api.alintaenergy.com.au/v1/myaccount/bff
2026-05-26T07:00:00.000,0.825,0.27056623,https://api.alintaenergy.com.au/v1/myaccount/bff
2026-05-26T08:00:00.000,3.029,0.85266445,https://api.alintaenergy.com.au/v1/myaccount/bff
2026-05-26T09:00:00.000,2.003,0.60184993,https://api.alintaenergy.com.au/v1/myaccount/bff
2026-05-26T10:00:00.000,1.603,0.5483863,https://api.alintaenergy.com.au/v1/myaccount/bff
2026-05-26T11:00:00.000,0.245,0.0838145,https://api.alintaenergy.com.au/v1/myaccount/bff
2026-05-26T12:00:00.000,0.318,0.1087878,https://api.alintaenergy.com.au/v1/myaccount/bff
2026-05-26T13:00:00.000,0.401,0.1371821,https://api.alintaenergy.com.au/v1/myaccount/bff
2026-05-26T14:00:00.000,0.542,0.1854182,https://api.alintaenergy.com.au/v1/myaccount/bff
2026-05-26T15:00:00.000,0.75,0.256575,https://api.alintaenergy.com.au/v1/myaccount/bff
2026-05-26T16:00:00.000,0.793,0.2712853,https://api.alintaenergy.com.au/v1/myaccount/bff
2026-05-26T17:00:00.000,0.967,0.3308107,https://api.alintaenergy.com.au/v1/myaccount/bff
2026-05-26T18:00:00.000,1.153,0.3944413,https://api.alintaenergy.com.au/v1/myaccount/bff
2026-05-26T19:00:00.000,0.824,0.2818904,https://api.alintaenergy.com.au/v1/myaccount/bff
2026-05-26T20:00:00.000,0.968,0.3311528,https://api.alintaenergy.com.au/v1/myaccount/bff
2026-05-26T21:00:00.000,0.806,0.2757326,https://api.alintaenergy.com.au/v1/myaccount/bff
2026-05-26T22:00:00.000,1.055,0.32666589999999995,https://api.alintaenergy.com.au/v1/myaccount/bff
2026-05-26T23:00:00.000,1.945,0.53405869,https://api.alintaenergy.com.au/v1/myaccount/bff
2026-05-27T00:00:00.000,0.608,0.2079968,https://api.alintaenergy.com.au/v1/myaccount/bff
2026-05-27T01:00:00.000,0.665,0.2274965,https://api.alintaenergy.com.au/v1/myaccount/bff
2026-05-27T02:00:00.000,0.876,0.2996796,https://api.alintaenergy.com.au/v1/myaccount/bff
2026-05-27T03:00:00.000,0.574,0.1963654,https://api.alintaenergy.com.au/v1/myaccount/bff
2026-05-27T04:00:00.000,0.584,0.1997864,https://api.alintaenergy.com.au/v1/myaccount/bff
2026-05-27T05:00:00.000,0.556,0.1902076,https://api.alintaenergy.com.au/v1/myaccount/bff
2026-05-27T06:00:00.000,0.55,0.188155,https://api.alintaenergy.com.au/v1/myaccount/bff
2026-05-27T07:00:00.000,0.646,0.2209966,https://api.alintaenergy.com.au/v1/myaccount/bff
2026-05-27T08:00:00.000,1.17,0.34139050000000004,https://api.alintaenergy.com.au/v1/myaccount/bff
2026-05-27T09:00:00.000,1.681,0.4551965,https://api.alintaenergy.com.au/v1/myaccount/bff
2026-05-27T10:00:00.000,0.579,0.1980759,https://api.alintaenergy.com.au/v1/myaccount/bff
2026-05-27T11:00:00.000,0.165,0.0564465,https://api.alintaenergy.com.au/v1/myaccount/bff
2026-05-27T12:00:00.000,0.475,0.1624975,https://api.alintaenergy.com.au/v1/myaccount/bff
2026-05-27T13:00:00.000,0.598,0.2045758,https://api.alintaenergy.com.au/v1/myaccount/bff
2026-05-27T14:00:00.000,0.732,0.2504172,https://api.alintaenergy.com.au/v1/myaccount/bff
2026-05-27T15:00:00.000,0.807,0.2760747,https://api.alintaenergy.com.au/v1/myaccount/bff
2026-05-27T16:00:00.000,0.855,0.2924955,https://api.alintaenergy.com.au/v1/myaccount/bff
2026-05-27T17:00:00.000,0.875,0.2993375,https://api.alintaenergy.com.au/v1/myaccount/bff
2026-05-27T18:00:00.000,0.993,0.3397053,https://api.alintaenergy.com.au/v1/myaccount/bff
2026-05-27T19:00:00.000,0.813,0.2781273,https://api.alintaenergy.com.au/v1/myaccount/bff
2026-05-27T20:00:00.000,0.765,0.2617065,https://api.alintaenergy.com.au/v1/myaccount/bff
2026-05-27T21:00:00.000,1.006,0.30722725,https://api.alintaenergy.com.au/v1/myaccount/bff
2026-05-27T22:00:00.000,2.2889999999999997,0.64617553,https://api.alintaenergy.com.au/v1/myaccount/bff
2026-05-27T23:00:00.000,0.876,0.2996796,https://api.alintaenergy.com.au/v1/myaccount/bff
2026-05-28T00:00:00.000,0.719,0.2459699,https://api.alintaenergy.com.au/v1/myaccount/bff
2026-05-28T01:00:00.000,0.932,0.3188372,https://api.alintaenergy.com.au/v1/myaccount/bff
2026-05-28T02:00:00.000,0.937,0.3205477,https://api.alintaenergy.com.au/v1/myaccount/bff
2026-05-28T03:00:00.000,0.623,0.2131283,https://api.alintaenergy.com.au/v1/myaccount/bff
2026-05-28T04:00:00.000,0.628,0.2148388,https://api.alintaenergy.com.au/v1/myaccount/bff
2026-05-28T05:00:00.000,0.7,0.23947,https://api.alintaenergy.com.au/v1/myaccount/bff
2026-05-28T06:00:00.000,0.754,0.2579434,https://api.alintaenergy.com.au/v1/myaccount/bff
2026-05-28T07:00:00.000,0.709,0.2425489,https://api.alintaenergy.com.au/v1/myaccount/bff
2026-05-28T08:00:00.000,0.577,0.1973917,https://api.alintaenergy.com.au/v1/myaccount/bff
2026-05-28T09:00:00.000,1.432,0.42845198,https://api.alintaenergy.com.au/v1/myaccount/bff
2026-05-28T10:00:00.000,1.8250000000000002,0.50028473,https://api.alintaenergy.com.au/v1/myaccount/bff
2026-05-28T11:00:00.000,0.521,0.1782341,https://api.alintaenergy.com.au/v1/myaccount/bff
2026-05-28T12:00:00.000,0.455,0.1556555,https://api.alintaenergy.com.au/v1/myaccount/bff
2026-05-28T13:00:00.000,0.712,0.2435752,https://api.alintaenergy.com.au/v1/myaccount/bff
2026-05-28T14:00:00.000,0.547,0.1871287,https://api.alintaenergy.com.au/v1/myaccount/bff
2026-05-28T15:00:00.000,0.536,0.1833656,https://api.alintaenergy.com.au/v1/myaccount/bff
2026-05-28T16:00:00.000,1.503,0.5141763,https://api.alintaenergy.com.au/v1/myaccount/bff
2026-05-28T17:00:00.000,1.876,0.6417796,https://api.alintaenergy.com.au/v1/myaccount/bff
2026-05-28T18:00:00.000,1.799,0.61533087,https://api.alintaenergy.com.au/v1/myaccount/bff
2026-05-28T19:00:00.000,1.313,0.40058568,https://api.alintaenergy.com.au/v1/myaccount/bff
2026-05-28T20:00:00.000,1.9140000000000001,0.52291844,https://api.alintaenergy.com.au/v1/myaccount/bff
2026-05-28T21:00:00.000,0.662,0.2264702,https://api.alintaenergy.com.au/v1/myaccount/bff
2026-05-28T22:00:00.000,0.722,0.2469962,https://api.alintaenergy.com.au/v1/myaccount/bff
2026-05-28T23:00:00.000,0.615,0.2103915,https://api.alintaenergy.com.au/v1/myaccount/bff
2026-05-29T00:00:00.000,0.575,0.1967075,https://api.alintaenergy.com.au/v1/myaccount/bff
2026-05-29T01:00:00.000,0.589,0.2014969,https://api.alintaenergy.com.au/v1/myaccount/bff
2026-05-29T02:00:00.000,0.837,0.2863377,https://api.alintaenergy.com.au/v1/myaccount/bff
2026-05-29T03:00:00.000,0.527,0.1802867,https://api.alintaenergy.com.au/v1/myaccount/bff
2026-05-29T04:00:00.000,1.3980000000000001,0.38781545,https://api.alintaenergy.com.au/v1/myaccount/bff
2026-05-29T05:00:00.000,1.96,0.5158576500000001,https://api.alintaenergy.com.au/v1/myaccount/bff
2026-05-29T06:00:00.000,0.507,0.1734447,https://api.alintaenergy.com.au/v1/myaccount/bff
2026-05-29T07:00:00.000,0.411,0.1406031,https://api.alintaenergy.com.au/v1/myaccount/bff
2026-05-29T08:00:00.000,0.161,0.0550781,https://api.alintaenergy.com.au/v1/myaccount/bff
2026-05-29T09:00:00.000,0.192,0.0656832,https://api.alintaenergy.com.au/v1/myaccount/bff
2026-05-29T10:00:00.000,0.108,0.0369468,https://api.alintaenergy.com.au/v1/myaccount/bff
2026-05-29T11:00:00.000,0.143,0.0489203,https://api.alintaenergy.com.au/v1/myaccount/bff
2026-05-29T12:00:00.000,0.187,0.0639727,https://api.alintaenergy.com.au/v1/myaccount/bff
2026-05-29T13:00:00.000,0.303,0.1036563,https://api.alintaenergy.com.au/v1/myaccount/bff
2026-05-29T14:00:00.000,0.424,0.1450504,https://api.alintaenergy.com.au/v1/myaccount/bff
2026-05-29T15:00:00.000,0.572,0.1956812,https://api.alintaenergy.com.au/v1/myaccount/bff
2026-05-29T16:00:00.000,0.879,0.286792,https://api.alintaenergy.com.au/v1/myaccount/bff
2026-05-29T17:00:00.000,2.372,0.64545767,https://api.alintaenergy.com.au/v1/myaccount/bff
2026-05-29T18:00:00.000,0.782,0.2675222,https://api.alintaenergy.com.au/v1/myaccount/bff
2026-05-29T19:00:00.000,0.85,0.290785,https://api.alintaenergy.com.au/v1/myaccount/bff
2026-05-29T20:00:00.000,0.755,0.2582855,https://api.alintaenergy.com.au/v1/myaccount/bff
2026-05-29T21:00:00.000,0.665,0.2274965,https://api.alintaenergy.com.au/v1/myaccount/bff
2026-05-29T22:00:00.000,0.851,0.2911271,https://api.alintaenergy.com.au/v1/myaccount/bff
2026-05-29T23:00:00.000,0.707,0.2418647,https://api.alintaenergy.com.au/v1/myaccount/bff
2026-05-30T00:00:00.000,0.474,0.1621554,https://api.alintaenergy.com.au/v1/myaccount/bff
2026-05-30T01:00:00.000,0.562,0.1922602,https://api.alintaenergy.com.au/v1/myaccount/bff
2026-05-30T02:00:00.000,0.796,0.2723116,https://api.alintaenergy.com.au/v1/myaccount/bff
2026-05-30T03:00:00.000,0.47,0.160787,https://api.alintaenergy.com.au/v1/myaccount/bff
2026-05-30T04:00:00.000,0.585,0.2001285,https://api.alintaenergy.com.au/v1/myaccount/bff
2026-05-30T05:00:00.000,0.533,0.1823393,https://api.alintaenergy.com.au/v1/myaccount/bff
2026-05-30T06:00:00.000,0.548,0.1874708,https://api.alintaenergy.com.au/v1/myaccount/bff
2026-05-30T07:00:00.000,1.917,0.49879269,https://api.alintaenergy.com.au/v1/myaccount/bff
2026-05-30T08:00:00.000,0.109,0.03054601,https://api.alintaenergy.com.au/v1/myaccount/bff
2026-05-30T09:00:00.000,0.922,0.3154162,https://api.alintaenergy.com.au/v1/myaccount/bff
2026-05-30T10:00:00.000,1.011,0.3458631,https://api.alintaenergy.com.au/v1/myaccount/bff
2026-05-30T11:00:00.000,1.336,0.4570456,https://api.alintaenergy.com.au/v1/myaccount/bff
2026-05-30T12:00:00.000,0.693,0.2370753,https://api.alintaenergy.com.au/v1/myaccount/bff
2026-05-30T13:00:00.000,1.234,0.4221514,https://api.alintaenergy.com.au/v1/myaccount/bff
2026-05-30T14:00:00.000,0.066,0.0225786,https://api.alintaenergy.com.au/v1/myaccount/bff
2026-05-30T15:00:00.000,0.311,0.1063931,https://api.alintaenergy.com.au/v1/myaccount/bff
2026-05-30T16:00:00.000,0.772,0.2641012,https://api.alintaenergy.com.au/v1/myaccount/bff
2026-05-30T17:00:00.000,1.734,0.5932014,https://api.alintaenergy.com.au/v1/myaccount/bff
2026-05-30T18:00:00.000,0.815,0.2788115,https://api.alintaenergy.com.au/v1/myaccount/bff
2026-05-30T19:00:00.000,0.756,0.2586276,https://api.alintaenergy.com.au/v1/myaccount/bff
2026-05-30T20:00:00.000,0.673,0.2302333,https://api.alintaenergy.com.au/v1/myaccount/bff
2026-05-30T21:00:00.000,0.659,0.2254439,https://api.alintaenergy.com.au/v1/myaccount/bff
2026-05-30T22:00:00.000,0.517,0.1768657,https://api.alintaenergy.com.au/v1/myaccount/bff
2026-05-30T23:00:00.000,0.497,0.1700237,https://api.alintaenergy.com.au/v1/myaccount/bff
2026-05-31T00:00:00.000,0.539,0.1843919,https://api.alintaenergy.com.au/v1/myaccount/bff
2026-05-31T01:00:00.000,0.705,0.24107347,https://api.alintaenergy.com.au/v1/myaccount/bff
2026-05-31T02:00:00.000,0.493,0.1686553,https://api.alintaenergy.com.au/v1/myaccount/bff
2026-05-31T03:00:00.000,0.473,0.1618133,https://api.alintaenergy.com.au/v1/myaccount/bff
2026-05-31T04:00:00.000,0.499,0.1707079,https://api.alintaenergy.com.au/v1/myaccount/bff
2026-05-31T05:00:00.000,0.527,0.1802867,https://api.alintaenergy.com.au/v1/myaccount/bff
2026-05-31T06:00:00.000,0.631,0.2158651,https://api.alintaenergy.com.au/v1/myaccount/bff
2026-05-31T07:00:00.000,0.483,0.1652343,https://api.alintaenergy.com.au/v1/myaccount/bff
2026-05-31T08:00:00.000,0.015,0.0051315,https://api.alintaenergy.com.au/v1/myaccount/bff
2026-05-31T09:00:00.000,0.019,0.0064999,https://api.alintaenergy.com.au/v1/myaccount/bff
2026-05-31T10:00:00.000,0.06,0.020526,https://api.alintaenergy.com.au/v1/myaccount/bff
2026-05-31T11:00:00.000,0.061,0.0208681,https://api.alintaenergy.com.au/v1/myaccount/bff
2026-05-31T12:00:00.000,0.468,0.1601028,https://api.alintaenergy.com.au/v1/myaccount/bff
2026-05-31T13:00:00.000,0.169,0.0578149,https://api.alintaenergy.com.au/v1/myaccount/bff
2026-05-31T14:00:00.000,0.361,0.1234981,https://api.alintaenergy.com.au/v1/myaccount/bff
2026-05-31T15:00:00.000,0.627,0.2144967,https://api.alintaenergy.com.au/v1/myaccount/bff
2026-05-31T16:00:00.000,0.699,0.2391279,https://api.alintaenergy.com.au/v1/myaccount/bff
2026-05-31T17:00:00.000,0.786,0.2688906,https://api.alintaenergy.com.au/v1/myaccount/bff
2026-05-31T18:00:00.000,1.385,0.4738085,https://api.alintaenergy.com.au/v1/myaccount/bff
2026-05-31T19:00:00.000,0.746,0.2552066,https://api.alintaenergy.com.au/v1/myaccount/bff
2026-05-31T20:00:00.000,0.856,0.27089645,https://api.alintaenergy.com.au/v1/myaccount/bff
2026-05-31T21:00:00.000,2.075,0.55391479,https://api.alintaenergy.com.au/v1/myaccount/bff
2026-05-31T22:00:00.000,0.551,0.1884971,https://api.alintaenergy.com.au/v1/myaccount/bff
2026-05-31T23:00:00.000,0.707,0.2418647,https://api.alintaenergy.com.au/v1/myaccount/bff
2026-04-01T00:00:00.000,0.75,0.256575,https://api.alintaenergy.com.au/v1/myaccount/bff
2026-04-01T01:00:00.000,0.803,0.2747063,https://api.alintaenergy.com.au/v1/myaccount/bff
2026-04-01T02:00:00.000,1.068,0.3653628,https://api.alintaenergy.com.au/v1/myaccount/bff
2026-04-01T03:00:00.000,0.694,0.2374174,https://api.alintaenergy.com.au/v1/myaccount/bff
2026-04-01T04:00:00.000,0.675,0.2309175,https://api.alintaenergy.com.au/v1/myaccount/bff
2026-04-01T05:00:00.000,0.697,0.2384437,https://api.alintaenergy.com.au/v1/myaccount/bff
2026-04-01T06:00:00.000,0.583,0.1994443,https://api.alintaenergy.com.au/v1/myaccount/bff
2026-04-01T07:00:00.000,0.405,0.1385505,https://api.alintaenergy.com.au/v1/myaccount/bff
2026-04-01T08:00:00.000,0.458,0.1566818,https://api.alintaenergy.com.au/v1/myaccount/bff
2026-04-01T09:00:00.000,0.033,0.0112893,https://api.alintaenergy.com.au/v1/myaccount/bff
2026-04-01T10:00:00.000,0.077,0.0263417,https://api.alintaenergy.com.au/v1/myaccount/bff
2026-04-01T11:00:00.000,0.101,0.0345521,https://api.alintaenergy.com.au/v1/myaccount/bff
2026-04-01T12:00:00.000,0.281,0.0961301,https://api.alintaenergy.com.au/v1/myaccount/bff
2026-04-01T13:00:00.000,0.737,0.2521277,https://api.alintaenergy.com.au/v1/myaccount/bff
2026-04-01T14:00:00.000,0.175,0.0598675,https://api.alintaenergy.com.au/v1/myaccount/bff
2026-04-01T15:00:00.000,0.118,0.0403678,https://api.alintaenergy.com.au/v1/myaccount/bff
2026-04-01T16:00:00.000,0.657,0.2247597,https://api.alintaenergy.com.au/v1/myaccount/bff
2026-04-01T17:00:00.000,1.558,0.5329918,https://api.alintaenergy.com.au/v1/myaccount/bff
2026-04-01T18:00:00.000,1.356,0.4638876,https://api.alintaenergy.com.au/v1/myaccount/bff
2026-04-01T19:00:00.000,1.584,0.5418864,https://api.alintaenergy.com.au/v1/myaccount/bff
2026-04-01T20:00:00.000,1.095,0.3745995,https://api.alintaenergy.com.au/v1/myaccount/bff
2026-04-01T21:00:00.000,0.774,0.2647854,https://api.alintaenergy.com.au/v1/myaccount/bff
2026-04-01T22:00:00.000,0.99,0.338679,https://api.alintaenergy.com.au/v1/myaccount/bff
2026-04-01T23:00:00.000,0.931,0.3184951,https://api.alintaenergy.com.au/v1/myaccount/bff
2026-04-02T00:00:00.000,0.622,0.2127862,https://api.alintaenergy.com.au/v1/myaccount/bff
2026-04-02T01:00:00.000,0.867,0.2966007,https://api.alintaenergy.com.au/v1/myaccount/bff
2026-04-02T02:00:00.000,0.932,0.3188372,https://api.alintaenergy.com.au/v1/myaccount/bff
2026-04-02T03:00:00.000,0.602,0.2059442,https://api.alintaenergy.com.au/v1/myaccount/bff
2026-04-02T04:00:00.000,0.573,0.1960233,https://api.alintaenergy.com.au/v1/myaccount/bff
2026-04-02T05:00:00.000,0.602,0.2059442,https://api.alintaenergy.com.au/v1/myaccount/bff
2026-04-02T06:00:00.000,0.608,0.2079968,https://api.alintaenergy.com.au/v1/myaccount/bff
2026-04-02T07:00:00.000,0.386,0.1320506,https://api.alintaenergy.com.au/v1/myaccount/bff
2026-04-02T08:00:00.000,0.336,0.1149456,https://api.alintaenergy.com.au/v1/myaccount/bff
2026-04-02T09:00:00.000,0.241,0.0824461,https://api.alintaenergy.com.au/v1/myaccount/bff
2026-04-02T10:00:00.000,0.285,0.0974985,https://api.alintaenergy.com.au/v1/myaccount/bff
2026-04-02T11:00:00.000,0.446,0.1525766,https://api.alintaenergy.com.au/v1/myaccount/bff
2026-04-02T12:00:00.000,0.218,0.0745778,https://api.alintaenergy.com.au/v1/myaccount/bff
2026-04-02T13:00:00.000,0.204,0.0697884,https://api.alintaenergy.com.au/v1/myaccount/bff
2026-04-02T14:00:00.000,0.475,0.1624975,https://api.alintaenergy.com.au/v1/myaccount/bff
2026-04-02T15:00:00.000,0.72,0.246312,https://api.alintaenergy.com.au/v1/myaccount/bff
2026-04-02T16:00:00.000,0.926,0.3167846,https://api.alintaenergy.com.au/v1/myaccount/bff
2026-04-02T17:00:00.000,1.683,0.5757543,https://api.alintaenergy.com.au/v1/myaccount/bff
2026-04-02T18:00:00.000,2.464,0.8429344,https://api.alintaenergy.com.au/v1/myaccount/bff
2026-04-02T19:00:00.000,1.334,0.4563614,https://api.alintaenergy.com.au/v1/myaccount/bff
2026-04-02T20:00:00.000,1.101,0.3766521,https://api.alintaenergy.com.au/v1/myaccount/bff
2026-04-02T21:00:00.000,0.693,0.2370753,https://api.alintaenergy.com.au/v1/myaccount/bff
2026-04-02T22:00:00.000,0.632,0.2162072,https://api.alintaenergy.com.au/v1/myaccount/bff
2026-04-02T23:00:00.000,0.605,0.2069705,https://api.alintaenergy.com.au/v1/myaccount/bff
2026-04-03T00:00:00.000,0.63,0.215523,https://api.alintaenergy.com.au/v1/myaccount/bff
2026-04-03T01:00:00.000,0.617,0.2110757,https://api.alintaenergy.com.au/v1/myaccount/bff
2026-04-03T02:00:00.000,0.886,0.3031006,https://api.alintaenergy.com.au/v1/myaccount/bff
2026-04-03T03:00:00.000,0.571,0.1953391,https://api.alintaenergy.com.au/v1/myaccount/bff
2026-04-03T04:00:00.000,0.538,0.1840498,https://api.alintaenergy.com.au/v1/myaccount/bff
2026-04-03T05:00:00.000,0.494,0.1689974,https://api.alintaenergy.com.au/v1/myaccount/bff
2026-04-03T06:00:00.000,0.473,0.1618133,https://api.alintaenergy.com.au/v1/myaccount/bff
2026-04-03T07:00:00.000,0.885,0.3027585,https://api.alintaenergy.com.au/v1/myaccount/bff
2026-04-03T08:00:00.000,0.166,0.0567886,https://api.alintaenergy.com.au/v1/myaccount/bff
2026-04-03T09:00:00.000,1.403,0.4799663,https://api.alintaenergy.com.au/v1/myaccount/bff
2026-04-03T10:00:00.000,2.42,0.827882,https://api.alintaenergy.com.au/v1/myaccount/bff
2026-04-03T11:00:00.000,1.363,0.4662823,https://api.alintaenergy.com.au/v1/myaccount/bff
2026-04-03T12:00:00.000,0.901,0.3082321,https://api.alintaenergy.com.au/v1/myaccount/bff
2026-04-03T13:00:00.000,0.203,0.0694463,https://api.alintaenergy.com.au/v1/myaccount/bff
2026-04-03T14:00:00.000,0.181,0.0619201,https://api.alintaenergy.com.au/v1/myaccount/bff
2026-04-03T15:00:00.000,0.572,0.1956812,https://api.alintaenergy.com.au/v1/myaccount/bff
2026-04-03T16:00:00.000,0.859,0.2938639,https://api.alintaenergy.com.au/v1/myaccount/bff
2026-04-03T17:00:00.000,0.793,0.2712853,https://api.alintaenergy.com.au/v1/myaccount/bff
2026-04-03T18:00:00.000,1.529,0.5230709,https://api.alintaenergy.com.au/v1/myaccount/bff
2026-04-03T19:00:00.000,1.171,0.4005991,https://api.alintaenergy.com.au/v1/myaccount/bff
2026-04-03T20:00:00.000,0.996,0.3407316,https://api.alintaenergy.com.au/v1/myaccount/bff
2026-04-03T21:00:00.000,0.848,0.2901008,https://api.alintaenergy.com.au/v1/myaccount/bff
2026-04-03T22:00:00.000,1.035,0.3540735,https://api.alintaenergy.com.au/v1/myaccount/bff
2026-04-03T23:00:00.000,0.928,0.3174688,https://api.alintaenergy.com.au/v1/myaccount/bff
2026-04-04T00:00:00.000,0.663,0.2268123,https://api.alintaenergy.com.au/v1/myaccount/bff
2026-04-04T01:00:00.000,0.713,0.2439173,https://api.alintaenergy.com.au/v1/myaccount/bff
2026-04-04T02:00:00.000,0.928,0.31736177,https://api.alintaenergy.com.au/v1/myaccount/bff
2026-04-04T03:00:00.000,0.613,0.2097073,https://api.alintaenergy.com.au/v1/myaccount/bff
2026-04-04T04:00:00.000,0.638,0.2182598,https://api.alintaenergy.com.au/v1/myaccount/bff
2026-04-04T05:00:00.000,0.603,0.2062863,https://api.alintaenergy.com.au/v1/myaccount/bff
2026-04-04T06:00:00.000,0.53,0.181313,https://api.alintaenergy.com.au/v1/myaccount/bff
2026-04-04T07:00:00.000,0.253,0.0865513,https://api.alintaenergy.com.au/v1/myaccount/bff
2026-04-04T08:00:00.000,0.045,0.0153945,https://api.alintaenergy.com.au/v1/myaccount/bff
2026-04-04T09:00:00.000,0.084,0.0287364,https://api.alintaenergy.com.au/v1/myaccount/bff
2026-04-04T10:00:00.000,0.168,0.0574728,https://api.alintaenergy.com.au/v1/myaccount/bff
2026-04-04T11:00:00.000,0.16,0.054736,https://api.alintaenergy.com.au/v1/myaccount/bff
2026-04-04T12:00:00.000,0.116,0.0396836,https://api.alintaenergy.com.au/v1/myaccount/bff
2026-04-04T13:00:00.000,0.121,0.0413941,https://api.alintaenergy.com.au/v1/myaccount/bff
2026-04-04T14:00:00.000,0.136,0.0465256,https://api.alintaenergy.com.au/v1/myaccount/bff
2026-04-04T15:00:00.000,0.915,0.3130215,https://api.alintaenergy.com.au/v1/myaccount/bff
2026-04-04T16:00:00.000,1.37,0.468677,https://api.alintaenergy.com.au/v1/myaccount/bff
2026-04-04T17:00:00.000,1.169,0.3999149,https://api.alintaenergy.com.au/v1/myaccount/bff
2026-04-04T18:00:00.000,1.689,0.5778069,https://api.alintaenergy.com.au/v1/myaccount/bff
2026-04-04T19:00:00.000,1.067,0.3650207,https://api.alintaenergy.com.au/v1/myaccount/bff
2026-04-04T20:00:00.000,1.194,0.4084674,https://api.alintaenergy.com.au/v1/myaccount/bff
2026-04-04T21:00:00.000,0.794,0.2716274,https://api.alintaenergy.com.au/v1/myaccount/bff
2026-04-04T22:00:00.000,0.744,0.2545224,https://api.alintaenergy.com.au/v1/myaccount/bff
2026-04-04T23:00:00.000,0.699,0.2391279,https://api.alintaenergy.com.au/v1/myaccount/bff
2026-04-05T00:00:00.000,0.74,0.253154,https://api.alintaenergy.com.au/v1/myaccount/bff
2026-04-05T01:00:00.000,0.952,0.3256792,https://api.alintaenergy.com.au/v1/myaccount/bff
2026-04-05T02:00:00.000,0.661,0.2261281,https://api.alintaenergy.com.au/v1/myaccount/bff
2026-04-05T03:00:00.000,0.666,0.2278386,https://api.alintaenergy.com.au/v1/myaccount/bff
2026-04-05T04:00:00.000,0.663,0.2268123,https://api.alintaenergy.com.au/v1/myaccount/bff
2026-04-05T05:00:00.000,0.627,0.2144967,https://api.alintaenergy.com.au/v1/myaccount/bff
2026-04-05T06:00:00.000,0.586,0.2004706,https://api.alintaenergy.com.au/v1/myaccount/bff
2026-04-05T07:00:00.000,0.45,0.153945,https://api.alintaenergy.com.au/v1/myaccount/bff
2026-04-05T08:00:00.000,0.204,0.0697884,https://api.alintaenergy.com.au/v1/myaccount/bff
2026-04-05T09:00:00.000,0.36,0.123156,https://api.alintaenergy.com.au/v1/myaccount/bff
2026-04-05T10:00:00.000,0.787,0.2692327,https://api.alintaenergy.com.au/v1/myaccount/bff
2026-04-05T11:00:00.000,0.691,0.2363911,https://api.alintaenergy.com.au/v1/myaccount/bff
2026-04-05T12:00:00.000,1.093,0.3739153,https://api.alintaenergy.com.au/v1/myaccount/bff
2026-04-05T13:00:00.000,0.589,0.2014969,https://api.alintaenergy.com.au/v1/myaccount/bff
2026-04-05T14:00:00.000,0.859,0.2938639,https://api.alintaenergy.com.au/v1/myaccount/bff
2026-04-05T15:00:00.000,0.882,0.3017322,https://api.alintaenergy.com.au/v1/myaccount/bff
2026-04-05T16:00:00.000,1.059,0.3622839,https://api.alintaenergy.com.au/v1/myaccount/bff
2026-04-05T17:00:00.000,1.106,0.3783626,https://api.alintaenergy.com.au/v1/myaccount/bff
2026-04-05T18:00:00.000,1.896,0.6486216,https://api.alintaenergy.com.au/v1/myaccount/bff
2026-04-05T19:00:00.000,1.427,0.4881767,https://api.alintaenergy.com.au/v1/myaccount/bff
2026-04-05T20:00:00.000,1.067,0.3650207,https://api.alintaenergy.com.au/v1/myaccount/bff
2026-04-05T21:00:00.000,0.55,0.188155,https://api.alintaenergy.com.au/v1/myaccount/bff
2026-04-05T22:00:00.000,0.588,0.2011548,https://api.alintaenergy.com.au/v1/myaccount/bff
2026-04-05T23:00:00.000,0.808,0.2764168,https://api.alintaenergy.com.au/v1/myaccount/bff
2026-04-06T00:00:00.000,0.533,0.1823393,https://api.alintaenergy.com.au/v1/myaccount/bff
2026-04-06T01:00:00.000,0.545,0.1864445,https://api.alintaenergy.com.au/v1/myaccount/bff
2026-04-06T02:00:00.000,0.827,0.2829167,https://api.alintaenergy.com.au/v1/myaccount/bff
2026-04-06T03:00:00.000,0.51,0.174471,https://api.alintaenergy.com.au/v1/myaccount/bff
2026-04-06T04:00:00.000,0.502,0.1717342,https://api.alintaenergy.com.au/v1/myaccount/bff
2026-04-06T05:00:00.000,0.484,0.1655764,https://api.alintaenergy.com.au/v1/myaccount/bff
2026-04-06T06:00:00.000,0.568,0.1943128,https://api.alintaenergy.com.au/v1/myaccount/bff
2026-04-06T07:00:00.000,0.29,0.099209,https://api.alintaenergy.com.au/v1/myaccount/bff
2026-04-06T08:00:00.000,0.573,0.1960233,https://api.alintaenergy.com.au/v1/myaccount/bff
2026-04-06T09:00:00.000,1.065,0.3643365,https://api.alintaenergy.com.au/v1/myaccount/bff
2026-04-06T10:00:00.000,0.326,0.1115246,https://api.alintaenergy.com.au/v1/myaccount/bff
2026-04-06T11:00:00.000,0.238,0.0814198,https://api.alintaenergy.com.au/v1/myaccount/bff
2026-04-06T12:00:00.000,0.665,0.2274965,https://api.alintaenergy.com.au/v1/myaccount/bff
2026-04-06T13:00:00.000,0.91,0.311311,https://api.alintaenergy.com.au/v1/myaccount/bff
2026-04-06T14:00:00.000,0.839,0.2870219,https://api.alintaenergy.com.au/v1/myaccount/bff
2026-04-06T15:00:00.000,0.531,0.1816551,https://api.alintaenergy.com.au/v1/myaccount/bff
2026-04-06T16:00:00.000,1.153,0.3944413,https://api.alintaenergy.com.au/v1/myaccount/bff
2026-04-06T17:00:00.000,1.665,0.5695965,https://api.alintaenergy.com.au/v1/myaccount/bff
2026-04-06T18:00:00.000,1.726,0.5904646,https://api.alintaenergy.com.au/v1/myaccount/bff
2026-04-06T19:00:00.000,1.604,0.5487284,https://api.alintaenergy.com.au/v1/myaccount/bff
2026-04-06T20:00:00.000,1.456,0.4980976,https://api.alintaenergy.com.au/v1/myaccount/bff
2026-04-06T21:00:00.000,0.724,0.2476804,https://api.alintaenergy.com.au/v1/myaccount/bff
2026-04-06T22:00:00.000,0.942,0.3222582,https://api.alintaenergy.com.au/v1/myaccount/bff
2026-04-06T23:00:00.000,0.601,0.2056021,https://api.alintaenergy.com.au/v1/myaccount/bff
2026-04-07T00:00:00.000,0.625,0.2138125,https://api.alintaenergy.com.au/v1/myaccount/bff
2026-04-07T01:00:00.000,0.868,0.2969428,https://api.alintaenergy.com.au/v1/myaccount/bff
2026-04-07T02:00:00.000,0.893,0.3054953,https://api.alintaenergy.com.au/v1/myaccount/bff
2026-04-07T03:00:00.000,0.688,0.2353648,https://api.alintaenergy.com.au/v1/myaccount/bff
2026-04-07T04:00:00.000,0.589,0.2014969,https://api.alintaenergy.com.au/v1/myaccount/bff
2026-04-07T05:00:00.000,0.594,0.2032074,https://api.alintaenergy.com.au/v1/myaccount/bff
2026-04-07T06:00:00.000,0.636,0.2175756,https://api.alintaenergy.com.au/v1/myaccount/bff
2026-04-07T07:00:00.000,0.972,0.3325212,https://api.alintaenergy.com.au/v1/myaccount/bff
2026-04-07T08:00:00.000,0.819,0.2801799,https://api.alintaenergy.com.au/v1/myaccount/bff
2026-04-07T09:00:00.000,1.16,0.396836,https://api.alintaenergy.com.au/v1/myaccount/bff
2026-04-07T10:00:00.000,0.015,0.0051315,https://api.alintaenergy.com.au/v1/myaccount/bff
2026-04-07T11:00:00.000,0.028,0.0095788,https://api.alintaenergy.com.au/v1/myaccount/bff
2026-04-07T12:00:00.000,0.1,0.03421,https://api.alintaenergy.com.au/v1/myaccount/bff
2026-04-07T13:00:00.000,0.051,0.0174471,https://api.alintaenergy.com.au/v1/myaccount/bff
2026-04-07T14:00:00.000,0.272,0.0930512,https://api.alintaenergy.com.au/v1/myaccount/bff
2026-04-07T15:00:00.000,1.162,0.3975202,https://api.alintaenergy.com.au/v1/myaccount/bff
2026-04-07T16:00:00.000,2.133,0.7296993,https://api.alintaenergy.com.au/v1/myaccount/bff
2026-04-07T17:00:00.000,1.537,0.5258077,https://api.alintaenergy.com.au/v1/myaccount/bff
2026-04-07T18:00:00.000,1.507,0.5155447,https://api.alintaenergy.com.au/v1/myaccount/bff
2026-04-07T19:00:00.000,1.944,0.6650424,https://api.alintaenergy.com.au/v1/myaccount/bff
2026-04-07T20:00:00.000,1.588,0.5432548,https://api.alintaenergy.com.au/v1/myaccount/bff
2026-04-07T21:00:00.000,1.189,0.4067569,https://api.alintaenergy.com.au/v1/myaccount/bff
2026-04-07T22:00:00.000,1.093,0.3739153,https://api.alintaenergy.com.au/v1/myaccount/bff
2026-04-07T23:00:00.000,1.003,0.3431263,https://api.alintaenergy.com.au/v1/myaccount/bff
2026-04-08T00:00:00.000,0.96,0.328416,https://api.alintaenergy.com.au/v1/myaccount/bff
2026-04-08T01:00:00.000,0.972,0.3325212,https://api.alintaenergy.com.au/v1/myaccount/bff
2026-04-08T02:00:00.000,1.208,0.4132568,https://api.alintaenergy.com.au/v1/myaccount/bff
2026-04-08T03:00:00.000,0.828,0.2832588,https://api.alintaenergy.com.au/v1/myaccount/bff
2026-04-08T04:00:00.000,0.832,0.2846272,https://api.alintaenergy.com.au/v1/myaccount/bff
2026-04-08T05:00:00.000,0.782,0.2675222,https://api.alintaenergy.com.au/v1/myaccount/bff
2026-04-08T06:00:00.000,0.741,0.2534961,https://api.alintaenergy.com.au/v1/myaccount/bff
2026-04-08T07:00:00.000,0.464,0.1587344,https://api.alintaenergy.com.au/v1/myaccount/bff
2026-04-08T08:00:00.000,0.271,0.0927091,https://api.alintaenergy.com.au/v1/myaccount/bff
2026-04-08T09:00:00.000,0.292,0.0998932,https://api.alintaenergy.com.au/v1/myaccount/bff
2026-04-08T10:00:00.000,0.364,0.1245244,https://api.alintaenergy.com.au/v1/myaccount/bff
2026-04-08T11:00:00.000,0.359,0.1228139,https://api.alintaenergy.com.au/v1/myaccount/bff
2026-04-08T12:00:00.000,0.002,0.0006842,https://api.alintaenergy.com.au/v1/myaccount/bff
2026-04-08T13:00:00.000,0,0,https://api.alintaenergy.com.au/v1/myaccount/bff
2026-04-08T14:00:00.000,0,0,https://api.alintaenergy.com.au/v1/myaccount/bff
2026-04-08T15:00:00.000,0.45,0.153945,https://api.alintaenergy.com.au/v1/myaccount/bff
2026-04-08T16:00:00.000,1.728,0.5911488,https://api.alintaenergy.com.au/v1/myaccount/bff
2026-04-08T17:00:00.000,1.564,0.5350444,https://api.alintaenergy.com.au/v1/myaccount/bff
2026-04-08T18:00:00.000,2.526,0.8641446,https://api.alintaenergy.com.au/v1/myaccount/bff
2026-04-08T19:00:00.000,1.9,0.64999,https://api.alintaenergy.com.au/v1/myaccount/bff
2026-04-08T20:00:00.000,1.712,0.5856752,https://api.alintaenergy.com.au/v1/myaccount/bff
2026-04-08T21:00:00.000,0.821,0.2808641,https://api.alintaenergy.com.au/v1/myaccount/bff
2026-04-08T22:00:00.000,1.035,0.3540735,https://api.alintaenergy.com.au/v1/myaccount/bff
2026-04-08T23:00:00.000,0.976,0.3338896,https://api.alintaenergy.com.au/v1/myaccount/bff
2026-04-09T00:00:00.000,0.717,0.2452857,https://api.alintaenergy.com.au/v1/myaccount/bff
2026-04-09T01:00:00.000,1.435,0.4909135,https://api.alintaenergy.com.au/v1/myaccount/bff
2026-04-09T02:00:00.000,1.284,0.4392564,https://api.alintaenergy.com.au/v1/myaccount/bff
2026-04-09T03:00:00.000,1.071,0.3663891,https://api.alintaenergy.com.au/v1/myaccount/bff
2026-04-09T04:00:00.000,1.072,0.3667312,https://api.alintaenergy.com.au/v1/myaccount/bff
2026-04-09T05:00:00.000,0.937,0.3205477,https://api.alintaenergy.com.au/v1/myaccount/bff
2026-04-09T06:00:00.000,0.759,0.2596539,https://api.alintaenergy.com.au/v1/myaccount/bff
2026-04-09T07:00:00.000,0.767,0.2623907,https://api.alintaenergy.com.au/v1/myaccount/bff
2026-04-09T08:00:00.000,0.417,0.1426557,https://api.alintaenergy.com.au/v1/myaccount/bff
2026-04-09T09:00:00.000,0.085,0.0290785,https://api.alintaenergy.com.au/v1/myaccount/bff
2026-04-09T10:00:00.000,0.016,0.0054736,https://api.alintaenergy.com.au/v1/myaccount/bff
2026-04-09T11:00:00.000,0.013,0.0044473,https://api.alintaenergy.com.au/v1/myaccount/bff
2026-04-09T12:00:00.000,0.002,0.0006842,https://api.alintaenergy.com.au/v1/myaccount/bff
2026-04-09T13:00:00.000,0.101,0.0345521,https://api.alintaenergy.com.au/v1/myaccount/bff
2026-04-09T14:00:00.000,0.312,0.1067352,https://api.alintaenergy.com.au/v1/myaccount/bff
2026-04-09T15:00:00.000,0.581,0.1987601,https://api.alintaenergy.com.au/v1/myaccount/bff
2026-04-09T16:00:00.000,1.586,0.5425706,https://api.alintaenergy.com.au/v1/myaccount/bff
2026-04-09T17:00:00.000,1.858,0.6356218,https://api.alintaenergy.com.au/v1/myaccount/bff
2026-04-09T18:00:00.000,2.165,0.7406465,https://api.alintaenergy.com.au/v1/myaccount/bff
2026-04-09T19:00:00.000,3.015,1.0314315,https://api.alintaenergy.com.au/v1/myaccount/bff
2026-04-09T20:00:00.000,1.595,0.5456495,https://api.alintaenergy.com.au/v1/myaccount/bff
2026-04-09T21:00:00.000,0.728,0.2490488,https://api.alintaenergy.com.au/v1/myaccount/bff
2026-04-09T22:00:00.000,0.648,0.2216808,https://api.alintaenergy.com.au/v1/myaccount/bff
2026-04-09T23:00:00.000,0.619,0.2117599,https://api.alintaenergy.com.au/v1/myaccount/bff
2026-04-10T00:00:00.000,0.605,0.2069705,https://api.alintaenergy.com.au/v1/myaccount/bff
2026-04-10T01:00:00.000,0.656,0.2244176,https://api.alintaenergy.com.au/v1/myaccount/bff
2026-04-10T02:00:00.000,0.954,0.3263634,https://api.alintaenergy.com.au/v1/myaccount/bff
2026-04-10T03:00:00.000,0.639,0.2186019,https://api.alintaenergy.com.au/v1/myaccount/bff
2026-04-10T04:00:00.000,0.603,0.2062863,https://api.alintaenergy.com.au/v1/myaccount/bff
2026-04-10T05:00:00.000,0.594,0.2032074,https://api.alintaenergy.com.au/v1/myaccount/bff
2026-04-10T06:00:00.000,0.519,0.1775499,https://api.alintaenergy.com.au/v1/myaccount/bff
2026-04-10T07:00:00.000,0.201,0.0687621,https://api.alintaenergy.com.au/v1/myaccount/bff
2026-04-10T08:00:00.000,0.095,0.0324995,https://api.alintaenergy.com.au/v1/myaccount/bff
2026-04-10T09:00:00.000,0.128,0.0437888,https://api.alintaenergy.com.au/v1/myaccount/bff
2026-04-10T10:00:00.000,0.204,0.0697884,https://api.alintaenergy.com.au/v1/myaccount/bff
2026-04-10T11:00:00.000,0.444,0.1518924,https://api.alintaenergy.com.au/v1/myaccount/bff
2026-04-10T12:00:00.000,0.417,0.1426557,https://api.alintaenergy.com.au/v1/myaccount/bff
2026-04-10T13:00:00.000,0.659,0.2254439,https://api.alintaenergy.com.au/v1/myaccount/bff
2026-04-10T14:00:00.000,0.654,0.2237334,https://api.alintaenergy.com.au/v1/myaccount/bff
2026-04-10T15:00:00.000,0.787,0.2692327,https://api.alintaenergy.com.au/v1/myaccount/bff
2026-04-10T16:00:00.000,1.442,0.4933082,https://api.alintaenergy.com.au/v1/myaccount/bff
2026-04-10T17:00:00.000,1.366,0.4673086,https://api.alintaenergy.com.au/v1/myaccount/bff
2026-04-10T18:00:00.000,2.14,0.732094,https://api.alintaenergy.com.au/v1/myaccount/bff
2026-04-10T19:00:00.000,1.564,0.5350444,https://api.alintaenergy.com.au/v1/myaccount/bff
2026-04-10T20:00:00.000,0.9,0.30789,https://api.alintaenergy.com.au/v1/myaccount/bff
2026-04-10T21:00:00.000,0.762,0.2606802,https://api.alintaenergy.com.au/v1/myaccount/bff
2026-04-10T22:00:00.000,0.983,0.3362843,https://api.alintaenergy.com.au/v1/myaccount/bff
2026-04-10T23:00:00.000,0.97,0.331837,https://api.alintaenergy.com.au/v1/myaccount/bff
2026-04-11T00:00:00.000,0.684,0.2339964,https://api.alintaenergy.com.au/v1/myaccount/bff
2026-04-11T01:00:00.000,0.697,0.2384437,https://api.alintaenergy.com.au/v1/myaccount/bff
2026-04-11T02:00:00.000,0.901,0.3082321,https://api.alintaenergy.com.au/v1/myaccount/bff
2026-04-11T03:00:00.000,0.598,0.2045758,https://api.alintaenergy.com.au/v1/myaccount/bff
2026-04-11T04:00:00.000,0.589,0.2014969,https://api.alintaenergy.com.au/v1/myaccount/bff
2026-04-11T05:00:00.000,0.556,0.1902076,https://api.alintaenergy.com.au/v1/myaccount/bff
2026-04-11T06:00:00.000,0.565,0.1932865,https://api.alintaenergy.com.au/v1/myaccount/bff
2026-04-11T07:00:00.000,0.271,0.0927091,https://api.alintaenergy.com.au/v1/myaccount/bff
2026-04-11T08:00:00.000,0.422,0.1443662,https://api.alintaenergy.com.au/v1/myaccount/bff
2026-04-11T09:00:00.000,0.005,0.0017105,https://api.alintaenergy.com.au/v1/myaccount/bff
2026-04-11T10:00:00.000,0.455,0.1556555,https://api.alintaenergy.com.au/v1/myaccount/bff
2026-04-11T11:00:00.000,0.14,0.047894,https://api.alintaenergy.com.au/v1/myaccount/bff
2026-04-11T12:00:00.000,0.169,0.0578149,https://api.alintaenergy.com.au/v1/myaccount/bff
2026-04-11T13:00:00.000,0.801,0.2740221,https://api.alintaenergy.com.au/v1/myaccount/bff
2026-04-11T14:00:00.000,1.387,0.4744927,https://api.alintaenergy.com.au/v1/myaccount/bff
2026-04-11T15:00:00.000,1.756,0.6007276,https://api.alintaenergy.com.au/v1/myaccount/bff
2026-04-11T16:00:00.000,1.628,0.5569388,https://api.alintaenergy.com.au/v1/myaccount/bff
2026-04-11T17:00:00.000,1.668,0.5706228,https://api.alintaenergy.com.au/v1/myaccount/bff
2026-04-11T18:00:00.000,1.763,0.6031223,https://api.alintaenergy.com.au/v1/myaccount/bff
2026-04-11T19:00:00.000,1.556,0.5323076,https://api.alintaenergy.com.au/v1/myaccount/bff
2026-04-11T20:00:00.000,1.641,0.5613861,https://api.alintaenergy.com.au/v1/myaccount/bff
2026-04-11T21:00:00.000,0.952,0.3256792,https://api.alintaenergy.com.au/v1/myaccount/bff
2026-04-11T22:00:00.000,0.633,0.2165493,https://api.alintaenergy.com.au/v1/myaccount/bff
2026-04-11T23:00:00.000,0.62,0.212102,https://api.alintaenergy.com.au/v1/myaccount/bff
2026-04-12T00:00:00.000,0.67,0.229207,https://api.alintaenergy.com.au/v1/myaccount/bff
2026-04-12T01:00:00.000,0.889,0.3041269,https://api.alintaenergy.com.au/v1/myaccount/bff
2026-04-12T02:00:00.000,0.649,0.2220229,https://api.alintaenergy.com.au/v1/myaccount/bff
2026-04-12T03:00:00.000,0.582,0.1991022,https://api.alintaenergy.com.au/v1/myaccount/bff
2026-04-12T04:00:00.000,0.59,0.201839,https://api.alintaenergy.com.au/v1/myaccount/bff
2026-04-12T05:00:00.000,0.65,0.222365,https://api.alintaenergy.com.au/v1/myaccount/bff
2026-04-12T06:00:00.000,0.544,0.1861024,https://api.alintaenergy.com.au/v1/myaccount/bff
2026-04-12T07:00:00.000,0.454,0.1553134,https://api.alintaenergy.com.au/v1/myaccount/bff
2026-04-12T08:00:00.000,0.684,0.2339964,https://api.alintaenergy.com.au/v1/myaccount/bff
2026-04-12T09:00:00.000,1.236,0.4228356,https://api.alintaenergy.com.au/v1/myaccount/bff
2026-04-12T10:00:00.000,1.279,0.4375459,https://api.alintaenergy.com.au/v1/myaccount/bff
2026-04-12T11:00:00.000,0.001,0.0003421,https://api.alintaenergy.com.au/v1/myaccount/bff
2026-04-12T12:00:00.000,0.035,0.0119735,https://api.alintaenergy.com.au/v1/myaccount/bff
2026-04-12T13:00:00.000,0.641,0.2192861,https://api.alintaenergy.com.au/v1/myaccount/bff
2026-04-12T14:00:00.000,0.913,0.3123373,https://api.alintaenergy.com.au/v1/myaccount/bff
2026-04-12T15:00:00.000,1.137,0.3889677,https://api.alintaenergy.com.au/v1/myaccount/bff
2026-04-12T16:00:00.000,1.643,0.5620703,https://api.alintaenergy.com.au/v1/myaccount/bff
2026-04-12T17:00:00.000,1.434,0.4905714,https://api.alintaenergy.com.au/v1/myaccount/bff
2026-04-12T18:00:00.000,1.51,0.516571,https://api.alintaenergy.com.au/v1/myaccount/bff
2026-04-12T19:00:00.000,1.53,0.523413,https://api.alintaenergy.com.au/v1/myaccount/bff
2026-04-12T20:00:00.000,1.115,0.3814415,https://api.alintaenergy.com.au/v1/myaccount/bff
2026-04-12T21:00:00.000,0.68,0.232628,https://api.alintaenergy.com.au/v1/myaccount/bff
2026-04-12T22:00:00.000,0.691,0.2363911,https://api.alintaenergy.com.au/v1/myaccount/bff
2026-04-12T23:00:00.000,0.829,0.2836009,https://api.alintaenergy.com.au/v1/myaccount/bff
2026-04-13T00:00:00.000,0.539,0.1843919,https://api.alintaenergy.com.au/v1/myaccount/bff
2026-04-13T01:00:00.000,0.622,0.2127862,https://api.alintaenergy.com.au/v1/myaccount/bff
2026-04-13T02:00:00.000,0.889,0.3041269,https://api.alintaenergy.com.au/v1/myaccount/bff
2026-04-13T03:00:00.000,0.565,0.1932865,https://api.alintaenergy.com.au/v1/myaccount/bff
2026-04-13T04:00:00.000,0.557,0.1905497,https://api.alintaenergy.com.au/v1/myaccount/bff
2026-04-13T05:00:00.000,0.555,0.1898655,https://api.alintaenergy.com.au/v1/myaccount/bff
2026-04-13T06:00:00.000,0.68,0.232628,https://api.alintaenergy.com.au/v1/myaccount/bff
2026-04-13T07:00:00.000,0.99,0.338679,https://api.alintaenergy.com.au/v1/myaccount/bff
2026-04-13T08:00:00.000,0.795,0.2719695,https://api.alintaenergy.com.au/v1/myaccount/bff
2026-04-13T09:00:00.000,0.694,0.2374174,https://api.alintaenergy.com.au/v1/myaccount/bff
2026-04-13T10:00:00.000,0.112,0.0383152,https://api.alintaenergy.com.au/v1/myaccount/bff
2026-04-13T11:00:00.000,0.152,0.0519992,https://api.alintaenergy.com.au/v1/myaccount/bff
2026-04-13T12:00:00.000,0.024,0.0082104,https://api.alintaenergy.com.au/v1/myaccount/bff
2026-04-13T13:00:00.000,0.002,0.0006842,https://api.alintaenergy.com.au/v1/myaccount/bff
2026-04-13T14:00:00.000,0.153,0.0523413,https://api.alintaenergy.com.au/v1/myaccount/bff
2026-04-13T15:00:00.000,0.538,0.1840498,https://api.alintaenergy.com.au/v1/myaccount/bff
2026-04-13T16:00:00.000,1.428,0.4885188,https://api.alintaenergy.com.au/v1/myaccount/bff
2026-04-13T17:00:00.000,1.5,0.51315,https://api.alintaenergy.com.au/v1/myaccount/bff
2026-04-13T18:00:00.000,1.428,0.4885188,https://api.alintaenergy.com.au/v1/myaccount/bff
2026-04-13T19:00:00.000,1.765,0.6038065,https://api.alintaenergy.com.au/v1/myaccount/bff
2026-04-13T20:00:00.000,1.369,0.4683349,https://api.alintaenergy.com.au/v1/myaccount/bff
2026-04-13T21:00:00.000,0.958,0.3277318,https://api.alintaenergy.com.au/v1/myaccount/bff
2026-04-13T22:00:00.000,1.21,0.413941,https://api.alintaenergy.com.au/v1/myaccount/bff
2026-04-13T23:00:00.000,0.878,0.3003638,https://api.alintaenergy.com.au/v1/myaccount/bff
2026-04-14T00:00:00.000,0.872,0.2983112,https://api.alintaenergy.com.au/v1/myaccount/bff
2026-04-14T01:00:00.000,1.062,0.3633102,https://api.alintaenergy.com.au/v1/myaccount/bff
2026-04-14T02:00:00.000,1.07,0.366047,https://api.alintaenergy.com.au/v1/myaccount/bff
2026-04-14T03:00:00.000,0.693,0.2370753,https://api.alintaenergy.com.au/v1/myaccount/bff
2026-04-14T04:00:00.000,0.856,0.2928376,https://api.alintaenergy.com.au/v1/myaccount/bff
2026-04-14T05:00:00.000,0.772,0.2641012,https://api.alintaenergy.com.au/v1/myaccount/bff
2026-04-14T06:00:00.000,0.794,0.2716274,https://api.alintaenergy.com.au/v1/myaccount/bff
2026-04-14T07:00:00.000,0.616,0.2107336,https://api.alintaenergy.com.au/v1/myaccount/bff
2026-04-14T08:00:00.000,0.373,0.1276033,https://api.alintaenergy.com.au/v1/myaccount/bff
2026-04-14T09:00:00.000,0.168,0.0574728,https://api.alintaenergy.com.au/v1/myaccount/bff
2026-04-14T10:00:00.000,0.006,0.0020526,https://api.alintaenergy.com.au/v1/myaccount/bff
2026-04-14T11:00:00.000,0.086,0.0294206,https://api.alintaenergy.com.au/v1/myaccount/bff
2026-04-14T12:00:00.000,0.078,0.0266838,https://api.alintaenergy.com.au/v1/myaccount/bff
2026-04-14T13:00:00.000,0.39,0.133419,https://api.alintaenergy.com.au/v1/myaccount/bff
2026-04-14T14:00:00.000,0.16,0.054736,https://api.alintaenergy.com.au/v1/myaccount/bff
2026-04-14T15:00:00.000,0.236,0.0807356,https://api.alintaenergy.com.au/v1/myaccount/bff
2026-04-14T16:00:00.000,0.854,0.2921534,https://api.alintaenergy.com.au/v1/myaccount/bff
2026-04-14T17:00:00.000,1.069,0.3657049,https://api.alintaenergy.com.au/v1/myaccount/bff
2026-04-14T18:00:00.000,1.694,0.5795174,https://api.alintaenergy.com.au/v1/myaccount/bff
2026-04-14T19:00:00.000,0.979,0.3349159,https://api.alintaenergy.com.au/v1/myaccount/bff
2026-04-14T20:00:00.000,1.247,0.4265987,https://api.alintaenergy.com.au/v1/myaccount/bff
2026-04-14T21:00:00.000,0.917,0.3137057,https://api.alintaenergy.com.au/v1/myaccount/bff
2026-04-14T22:00:00.000,0.735,0.2514435,https://api.alintaenergy.com.au/v1/myaccount/bff
2026-04-14T23:00:00.000,0.683,0.2336543,https://api.alintaenergy.com.au/v1/myaccount/bff
2026-04-15T00:00:00.000,0.58,0.198418,https://api.alintaenergy.com.au/v1/myaccount/bff
2026-04-15T01:00:00.000,0.634,0.2168914,https://api.alintaenergy.com.au/v1/myaccount/bff
2026-04-15T02:00:00.000,0.889,0.3041269,https://api.alintaenergy.com.au/v1/myaccount/bff
2026-04-15T03:00:00.000,0.589,0.2014969,https://api.alintaenergy.com.au/v1/myaccount/bff
2026-04-15T04:00:00.000,0.58,0.198418,https://api.alintaenergy.com.au/v1/myaccount/bff
2026-04-15T05:00:00.000,0.587,0.2008127,https://api.alintaenergy.com.au/v1/myaccount/bff
2026-04-15T06:00:00.000,0.589,0.2014969,https://api.alintaenergy.com.au/v1/myaccount/bff
2026-04-15T07:00:00.000,0.376,0.1286296,https://api.alintaenergy.com.au/v1/myaccount/bff
2026-04-15T08:00:00.000,0.011,0.0037631,https://api.alintaenergy.com.au/v1/myaccount/bff
2026-04-15T09:00:00.000,0.001,0.0003421,https://api.alintaenergy.com.au/v1/myaccount/bff
2026-04-15T10:00:00.000,0.064,0.0218944,https://api.alintaenergy.com.au/v1/myaccount/bff
2026-04-15T11:00:00.000,0.16,0.054736,https://api.alintaenergy.com.au/v1/myaccount/bff
2026-04-15T12:00:00.000,0.289,0.0988669,https://api.alintaenergy.com.au/v1/myaccount/bff
2026-04-15T13:00:00.000,0.204,0.0697884,https://api.alintaenergy.com.au/v1/myaccount/bff
2026-04-15T14:00:00.000,0.178,0.0608938,https://api.alintaenergy.com.au/v1/myaccount/bff
2026-04-15T15:00:00.000,0.596,0.2038916,https://api.alintaenergy.com.au/v1/myaccount/bff
2026-04-15T16:00:00.000,1.615,0.5524915,https://api.alintaenergy.com.au/v1/myaccount/bff
2026-04-15T17:00:00.000,1.23,0.420783,https://api.alintaenergy.com.au/v1/myaccount/bff
2026-04-15T18:00:00.000,1.234,0.4221514,https://api.alintaenergy.com.au/v1/myaccount/bff
2026-04-15T19:00:00.000,0.822,0.2812062,https://api.alintaenergy.com.au/v1/myaccount/bff
2026-04-15T20:00:00.000,0.859,0.2938639,https://api.alintaenergy.com.au/v1/myaccount/bff
2026-04-15T21:00:00.000,0.738,0.2524698,https://api.alintaenergy.com.au/v1/myaccount/bff
2026-04-15T22:00:00.000,0.949,0.3246529,https://api.alintaenergy.com.au/v1/myaccount/bff
2026-04-15T23:00:00.000,0.911,0.3116531,https://api.alintaenergy.com.au/v1/myaccount/bff
2026-04-16T00:00:00.000,0.641,0.2192861,https://api.alintaenergy.com.au/v1/myaccount/bff
2026-04-16T01:00:00.000,0.883,0.3020743,https://api.alintaenergy.com.au/v1/myaccount/bff
2026-04-16T02:00:00.000,0.891,0.3048111,https://api.alintaenergy.com.au/v1/myaccount/bff
2026-04-16T03:00:00.000,0.627,0.2144967,https://api.alintaenergy.com.au/v1/myaccount/bff
2026-04-16T04:00:00.000,0.663,0.2268123,https://api.alintaenergy.com.au/v1/myaccount/bff
2026-04-16T05:00:00.000,0.724,0.2476804,https://api.alintaenergy.com.au/v1/myaccount/bff
2026-04-16T06:00:00.000,0.739,0.2528119,https://api.alintaenergy.com.au/v1/myaccount/bff
2026-04-16T07:00:00.000,0.483,0.1652343,https://api.alintaenergy.com.au/v1/myaccount/bff
2026-04-16T08:00:00.000,0.491,0.1679711,https://api.alintaenergy.com.au/v1/myaccount/bff
2026-04-16T09:00:00.000,0.026,0.0088946,https://api.alintaenergy.com.au/v1/myaccount/bff
2026-04-16T10:00:00.000,0,0,https://api.alintaenergy.com.au/v1/myaccount/bff
2026-04-16T11:00:00.000,0.102,0.0348942,https://api.alintaenergy.com.au/v1/myaccount/bff
2026-04-16T12:00:00.000,0,0,https://api.alintaenergy.com.au/v1/myaccount/bff
2026-04-16T13:00:00.000,0.277,0.0947617,https://api.alintaenergy.com.au/v1/myaccount/bff
2026-04-16T14:00:00.000,0.725,0.2480225,https://api.alintaenergy.com.au/v1/myaccount/bff
2026-04-16T15:00:00.000,1.497,0.5121237,https://api.alintaenergy.com.au/v1/myaccount/bff
2026-04-16T16:00:00.000,2.102,0.7190942,https://api.alintaenergy.com.au/v1/myaccount/bff
2026-04-16T17:00:00.000,1.252,0.4283092,https://api.alintaenergy.com.au/v1/myaccount/bff
2026-04-16T18:00:00.000,1.627,0.5565967,https://api.alintaenergy.com.au/v1/myaccount/bff
2026-04-16T19:00:00.000,1.703,0.5825963,https://api.alintaenergy.com.au/v1/myaccount/bff
2026-04-16T20:00:00.000,0.966,0.3304686,https://api.alintaenergy.com.au/v1/myaccount/bff
2026-04-16T21:00:00.000,0.833,0.2849693,https://api.alintaenergy.com.au/v1/myaccount/bff
2026-04-16T22:00:00.000,0.787,0.2692327,https://api.alintaenergy.com.au/v1/myaccount/bff
2026-04-16T23:00:00.000,0.669,0.2288649,https://api.alintaenergy.com.au/v1/myaccount/bff
2026-04-17T00:00:00.000,0.636,0.2175756,https://api.alintaenergy.com.au/v1/myaccount/bff
2026-04-17T01:00:00.000,0.681,0.2329701,https://api.alintaenergy.com.au/v1/myaccount/bff
2026-04-17T02:00:00.000,0.931,0.3184951,https://api.alintaenergy.com.au/v1/myaccount/bff
2026-04-17T03:00:00.000,0.585,0.2001285,https://api.alintaenergy.com.au/v1/myaccount/bff
2026-04-17T04:00:00.000,0.562,0.1922602,https://api.alintaenergy.com.au/v1/myaccount/bff
2026-04-17T05:00:00.000,0.573,0.1960233,https://api.alintaenergy.com.au/v1/myaccount/bff
2026-04-17T06:00:00.000,0.531,0.1816551,https://api.alintaenergy.com.au/v1/myaccount/bff
2026-04-17T07:00:00.000,0.488,0.1669448,https://api.alintaenergy.com.au/v1/myaccount/bff
2026-04-17T08:00:00.000,0.175,0.0598675,https://api.alintaenergy.com.au/v1/myaccount/bff
2026-04-17T09:00:00.000,0.025,0.0085525,https://api.alintaenergy.com.au/v1/myaccount/bff
2026-04-17T10:00:00.000,0.021,0.0071841,https://api.alintaenergy.com.au/v1/myaccount/bff
2026-04-17T11:00:00.000,0.023,0.0078683,https://api.alintaenergy.com.au/v1/myaccount/bff
2026-04-17T12:00:00.000,0.278,0.0951038,https://api.alintaenergy.com.au/v1/myaccount/bff
2026-04-17T13:00:00.000,0.462,0.1580502,https://api.alintaenergy.com.au/v1/myaccount/bff
2026-04-17T14:00:00.000,0.194,0.0663674,https://api.alintaenergy.com.au/v1/myaccount/bff
2026-04-17T15:00:00.000,1.342,0.4590982,https://api.alintaenergy.com.au/v1/myaccount/bff
2026-04-17T16:00:00.000,1.541,0.5271761,https://api.alintaenergy.com.au/v1/myaccount/bff
2026-04-17T17:00:00.000,1.948,0.6664108,https://api.alintaenergy.com.au/v1/myaccount/bff
2026-04-17T18:00:00.000,1.569,0.5367549,https://api.alintaenergy.com.au/v1/myaccount/bff
2026-04-17T19:00:00.000,2.006,0.6862526,https://api.alintaenergy.com.au/v1/myaccount/bff
2026-04-17T20:00:00.000,1.087,0.3718627,https://api.alintaenergy.com.au/v1/myaccount/bff
2026-04-17T21:00:00.000,0.762,0.2606802,https://api.alintaenergy.com.au/v1/myaccount/bff
2026-04-17T22:00:00.000,0.919,0.3143899,https://api.alintaenergy.com.au/v1/myaccount/bff
2026-04-17T23:00:00.000,0.872,0.2983112,https://api.alintaenergy.com.au/v1/myaccount/bff
2026-04-18T00:00:00.000,0.649,0.2220229,https://api.alintaenergy.com.au/v1/myaccount/bff
2026-04-18T01:00:00.000,0.712,0.2435752,https://api.alintaenergy.com.au/v1/myaccount/bff
2026-04-18T02:00:00.000,0.973,0.3328633,https://api.alintaenergy.com.au/v1/myaccount/bff
2026-04-18T03:00:00.000,0.608,0.2079968,https://api.alintaenergy.com.au/v1/myaccount/bff
2026-04-18T04:00:00.000,0.728,0.2490488,https://api.alintaenergy.com.au/v1/myaccount/bff
2026-04-18T05:00:00.000,0.652,0.2230492,https://api.alintaenergy.com.au/v1/myaccount/bff
2026-04-18T06:00:00.000,0.596,0.2038916,https://api.alintaenergy.com.au/v1/myaccount/bff
2026-04-18T07:00:00.000,0.788,0.2695748,https://api.alintaenergy.com.au/v1/myaccount/bff
2026-04-18T08:00:00.000,0.749,0.25612587,https://api.alintaenergy.com.au/v1/myaccount/bff
2026-04-18T09:00:00.000,0.797,0.2726537,https://api.alintaenergy.com.au/v1/myaccount/bff
2026-04-18T10:00:00.000,0,0,https://api.alintaenergy.com.au/v1/myaccount/bff
2026-04-18T11:00:00.000,0.001,0.0003421,https://api.alintaenergy.com.au/v1/myaccount/bff
2026-04-18T12:00:00.000,0.181,0.0619201,https://api.alintaenergy.com.au/v1/myaccount/bff
2026-04-18T13:00:00.000,0.188,0.0643148,https://api.alintaenergy.com.au/v1/myaccount/bff
2026-04-18T14:00:00.000,0.063,0.0215523,https://api.alintaenergy.com.au/v1/myaccount/bff
2026-04-18T15:00:00.000,0.881,0.3013901,https://api.alintaenergy.com.au/v1/myaccount/bff
2026-04-18T16:00:00.000,1.187,0.4060727,https://api.alintaenergy.com.au/v1/myaccount/bff
2026-04-18T17:00:00.000,1.418,0.4850978,https://api.alintaenergy.com.au/v1/myaccount/bff
2026-04-18T18:00:00.000,1.355,0.4635455,https://api.alintaenergy.com.au/v1/myaccount/bff
2026-04-18T19:00:00.000,1.292,0.4419932,https://api.alintaenergy.com.au/v1/myaccount/bff
2026-04-18T20:00:00.000,1.135,0.3882835,https://api.alintaenergy.com.au/v1/myaccount/bff
2026-04-18T21:00:00.000,0.618,0.2114178,https://api.alintaenergy.com.au/v1/myaccount/bff
2026-04-18T22:00:00.000,0.736,0.2517856,https://api.alintaenergy.com.au/v1/myaccount/bff
2026-04-18T23:00:00.000,0.677,0.2316017,https://api.alintaenergy.com.au/v1/myaccount/bff
2026-04-19T00:00:00.000,0.619,0.2117599,https://api.alintaenergy.com.au/v1/myaccount/bff
2026-04-19T01:00:00.000,0.836,0.2859956,https://api.alintaenergy.com.au/v1/myaccount/bff
2026-04-19T02:00:00.000,0.619,0.2117599,https://api.alintaenergy.com.au/v1/myaccount/bff
2026-04-19T03:00:00.000,0.561,0.1919181,https://api.alintaenergy.com.au/v1/myaccount/bff
2026-04-19T04:00:00.000,0.597,0.2042337,https://api.alintaenergy.com.au/v1/myaccount/bff
2026-04-19T05:00:00.000,0.556,0.1902076,https://api.alintaenergy.com.au/v1/myaccount/bff
2026-04-19T06:00:00.000,0.727,0.2487067,https://api.alintaenergy.com.au/v1/myaccount/bff
2026-04-19T07:00:00.000,0.467,0.1597607,https://api.alintaenergy.com.au/v1/myaccount/bff
2026-04-19T08:00:00.000,0.087,0.0297627,https://api.alintaenergy.com.au/v1/myaccount/bff
2026-04-19T09:00:00.000,0.001,0.0003421,https://api.alintaenergy.com.au/v1/myaccount/bff
2026-04-19T10:00:00.000,0.3,0.10263,https://api.alintaenergy.com.au/v1/myaccount/bff
2026-04-19T11:00:00.000,0.569,0.1946549,https://api.alintaenergy.com.au/v1/myaccount/bff
2026-04-19T12:00:00.000,0.753,0.2576013,https://api.alintaenergy.com.au/v1/myaccount/bff
2026-04-19T13:00:00.000,1,0.3421,https://api.alintaenergy.com.au/v1/myaccount/bff
2026-04-19T14:00:00.000,0.551,0.1884971,https://api.alintaenergy.com.au/v1/myaccount/bff
2026-04-19T15:00:00.000,0.939,0.3212319,https://api.alintaenergy.com.au/v1/myaccount/bff
2026-04-19T16:00:00.000,1.274,0.4358354,https://api.alintaenergy.com.au/v1/myaccount/bff
2026-04-19T17:00:00.000,1.116,0.3817836,https://api.alintaenergy.com.au/v1/myaccount/bff
2026-04-19T18:00:00.000,1.146,0.3920466,https://api.alintaenergy.com.au/v1/myaccount/bff
2026-04-19T19:00:00.000,1.509,0.5162289,https://api.alintaenergy.com.au/v1/myaccount/bff
2026-04-19T20:00:00.000,0.813,0.2781273,https://api.alintaenergy.com.au/v1/myaccount/bff
2026-04-19T21:00:00.000,0.685,0.2343385,https://api.alintaenergy.com.au/v1/myaccount/bff
2026-04-19T22:00:00.000,0.736,0.2517856,https://api.alintaenergy.com.au/v1/myaccount/bff
2026-04-19T23:00:00.000,0.888,0.3037848,https://api.alintaenergy.com.au/v1/myaccount/bff
2026-04-20T00:00:00.000,0.571,0.1953391,https://api.alintaenergy.com.au/v1/myaccount/bff
2026-04-20T01:00:00.000,0.636,0.2175756,https://api.alintaenergy.com.au/v1/myaccount/bff
2026-04-20T02:00:00.000,0.874,0.2989954,https://api.alintaenergy.com.au/v1/myaccount/bff
2026-04-20T03:00:00.000,0.615,0.2103915,https://api.alintaenergy.com.au/v1/myaccount/bff
2026-04-20T04:00:00.000,0.579,0.1980759,https://api.alintaenergy.com.au/v1/myaccount/bff
2026-04-20T05:00:00.000,0.595,0.2035495,https://api.alintaenergy.com.au/v1/myaccount/bff
2026-04-20T06:00:00.000,0.528,0.1806288,https://api.alintaenergy.com.au/v1/myaccount/bff
2026-04-20T07:00:00.000,0.211,0.0721831,https://api.alintaenergy.com.au/v1/myaccount/bff
2026-04-20T08:00:00.000,0.061,0.0208681,https://api.alintaenergy.com.au/v1/myaccount/bff
2026-04-20T09:00:00.000,0.002,0.0006842,https://api.alintaenergy.com.au/v1/myaccount/bff
2026-04-20T10:00:00.000,0,0,https://api.alintaenergy.com.au/v1/myaccount/bff
2026-04-20T11:00:00.000,0.149,0.0509729,https://api.alintaenergy.com.au/v1/myaccount/bff
2026-04-20T12:00:00.000,0.06,0.020526,https://api.alintaenergy.com.au/v1/myaccount/bff
2026-04-20T13:00:00.000,0.316,0.1081036,https://api.alintaenergy.com.au/v1/myaccount/bff
2026-04-20T14:00:00.000,1.557,0.5326497,https://api.alintaenergy.com.au/v1/myaccount/bff
2026-04-20T15:00:00.000,0.789,0.2699169,https://api.alintaenergy.com.au/v1/myaccount/bff
2026-04-20T16:00:00.000,1.228,0.4200988,https://api.alintaenergy.com.au/v1/myaccount/bff
2026-04-20T17:00:00.000,1.077,0.3684417,https://api.alintaenergy.com.au/v1/myaccount/bff
2026-04-20T18:00:00.000,1.16,0.396836,https://api.alintaenergy.com.au/v1/myaccount/bff
2026-04-20T19:00:00.000,1.152,0.3940992,https://api.alintaenergy.com.au/v1/myaccount/bff
2026-04-20T20:00:00.000,1.11,0.379731,https://api.alintaenergy.com.au/v1/myaccount/bff
2026-04-20T21:00:00.000,1.087,0.3718627,https://api.alintaenergy.com.au/v1/myaccount/bff
2026-04-20T22:00:00.000,1.19,0.407099,https://api.alintaenergy.com.au/v1/myaccount/bff
2026-04-20T23:00:00.000,0.723,0.2473383,https://api.alintaenergy.com.au/v1/myaccount/bff
2026-04-21T00:00:00.000,0.674,0.2305754,https://api.alintaenergy.com.au/v1/myaccount/bff
2026-04-21T01:00:00.000,0.882,0.3017322,https://api.alintaenergy.com.au/v1/myaccount/bff
2026-04-21T02:00:00.000,0.84,0.287364,https://api.alintaenergy.com.au/v1/myaccount/bff
2026-04-21T03:00:00.000,0.535,0.1830235,https://api.alintaenergy.com.au/v1/myaccount/bff
2026-04-21T04:00:00.000,0.529,0.1809709,https://api.alintaenergy.com.au/v1/myaccount/bff
2026-04-21T05:00:00.000,0.641,0.2192861,https://api.alintaenergy.com.au/v1/myaccount/bff
2026-04-21T06:00:00.000,0.514,0.1758394,https://api.alintaenergy.com.au/v1/myaccount/bff
2026-04-21T07:00:00.000,0.233,0.0797093,https://api.alintaenergy.com.au/v1/myaccount/bff
2026-04-21T08:00:00.000,0.029,0.0099209,https://api.alintaenergy.com.au/v1/myaccount/bff
2026-04-21T09:00:00.000,0,0,https://api.alintaenergy.com.au/v1/myaccount/bff
2026-04-21T10:00:00.000,0.223,0.0762883,https://api.alintaenergy.com.au/v1/myaccount/bff
2026-04-21T11:00:00.000,0.001,0.0003421,https://api.alintaenergy.com.au/v1/myaccount/bff
2026-04-21T12:00:00.000,0.064,0.0218944,https://api.alintaenergy.com.au/v1/myaccount/bff
2026-04-21T13:00:00.000,0.097,0.0331837,https://api.alintaenergy.com.au/v1/myaccount/bff
2026-04-21T14:00:00.000,0.151,0.0516571,https://api.alintaenergy.com.au/v1/myaccount/bff
2026-04-21T15:00:00.000,0.713,0.2439173,https://api.alintaenergy.com.au/v1/myaccount/bff
2026-04-21T16:00:00.000,1.618,0.5535178,https://api.alintaenergy.com.au/v1/myaccount/bff
2026-04-21T17:00:00.000,1.172,0.4009412,https://api.alintaenergy.com.au/v1/myaccount/bff
2026-04-21T18:00:00.000,1.71,0.584991,https://api.alintaenergy.com.au/v1/myaccount/bff
2026-04-21T19:00:00.000,0.985,0.3369685,https://api.alintaenergy.com.au/v1/myaccount/bff
2026-04-21T20:00:00.000,0.636,0.2175756,https://api.alintaenergy.com.au/v1/myaccount/bff
2026-04-21T21:00:00.000,0.52,0.177892,https://api.alintaenergy.com.au/v1/myaccount/bff
2026-04-21T22:00:00.000,0.582,0.1991022,https://api.alintaenergy.com.au/v1/myaccount/bff
2026-04-21T23:00:00.000,0.573,0.1960233,https://api.alintaenergy.com.au/v1/myaccount/bff
2026-04-22T00:00:00.000,0.566,0.1936286,https://api.alintaenergy.com.au/v1/myaccount/bff
2026-04-22T01:00:00.000,0.611,0.2090231,https://api.alintaenergy.com.au/v1/myaccount/bff
2026-04-22T02:00:00.000,0.917,0.3137057,https://api.alintaenergy.com.au/v1/myaccount/bff
2026-04-22T03:00:00.000,0.559,0.1912339,https://api.alintaenergy.com.au/v1/myaccount/bff
2026-04-22T04:00:00.000,0.555,0.1898655,https://api.alintaenergy.com.au/v1/myaccount/bff
2026-04-22T05:00:00.000,0.566,0.1936286,https://api.alintaenergy.com.au/v1/myaccount/bff
2026-04-22T06:00:00.000,0.526,0.1799446,https://api.alintaenergy.com.au/v1/myaccount/bff
2026-04-22T07:00:00.000,0.197,0.0673937,https://api.alintaenergy.com.au/v1/myaccount/bff
2026-04-22T08:00:00.000,0.131,0.0448151,https://api.alintaenergy.com.au/v1/myaccount/bff
2026-04-22T09:00:00.000,0.001,0.0003421,https://api.alintaenergy.com.au/v1/myaccount/bff
2026-04-22T10:00:00.000,0.104,0.0355784,https://api.alintaenergy.com.au/v1/myaccount/bff
2026-04-22T11:00:00.000,0.14,0.047894,https://api.alintaenergy.com.au/v1/myaccount/bff
2026-04-22T12:00:00.000,0.218,0.0745778,https://api.alintaenergy.com.au/v1/myaccount/bff
2026-04-22T13:00:00.000,0.734,0.2511014,https://api.alintaenergy.com.au/v1/myaccount/bff
2026-04-22T14:00:00.000,0.326,0.1115246,https://api.alintaenergy.com.au/v1/myaccount/bff
2026-04-22T15:00:00.000,0.394,0.1347874,https://api.alintaenergy.com.au/v1/myaccount/bff
2026-04-22T16:00:00.000,0.715,0.2446015,https://api.alintaenergy.com.au/v1/myaccount/bff
2026-04-22T17:00:00.000,0.831,0.2842851,https://api.alintaenergy.com.au/v1/myaccount/bff
2026-04-22T18:00:00.000,0.885,0.3027585,https://api.alintaenergy.com.au/v1/myaccount/bff
2026-04-22T19:00:00.000,0.938,0.3208898,https://api.alintaenergy.com.au/v1/myaccount/bff
2026-04-22T20:00:00.000,1.192,0.4077832,https://api.alintaenergy.com.au/v1/myaccount/bff
2026-04-22T21:00:00.000,0.649,0.2220229,https://api.alintaenergy.com.au/v1/myaccount/bff
2026-04-22T22:00:00.000,0.91,0.311311,https://api.alintaenergy.com.au/v1/myaccount/bff
2026-04-22T23:00:00.000,0.786,0.2688906,https://api.alintaenergy.com.au/v1/myaccount/bff
2026-04-23T00:00:00.000,0.598,0.2045758,https://api.alintaenergy.com.au/v1/myaccount/bff
2026-04-23T01:00:00.000,0.833,0.2849693,https://api.alintaenergy.com.au/v1/myaccount/bff
2026-04-23T02:00:00.000,0.917,0.3137057,https://api.alintaenergy.com.au/v1/myaccount/bff
2026-04-23T03:00:00.000,0.64,0.218944,https://api.alintaenergy.com.au/v1/myaccount/bff
2026-04-23T04:00:00.000,0.557,0.1905497,https://api.alintaenergy.com.au/v1/myaccount/bff
2026-04-23T05:00:00.000,0.628,0.2148388,https://api.alintaenergy.com.au/v1/myaccount/bff
2026-04-23T06:00:00.000,0.781,0.2671801,https://api.alintaenergy.com.au/v1/myaccount/bff
2026-04-23T07:00:00.000,0.422,0.1443662,https://api.alintaenergy.com.au/v1/myaccount/bff
2026-04-23T08:00:00.000,0.105,0.0359205,https://api.alintaenergy.com.au/v1/myaccount/bff
2026-04-23T09:00:00.000,0.036,0.0123156,https://api.alintaenergy.com.au/v1/myaccount/bff
2026-04-23T10:00:00.000,0.102,0.0348942,https://api.alintaenergy.com.au/v1/myaccount/bff
2026-04-23T11:00:00.000,0.106,0.0362626,https://api.alintaenergy.com.au/v1/myaccount/bff
2026-04-23T12:00:00.000,0.121,0.0413941,https://api.alintaenergy.com.au/v1/myaccount/bff
2026-04-23T13:00:00.000,0.185,0.0632885,https://api.alintaenergy.com.au/v1/myaccount/bff
2026-04-23T14:00:00.000,0.144,0.0492624,https://api.alintaenergy.com.au/v1/myaccount/bff
2026-04-23T15:00:00.000,0.395,0.1351295,https://api.alintaenergy.com.au/v1/myaccount/bff
2026-04-23T16:00:00.000,0.963,0.3294423,https://api.alintaenergy.com.au/v1/myaccount/bff
2026-04-23T17:00:00.000,1.109,0.3793889,https://api.alintaenergy.com.au/v1/myaccount/bff
2026-04-23T18:00:00.000,0.994,0.3400474,https://api.alintaenergy.com.au/v1/myaccount/bff
2026-04-23T19:00:00.000,1.052,0.3598892,https://api.alintaenergy.com.au/v1/myaccount/bff
2026-04-23T20:00:00.000,0.711,0.2432331,https://api.alintaenergy.com.au/v1/myaccount/bff
2026-04-23T21:00:00.000,0.624,0.2134704,https://api.alintaenergy.com.au/v1/myaccount/bff
2026-04-23T22:00:00.000,0.586,0.2004706,https://api.alintaenergy.com.au/v1/myaccount/bff
2026-04-23T23:00:00.000,0.596,0.2038916,https://api.alintaenergy.com.au/v1/myaccount/bff
2026-04-24T00:00:00.000,0.562,0.1922602,https://api.alintaenergy.com.au/v1/myaccount/bff
2026-04-24T01:00:00.000,0.612,0.2093652,https://api.alintaenergy.com.au/v1/myaccount/bff
2026-04-24T02:00:00.000,0.879,0.3007059,https://api.alintaenergy.com.au/v1/myaccount/bff
2026-04-24T03:00:00.000,0.543,0.1857603,https://api.alintaenergy.com.au/v1/myaccount/bff
2026-04-24T04:00:00.000,0.496,0.1696816,https://api.alintaenergy.com.au/v1/myaccount/bff
2026-04-24T05:00:00.000,0.603,0.2062863,https://api.alintaenergy.com.au/v1/myaccount/bff
2026-04-24T06:00:00.000,0.807,0.2760747,https://api.alintaenergy.com.au/v1/myaccount/bff
2026-04-24T07:00:00.000,1.449,0.4957029,https://api.alintaenergy.com.au/v1/myaccount/bff
2026-04-24T08:00:00.000,1.222,0.4180462,https://api.alintaenergy.com.au/v1/myaccount/bff
2026-04-24T09:00:00.000,1.111,0.3800731,https://api.alintaenergy.com.au/v1/myaccount/bff
2026-04-24T10:00:00.000,0.734,0.2511014,https://api.alintaenergy.com.au/v1/myaccount/bff
2026-04-24T11:00:00.000,0.066,0.0225786,https://api.alintaenergy.com.au/v1/myaccount/bff
2026-04-24T12:00:00.000,0.145,0.0496045,https://api.alintaenergy.com.au/v1/myaccount/bff
2026-04-24T13:00:00.000,0.574,0.1963654,https://api.alintaenergy.com.au/v1/myaccount/bff
2026-04-24T14:00:00.000,0.427,0.1460767,https://api.alintaenergy.com.au/v1/myaccount/bff
2026-04-24T15:00:00.000,0.612,0.2093652,https://api.alintaenergy.com.au/v1/myaccount/bff
2026-04-24T16:00:00.000,1.082,0.3701522,https://api.alintaenergy.com.au/v1/myaccount/bff
2026-04-24T17:00:00.000,1.095,0.3745995,https://api.alintaenergy.com.au/v1/myaccount/bff
2026-04-24T18:00:00.000,0.843,0.2883903,https://api.alintaenergy.com.au/v1/myaccount/bff
2026-04-24T19:00:00.000,0.792,0.2709432,https://api.alintaenergy.com.au/v1/myaccount/bff
2026-04-24T20:00:00.000,0.73,0.249733,https://api.alintaenergy.com.au/v1/myaccount/bff
2026-04-24T21:00:00.000,0.719,0.2459699,https://api.alintaenergy.com.au/v1/myaccount/bff
2026-04-24T22:00:00.000,0.911,0.3116531,https://api.alintaenergy.com.au/v1/myaccount/bff
2026-04-24T23:00:00.000,0.783,0.2678643,https://api.alintaenergy.com.au/v1/myaccount/bff
2026-04-25T00:00:00.000,0.607,0.2076547,https://api.alintaenergy.com.au/v1/myaccount/bff
2026-04-25T01:00:00.000,0.627,0.2144967,https://api.alintaenergy.com.au/v1/myaccount/bff
2026-04-25T02:00:00.000,0.887,0.3034427,https://api.alintaenergy.com.au/v1/myaccount/bff
2026-04-25T03:00:00.000,0.575,0.1967075,https://api.alintaenergy.com.au/v1/myaccount/bff
2026-04-25T04:00:00.000,0.514,0.1758394,https://api.alintaenergy.com.au/v1/myaccount/bff
2026-04-25T05:00:00.000,0.522,0.1785762,https://api.alintaenergy.com.au/v1/myaccount/bff
2026-04-25T06:00:00.000,0.499,0.1707079,https://api.alintaenergy.com.au/v1/myaccount/bff
2026-04-25T07:00:00.000,0.68,0.232628,https://api.alintaenergy.com.au/v1/myaccount/bff
2026-04-25T08:00:00.000,0.523,0.1789183,https://api.alintaenergy.com.au/v1/myaccount/bff
2026-04-25T09:00:00.000,0.211,0.0721831,https://api.alintaenergy.com.au/v1/myaccount/bff
2026-04-25T10:00:00.000,0.916,0.3133636,https://api.alintaenergy.com.au/v1/myaccount/bff
2026-04-25T11:00:00.000,0.552,0.1888392,https://api.alintaenergy.com.au/v1/myaccount/bff
2026-04-25T12:00:00.000,0.281,0.0961301,https://api.alintaenergy.com.au/v1/myaccount/bff
2026-04-25T13:00:00.000,0.346,0.1183666,https://api.alintaenergy.com.au/v1/myaccount/bff
2026-04-25T14:00:00.000,0.182,0.0622622,https://api.alintaenergy.com.au/v1/myaccount/bff
2026-04-25T15:00:00.000,0.06,0.020526,https://api.alintaenergy.com.au/v1/myaccount/bff
2026-04-25T16:00:00.000,0.753,0.2576013,https://api.alintaenergy.com.au/v1/myaccount/bff
2026-04-25T17:00:00.000,1.233,0.4218093,https://api.alintaenergy.com.au/v1/myaccount/bff
2026-04-25T18:00:00.000,1.061,0.3629681,https://api.alintaenergy.com.au/v1/myaccount/bff
2026-04-25T19:00:00.000,0.933,0.3191793,https://api.alintaenergy.com.au/v1/myaccount/bff
2026-04-25T20:00:00.000,0.696,0.2381016,https://api.alintaenergy.com.au/v1/myaccount/bff
2026-04-25T21:00:00.000,0.653,0.2233913,https://api.alintaenergy.com.au/v1/myaccount/bff
2026-04-25T22:00:00.000,0.613,0.2097073,https://api.alintaenergy.com.au/v1/myaccount/bff
2026-04-25T23:00:00.000,0.563,0.1926023,https://api.alintaenergy.com.au/v1/myaccount/bff
2026-04-26T00:00:00.000,0.608,0.2079968,https://api.alintaenergy.com.au/v1/myaccount/bff
2026-04-26T01:00:00.000,0.919,0.3143899,https://api.alintaenergy.com.au/v1/myaccount/bff
2026-04-26T02:00:00.000,0.606,0.2073126,https://api.alintaenergy.com.au/v1/myaccount/bff
2026-04-26T03:00:00.000,0.583,0.1994443,https://api.alintaenergy.com.au/v1/myaccount/bff
2026-04-26T04:00:00.000,0.569,0.1946549,https://api.alintaenergy.com.au/v1/myaccount/bff
2026-04-26T05:00:00.000,0.578,0.1977338,https://api.alintaenergy.com.au/v1/myaccount/bff
2026-04-26T06:00:00.000,0.521,0.1782341,https://api.alintaenergy.com.au/v1/myaccount/bff
2026-04-26T07:00:00.000,1.453,0.37559225,https://api.alintaenergy.com.au/v1/myaccount/bff
2026-04-26T08:00:00.000,0.929,0.27221612,https://api.alintaenergy.com.au/v1/myaccount/bff
2026-04-26T09:00:00.000,0.364,0.1245244,https://api.alintaenergy.com.au/v1/myaccount/bff
2026-04-26T10:00:00.000,0.376,0.1286296,https://api.alintaenergy.com.au/v1/myaccount/bff
2026-04-26T11:00:00.000,0.748,0.2558908,https://api.alintaenergy.com.au/v1/myaccount/bff
2026-04-26T12:00:00.000,1.026,0.3509946,https://api.alintaenergy.com.au/v1/myaccount/bff
2026-04-26T13:00:00.000,1.61,0.550781,https://api.alintaenergy.com.au/v1/myaccount/bff
2026-04-26T14:00:00.000,1.122,0.3838362,https://api.alintaenergy.com.au/v1/myaccount/bff
2026-04-26T15:00:00.000,1.35,0.461835,https://api.alintaenergy.com.au/v1/myaccount/bff
2026-04-26T16:00:00.000,1.366,0.4673086,https://api.alintaenergy.com.au/v1/myaccount/bff
2026-04-26T17:00:00.000,0.979,0.3349159,https://api.alintaenergy.com.au/v1/myaccount/bff
2026-04-26T18:00:00.000,0.88,0.301048,https://api.alintaenergy.com.au/v1/myaccount/bff
2026-04-26T19:00:00.000,0.934,0.3195214,https://api.alintaenergy.com.au/v1/myaccount/bff
2026-04-26T20:00:00.000,0.893,0.3054953,https://api.alintaenergy.com.au/v1/myaccount/bff
2026-04-26T21:00:00.000,0.843,0.2883903,https://api.alintaenergy.com.au/v1/myaccount/bff
2026-04-26T22:00:00.000,0.556,0.1902076,https://api.alintaenergy.com.au/v1/myaccount/bff
2026-04-26T23:00:00.000,0.7,0.23947,https://api.alintaenergy.com.au/v1/myaccount/bff
2026-04-27T00:00:00.000,0.5,0.17105,https://api.alintaenergy.com.au/v1/myaccount/bff
2026-04-27T01:00:00.000,0.557,0.1905497,https://api.alintaenergy.com.au/v1/myaccount/bff
2026-04-27T02:00:00.000,0.847,0.2897587,https://api.alintaenergy.com.au/v1/myaccount/bff
2026-04-27T03:00:00.000,0.487,0.1666027,https://api.alintaenergy.com.au/v1/myaccount/bff
2026-04-27T04:00:00.000,0.495,0.1693395,https://api.alintaenergy.com.au/v1/myaccount/bff
2026-04-27T05:00:00.000,0.489,0.1672869,https://api.alintaenergy.com.au/v1/myaccount/bff
2026-04-27T06:00:00.000,0.616,0.2107336,https://api.alintaenergy.com.au/v1/myaccount/bff
2026-04-27T07:00:00.000,0.471,0.1611291,https://api.alintaenergy.com.au/v1/myaccount/bff
2026-04-27T08:00:00.000,0.508,0.1737868,https://api.alintaenergy.com.au/v1/myaccount/bff
2026-04-27T09:00:00.000,0.251,0.0858671,https://api.alintaenergy.com.au/v1/myaccount/bff
2026-04-27T10:00:00.000,2.59,0.886039,https://api.alintaenergy.com.au/v1/myaccount/bff
2026-04-27T11:00:00.000,0.744,0.2545224,https://api.alintaenergy.com.au/v1/myaccount/bff
2026-04-27T12:00:00.000,0.311,0.1063931,https://api.alintaenergy.com.au/v1/myaccount/bff
2026-04-27T13:00:00.000,0.278,0.0951038,https://api.alintaenergy.com.au/v1/myaccount/bff
2026-04-27T14:00:00.000,0.52,0.177892,https://api.alintaenergy.com.au/v1/myaccount/bff
2026-04-27T15:00:00.000,0.7,0.23947,https://api.alintaenergy.com.au/v1/myaccount/bff
2026-04-27T16:00:00.000,1.109,0.3793889,https://api.alintaenergy.com.au/v1/myaccount/bff
2026-04-27T17:00:00.000,0.779,0.2664959,https://api.alintaenergy.com.au/v1/myaccount/bff
2026-04-27T18:00:00.000,1.149,0.3930729,https://api.alintaenergy.com.au/v1/myaccount/bff
2026-04-27T19:00:00.000,0.929,0.3178109,https://api.alintaenergy.com.au/v1/myaccount/bff
2026-04-27T20:00:00.000,0.631,0.2158651,https://api.alintaenergy.com.au/v1/myaccount/bff
2026-04-27T21:00:00.000,0.6,0.20526,https://api.alintaenergy.com.au/v1/myaccount/bff
2026-04-27T22:00:00.000,0.826,0.2825746,https://api.alintaenergy.com.au/v1/myaccount/bff
2026-04-27T23:00:00.000,0.494,0.1689974,https://api.alintaenergy.com.au/v1/myaccount/bff
2026-04-28T00:00:00.000,0.551,0.1884971,https://api.alintaenergy.com.au/v1/myaccount/bff
2026-04-28T01:00:00.000,0.783,0.2678643,https://api.alintaenergy.com.au/v1/myaccount/bff
2026-04-28T02:00:00.000,0.793,0.2712853,https://api.alintaenergy.com.au/v1/myaccount/bff
2026-04-28T03:00:00.000,0.496,0.1696816,https://api.alintaenergy.com.au/v1/myaccount/bff
2026-04-28T04:00:00.000,0.485,0.1659185,https://api.alintaenergy.com.au/v1/myaccount/bff
2026-04-28T05:00:00.000,0.553,0.1891813,https://api.alintaenergy.com.au/v1/myaccount/bff
2026-04-28T06:00:00.000,0.946,0.27995836,https://api.alintaenergy.com.au/v1/myaccount/bff
2026-04-28T07:00:00.000,0.658,0.2251018,https://api.alintaenergy.com.au/v1/myaccount/bff
2026-04-28T08:00:00.000,0.351,0.1200771,https://api.alintaenergy.com.au/v1/myaccount/bff
2026-04-28T09:00:00.000,0.14,0.047894,https://api.alintaenergy.com.au/v1/myaccount/bff
2026-04-28T10:00:00.000,0.016,0.0054736,https://api.alintaenergy.com.au/v1/myaccount/bff
2026-04-28T11:00:00.000,0.611,0.2090231,https://api.alintaenergy.com.au/v1/myaccount/bff
2026-04-28T12:00:00.000,0.521,0.1782341,https://api.alintaenergy.com.au/v1/myaccount/bff
2026-04-28T13:00:00.000,1.455,0.4977555,https://api.alintaenergy.com.au/v1/myaccount/bff
2026-04-28T14:00:00.000,1.543,0.5278603,https://api.alintaenergy.com.au/v1/myaccount/bff
2026-04-28T15:00:00.000,0.693,0.2370753,https://api.alintaenergy.com.au/v1/myaccount/bff
2026-04-28T16:00:00.000,3.918,1.22090232,https://api.alintaenergy.com.au/v1/myaccount/bff
2026-04-28T17:00:00.000,3.816,1.12286042,https://api.alintaenergy.com.au/v1/myaccount/bff
2026-04-28T18:00:00.000,1.998,0.5764857999999999,https://api.alintaenergy.com.au/v1/myaccount/bff
2026-04-28T19:00:00.000,0.92,0.314732,https://api.alintaenergy.com.au/v1/myaccount/bff
2026-04-28T20:00:00.000,0.613,0.2097073,https://api.alintaenergy.com.au/v1/myaccount/bff
2026-04-28T21:00:00.000,0.565,0.1932865,https://api.alintaenergy.com.au/v1/myaccount/bff
2026-04-28T22:00:00.000,0.553,0.1891813,https://api.alintaenergy.com.au/v1/myaccount/bff
2026-04-28T23:00:00.000,0.515,0.1761815,https://api.alintaenergy.com.au/v1/myaccount/bff
2026-04-29T00:00:00.000,0.562,0.1922602,https://api.alintaenergy.com.au/v1/myaccount/bff
2026-04-29T01:00:00.000,0.641,0.2192861,https://api.alintaenergy.com.au/v1/myaccount/bff
2026-04-29T02:00:00.000,0.895,0.3061795,https://api.alintaenergy.com.au/v1/myaccount/bff
2026-04-29T03:00:00.000,0.586,0.2004706,https://api.alintaenergy.com.au/v1/myaccount/bff
2026-04-29T04:00:00.000,0.589,0.2014969,https://api.alintaenergy.com.au/v1/myaccount/bff
2026-04-29T05:00:00.000,0.564,0.1929444,https://api.alintaenergy.com.au/v1/myaccount/bff
2026-04-29T06:00:00.000,0.515,0.1761815,https://api.alintaenergy.com.au/v1/myaccount/bff
2026-04-29T07:00:00.000,0.21,0.071841,https://api.alintaenergy.com.au/v1/myaccount/bff
2026-04-29T08:00:00.000,0.102,0.0348942,https://api.alintaenergy.com.au/v1/myaccount/bff
2026-04-29T09:00:00.000,0.027,0.0092367,https://api.alintaenergy.com.au/v1/myaccount/bff
2026-04-29T10:00:00.000,0.126,0.0431046,https://api.alintaenergy.com.au/v1/myaccount/bff
2026-04-29T11:00:00.000,0.174,0.0595254,https://api.alintaenergy.com.au/v1/myaccount/bff
2026-04-29T12:00:00.000,0.225,0.0769725,https://api.alintaenergy.com.au/v1/myaccount/bff
2026-04-29T13:00:00.000,0.078,0.0266838,https://api.alintaenergy.com.au/v1/myaccount/bff
2026-04-29T14:00:00.000,0.276,0.0944196,https://api.alintaenergy.com.au/v1/myaccount/bff
2026-04-29T15:00:00.000,0.382,0.1306822,https://api.alintaenergy.com.au/v1/myaccount/bff
2026-04-29T16:00:00.000,0.701,0.2398121,https://api.alintaenergy.com.au/v1/myaccount/bff
2026-04-29T17:00:00.000,1.08,0.369468,https://api.alintaenergy.com.au/v1/myaccount/bff
2026-04-29T18:00:00.000,0.944,0.3229424,https://api.alintaenergy.com.au/v1/myaccount/bff
2026-04-29T19:00:00.000,0.801,0.2740221,https://api.alintaenergy.com.au/v1/myaccount/bff
2026-04-29T20:00:00.000,0.867,0.2966007,https://api.alintaenergy.com.au/v1/myaccount/bff
2026-04-29T21:00:00.000,0.889,0.3041269,https://api.alintaenergy.com.au/v1/myaccount/bff
2026-04-29T22:00:00.000,0.885,0.3027585,https://api.alintaenergy.com.au/v1/myaccount/bff
2026-04-29T23:00:00.000,0.757,0.2589697,https://api.alintaenergy.com.au/v1/myaccount/bff
2026-04-30T00:00:00.000,0.614,0.2100494,https://api.alintaenergy.com.au/v1/myaccount/bff
2026-04-30T01:00:00.000,0.856,0.2928376,https://api.alintaenergy.com.au/v1/myaccount/bff
2026-04-30T02:00:00.000,0.844,0.2887324,https://api.alintaenergy.com.au/v1/myaccount/bff
2026-04-30T03:00:00.000,0.566,0.1936286,https://api.alintaenergy.com.au/v1/myaccount/bff
2026-04-30T04:00:00.000,0.544,0.1861024,https://api.alintaenergy.com.au/v1/myaccount/bff
2026-04-30T05:00:00.000,0.543,0.1857603,https://api.alintaenergy.com.au/v1/myaccount/bff
2026-04-30T06:00:00.000,0.567,0.1939707,https://api.alintaenergy.com.au/v1/myaccount/bff
2026-04-30T07:00:00.000,0.471,0.1611291,https://api.alintaenergy.com.au/v1/myaccount/bff
2026-04-30T08:00:00.000,0.261,0.0892881,https://api.alintaenergy.com.au/v1/myaccount/bff
2026-04-30T09:00:00.000,0.141,0.0482361,https://api.alintaenergy.com.au/v1/myaccount/bff
2026-04-30T10:00:00.000,0.159,0.0543939,https://api.alintaenergy.com.au/v1/myaccount/bff
2026-04-30T11:00:00.000,0.233,0.0797093,https://api.alintaenergy.com.au/v1/myaccount/bff
2026-04-30T12:00:00.000,0.413,0.1412873,https://api.alintaenergy.com.au/v1/myaccount/bff
2026-04-30T13:00:00.000,0.443,0.1515503,https://api.alintaenergy.com.au/v1/myaccount/bff
2026-04-30T14:00:00.000,0.4,0.13684,https://api.alintaenergy.com.au/v1/myaccount/bff
2026-04-30T15:00:00.000,0.596,0.2038916,https://api.alintaenergy.com.au/v1/myaccount/bff
2026-04-30T16:00:00.000,0.754,0.2579434,https://api.alintaenergy.com.au/v1/myaccount/bff
2026-04-30T17:00:00.000,1.7489999999999999,0.48969745,https://api.alintaenergy.com.au/v1/myaccount/bff
2026-04-30T18:00:00.000,2.364,0.67397363,https://api.alintaenergy.com.au/v1/myaccount/bff
2026-04-30T19:00:00.000,0.792,0.2709432,https://api.alintaenergy.com.au/v1/myaccount/bff
2026-04-30T20:00:00.000,0.684,0.2339964,https://api.alintaenergy.com.au/v1/myaccount/bff
2026-04-30T21:00:00.000,0.68,0.232628,https://api.alintaenergy.com.au/v1/myaccount/bff
2026-04-30T22:00:00.000,0.569,0.1946549,https://api.alintaenergy.com.au/v1/myaccount/bff
2026-04-30T23:00:00.000,0.584,0.1997864,https://api.alintaenergy.com.au/v1/myaccount/bff
2026-03-01T00:00:00.000,0.693,0.2370753,https://api.alintaenergy.com.au/v1/myaccount/bff
2026-03-01T01:00:00.000,0.703,0.2404963,https://api.alintaenergy.com.au/v1/myaccount/bff
2026-03-01T02:00:00.000,0.715,0.2446015,https://api.alintaenergy.com.au/v1/myaccount/bff
2026-03-01T03:00:00.000,0.664,0.2271544,https://api.alintaenergy.com.au/v1/myaccount/bff
2026-03-01T04:00:00.000,0.644,0.2203124,https://api.alintaenergy.com.au/v1/myaccount/bff
2026-03-01T05:00:00.000,0.66,0.225786,https://api.alintaenergy.com.au/v1/myaccount/bff
2026-03-01T06:00:00.000,0.673,0.2302333,https://api.alintaenergy.com.au/v1/myaccount/bff
2026-03-01T07:00:00.000,0.427,0.1460767,https://api.alintaenergy.com.au/v1/myaccount/bff
2026-03-01T08:00:00.000,0.453,0.1549713,https://api.alintaenergy.com.au/v1/myaccount/bff
2026-03-01T09:00:00.000,0.643,0.2199703,https://api.alintaenergy.com.au/v1/myaccount/bff
2026-03-01T10:00:00.000,0.703,0.2404963,https://api.alintaenergy.com.au/v1/myaccount/bff
2026-03-01T11:00:00.000,0.632,0.2162072,https://api.alintaenergy.com.au/v1/myaccount/bff
2026-03-01T12:00:00.000,0.181,0.0619201,https://api.alintaenergy.com.au/v1/myaccount/bff
2026-03-01T13:00:00.000,1.178,0.4029938,https://api.alintaenergy.com.au/v1/myaccount/bff
2026-03-01T14:00:00.000,0.896,0.3065216,https://api.alintaenergy.com.au/v1/myaccount/bff
2026-03-01T15:00:00.000,1.374,0.4700454,https://api.alintaenergy.com.au/v1/myaccount/bff
2026-03-01T16:00:00.000,1.108,0.3790468,https://api.alintaenergy.com.au/v1/myaccount/bff
2026-03-01T17:00:00.000,1.41,0.482361,https://api.alintaenergy.com.au/v1/myaccount/bff
2026-03-01T18:00:00.000,1.428,0.4885188,https://api.alintaenergy.com.au/v1/myaccount/bff
2026-03-01T19:00:00.000,1.786,0.6109906,https://api.alintaenergy.com.au/v1/myaccount/bff
2026-03-01T20:00:00.000,1.048,0.3585208,https://api.alintaenergy.com.au/v1/myaccount/bff
2026-03-01T21:00:00.000,0.865,0.2959165,https://api.alintaenergy.com.au/v1/myaccount/bff
2026-03-01T22:00:00.000,0.836,0.2859956,https://api.alintaenergy.com.au/v1/myaccount/bff
2026-03-01T23:00:00.000,1.047,0.3581787,https://api.alintaenergy.com.au/v1/myaccount/bff
2026-03-02T00:00:00.000,0.72,0.246312,https://api.alintaenergy.com.au/v1/myaccount/bff
2026-03-02T01:00:00.000,0.708,0.2422068,https://api.alintaenergy.com.au/v1/myaccount/bff
2026-03-02T02:00:00.000,0.7,0.23947,https://api.alintaenergy.com.au/v1/myaccount/bff
2026-03-02T03:00:00.000,0.681,0.2329701,https://api.alintaenergy.com.au/v1/myaccount/bff
2026-03-02T04:00:00.000,0.639,0.2186019,https://api.alintaenergy.com.au/v1/myaccount/bff
2026-03-02T05:00:00.000,0.64,0.218944,https://api.alintaenergy.com.au/v1/myaccount/bff
2026-03-02T06:00:00.000,0.66,0.225786,https://api.alintaenergy.com.au/v1/myaccount/bff
2026-03-02T07:00:00.000,0.554,0.1895234,https://api.alintaenergy.com.au/v1/myaccount/bff
2026-03-02T08:00:00.000,0.347,0.1187087,https://api.alintaenergy.com.au/v1/myaccount/bff
2026-03-02T09:00:00.000,0.272,0.0930512,https://api.alintaenergy.com.au/v1/myaccount/bff
2026-03-02T10:00:00.000,0.355,0.1214455,https://api.alintaenergy.com.au/v1/myaccount/bff
2026-03-02T11:00:00.000,0.2,0.06842,https://api.alintaenergy.com.au/v1/myaccount/bff
2026-03-02T12:00:00.000,0.339,0.1159719,https://api.alintaenergy.com.au/v1/myaccount/bff
2026-03-02T13:00:00.000,0.263,0.0899723,https://api.alintaenergy.com.au/v1/myaccount/bff
2026-03-02T14:00:00.000,0.392,0.1341032,https://api.alintaenergy.com.au/v1/myaccount/bff
2026-03-02T15:00:00.000,0.955,0.3267055,https://api.alintaenergy.com.au/v1/myaccount/bff
2026-03-02T16:00:00.000,1.498,0.5124658,https://api.alintaenergy.com.au/v1/myaccount/bff
2026-03-02T17:00:00.000,1.705,0.5832805,https://api.alintaenergy.com.au/v1/myaccount/bff
2026-03-02T18:00:00.000,1.536,0.5254656,https://api.alintaenergy.com.au/v1/myaccount/bff
2026-03-02T19:00:00.000,1.277,0.4368617,https://api.alintaenergy.com.au/v1/myaccount/bff
2026-03-02T20:00:00.000,1.393,0.4765453,https://api.alintaenergy.com.au/v1/myaccount/bff
2026-03-02T21:00:00.000,1.562,0.5343602,https://api.alintaenergy.com.au/v1/myaccount/bff
2026-03-02T22:00:00.000,0.988,0.3379948,https://api.alintaenergy.com.au/v1/myaccount/bff
2026-03-02T23:00:00.000,0.856,0.2928376,https://api.alintaenergy.com.au/v1/myaccount/bff
2026-03-03T00:00:00.000,0.945,0.3232845,https://api.alintaenergy.com.au/v1/myaccount/bff
2026-03-03T01:00:00.000,0.867,0.2966007,https://api.alintaenergy.com.au/v1/myaccount/bff
2026-03-03T02:00:00.000,1.062,0.3633102,https://api.alintaenergy.com.au/v1/myaccount/bff
2026-03-03T03:00:00.000,0.72,0.246312,https://api.alintaenergy.com.au/v1/myaccount/bff
2026-03-03T04:00:00.000,0.666,0.2278386,https://api.alintaenergy.com.au/v1/myaccount/bff
2026-03-03T05:00:00.000,0.631,0.2158651,https://api.alintaenergy.com.au/v1/myaccount/bff
2026-03-03T06:00:00.000,0.726,0.2483646,https://api.alintaenergy.com.au/v1/myaccount/bff
2026-03-03T07:00:00.000,0.499,0.1707079,https://api.alintaenergy.com.au/v1/myaccount/bff
2026-03-03T08:00:00.000,0.152,0.0519992,https://api.alintaenergy.com.au/v1/myaccount/bff
2026-03-03T09:00:00.000,0.146,0.0499466,https://api.alintaenergy.com.au/v1/myaccount/bff
2026-03-03T10:00:00.000,0.301,0.1029721,https://api.alintaenergy.com.au/v1/myaccount/bff
2026-03-03T11:00:00.000,0.155,0.0530255,https://api.alintaenergy.com.au/v1/myaccount/bff
2026-03-03T12:00:00.000,0.723,0.2473383,https://api.alintaenergy.com.au/v1/myaccount/bff
2026-03-03T13:00:00.000,0.679,0.2322859,https://api.alintaenergy.com.au/v1/myaccount/bff
2026-03-03T14:00:00.000,0.768,0.2627328,https://api.alintaenergy.com.au/v1/myaccount/bff
2026-03-03T15:00:00.000,0.602,0.2059442,https://api.alintaenergy.com.au/v1/myaccount/bff
2026-03-03T16:00:00.000,0.975,0.3335475,https://api.alintaenergy.com.au/v1/myaccount/bff
2026-03-03T17:00:00.000,1.286,0.4399406,https://api.alintaenergy.com.au/v1/myaccount/bff
2026-03-03T18:00:00.000,1.184,0.4050464,https://api.alintaenergy.com.au/v1/myaccount/bff
2026-03-03T19:00:00.000,2.355,0.8056455,https://api.alintaenergy.com.au/v1/myaccount/bff
2026-03-03T20:00:00.000,1.811,0.6195431,https://api.alintaenergy.com.au/v1/myaccount/bff
2026-03-03T21:00:00.000,1.913,0.6544373,https://api.alintaenergy.com.au/v1/myaccount/bff
2026-03-03T22:00:00.000,1.542,0.5275182,https://api.alintaenergy.com.au/v1/myaccount/bff
2026-03-03T23:00:00.000,1.081,0.3698101,https://api.alintaenergy.com.au/v1/myaccount/bff
2026-03-04T00:00:00.000,0.917,0.3137057,https://api.alintaenergy.com.au/v1/myaccount/bff
2026-03-04T01:00:00.000,0.868,0.2969428,https://api.alintaenergy.com.au/v1/myaccount/bff
2026-03-04T02:00:00.000,0.806,0.2757326,https://api.alintaenergy.com.au/v1/myaccount/bff
2026-03-04T03:00:00.000,0.801,0.2740221,https://api.alintaenergy.com.au/v1/myaccount/bff
2026-03-04T04:00:00.000,0.731,0.2500751,https://api.alintaenergy.com.au/v1/myaccount/bff
2026-03-04T05:00:00.000,0.754,0.2579434,https://api.alintaenergy.com.au/v1/myaccount/bff
2026-03-04T06:00:00.000,0.658,0.2251018,https://api.alintaenergy.com.au/v1/myaccount/bff
2026-03-04T07:00:00.000,0.524,0.1792604,https://api.alintaenergy.com.au/v1/myaccount/bff
2026-03-04T08:00:00.000,0.249,0.0851829,https://api.alintaenergy.com.au/v1/myaccount/bff
2026-03-04T09:00:00.000,0.231,0.0790251,https://api.alintaenergy.com.au/v1/myaccount/bff
2026-03-04T10:00:00.000,0.429,0.1467609,https://api.alintaenergy.com.au/v1/myaccount/bff
2026-03-04T11:00:00.000,0.855,0.2924955,https://api.alintaenergy.com.au/v1/myaccount/bff
2026-03-04T12:00:00.000,0.498,0.1703658,https://api.alintaenergy.com.au/v1/myaccount/bff
2026-03-04T13:00:00.000,0.684,0.2339964,https://api.alintaenergy.com.au/v1/myaccount/bff
2026-03-04T14:00:00.000,0.128,0.0437888,https://api.alintaenergy.com.au/v1/myaccount/bff
2026-03-04T15:00:00.000,0.431,0.1474451,https://api.alintaenergy.com.au/v1/myaccount/bff
2026-03-04T16:00:00.000,1.245,0.4259145,https://api.alintaenergy.com.au/v1/myaccount/bff
2026-03-04T17:00:00.000,1.366,0.4673086,https://api.alintaenergy.com.au/v1/myaccount/bff
2026-03-04T18:00:00.000,1.241,0.4245461,https://api.alintaenergy.com.au/v1/myaccount/bff
2026-03-04T19:00:00.000,1.679,0.5743859,https://api.alintaenergy.com.au/v1/myaccount/bff
2026-03-04T20:00:00.000,1.089,0.3725469,https://api.alintaenergy.com.au/v1/myaccount/bff
2026-03-04T21:00:00.000,0.846,0.2894166,https://api.alintaenergy.com.au/v1/myaccount/bff
2026-03-04T22:00:00.000,0.769,0.2630749,https://api.alintaenergy.com.au/v1/myaccount/bff
2026-03-04T23:00:00.000,0.92,0.314732,https://api.alintaenergy.com.au/v1/myaccount/bff
2026-03-05T00:00:00.000,0.593,0.2028653,https://api.alintaenergy.com.au/v1/myaccount/bff
2026-03-05T01:00:00.000,0.646,0.2209966,https://api.alintaenergy.com.au/v1/myaccount/bff
2026-03-05T02:00:00.000,0.908,0.3106268,https://api.alintaenergy.com.au/v1/myaccount/bff
2026-03-05T03:00:00.000,0.724,0.2476804,https://api.alintaenergy.com.au/v1/myaccount/bff
2026-03-05T04:00:00.000,0.636,0.2175756,https://api.alintaenergy.com.au/v1/myaccount/bff
2026-03-05T05:00:00.000,1.132,0.3872572,https://api.alintaenergy.com.au/v1/myaccount/bff
2026-03-05T06:00:00.000,1.076,0.3680996,https://api.alintaenergy.com.au/v1/myaccount/bff
2026-03-05T07:00:00.000,1.372,0.4693612,https://api.alintaenergy.com.au/v1/myaccount/bff
2026-03-05T08:00:00.000,0.742,0.2538382,https://api.alintaenergy.com.au/v1/myaccount/bff
2026-03-05T09:00:00.000,2.022,0.6917262,https://api.alintaenergy.com.au/v1/myaccount/bff
2026-03-05T10:00:00.000,0.706,0.2415226,https://api.alintaenergy.com.au/v1/myaccount/bff
2026-03-05T11:00:00.000,0.799,0.2733379,https://api.alintaenergy.com.au/v1/myaccount/bff
2026-03-05T12:00:00.000,1.496,0.5117816,https://api.alintaenergy.com.au/v1/myaccount/bff
2026-03-05T13:00:00.000,0.798,0.2729958,https://api.alintaenergy.com.au/v1/myaccount/bff
2026-03-05T14:00:00.000,0.598,0.2045758,https://api.alintaenergy.com.au/v1/myaccount/bff
2026-03-05T15:00:00.000,1.131,0.3869151,https://api.alintaenergy.com.au/v1/myaccount/bff
2026-03-05T16:00:00.000,1.199,0.4101779,https://api.alintaenergy.com.au/v1/myaccount/bff
2026-03-05T17:00:00.000,1.156,0.3954676,https://api.alintaenergy.com.au/v1/myaccount/bff
2026-03-05T18:00:00.000,1.313,0.4491773,https://api.alintaenergy.com.au/v1/myaccount/bff
2026-03-05T19:00:00.000,2.009,0.6872789,https://api.alintaenergy.com.au/v1/myaccount/bff
2026-03-05T20:00:00.000,1.454,0.4974134,https://api.alintaenergy.com.au/v1/myaccount/bff
2026-03-05T21:00:00.000,1.162,0.3975202,https://api.alintaenergy.com.au/v1/myaccount/bff
2026-03-05T22:00:00.000,0.893,0.3054953,https://api.alintaenergy.com.au/v1/myaccount/bff
2026-03-05T23:00:00.000,1.002,0.3427842,https://api.alintaenergy.com.au/v1/myaccount/bff
2026-03-06T00:00:00.000,0.92,0.314732,https://api.alintaenergy.com.au/v1/myaccount/bff
2026-03-06T01:00:00.000,0.913,0.3123373,https://api.alintaenergy.com.au/v1/myaccount/bff
2026-03-06T02:00:00.000,0.84,0.287364,https://api.alintaenergy.com.au/v1/myaccount/bff
2026-03-06T03:00:00.000,0.874,0.2989954,https://api.alintaenergy.com.au/v1/myaccount/bff
2026-03-06T04:00:00.000,0.767,0.2623907,https://api.alintaenergy.com.au/v1/myaccount/bff
2026-03-06T05:00:00.000,0.688,0.2353648,https://api.alintaenergy.com.au/v1/myaccount/bff
2026-03-06T06:00:00.000,0.683,0.2336543,https://api.alintaenergy.com.au/v1/myaccount/bff
2026-03-06T07:00:00.000,0.393,0.1344453,https://api.alintaenergy.com.au/v1/myaccount/bff
2026-03-06T08:00:00.000,0.519,0.1775499,https://api.alintaenergy.com.au/v1/myaccount/bff
2026-03-06T09:00:00.000,0.445,0.1522345,https://api.alintaenergy.com.au/v1/myaccount/bff
2026-03-06T10:00:00.000,0.302,0.1033142,https://api.alintaenergy.com.au/v1/myaccount/bff
2026-03-06T11:00:00.000,0.869,0.2972849,https://api.alintaenergy.com.au/v1/myaccount/bff
2026-03-06T12:00:00.000,1.714,0.5863594,https://api.alintaenergy.com.au/v1/myaccount/bff
2026-03-06T13:00:00.000,1.95,0.667095,https://api.alintaenergy.com.au/v1/myaccount/bff
2026-03-06T14:00:00.000,0.958,0.3277318,https://api.alintaenergy.com.au/v1/myaccount/bff
2026-03-06T15:00:00.000,0.885,0.3027585,https://api.alintaenergy.com.au/v1/myaccount/bff
2026-03-06T16:00:00.000,1.195,0.4088095,https://api.alintaenergy.com.au/v1/myaccount/bff
2026-03-06T17:00:00.000,1.248,0.4269408,https://api.alintaenergy.com.au/v1/myaccount/bff
2026-03-06T18:00:00.000,1.484,0.5076764,https://api.alintaenergy.com.au/v1/myaccount/bff
2026-03-06T19:00:00.000,2.783,0.9520643,https://api.alintaenergy.com.au/v1/myaccount/bff
2026-03-06T20:00:00.000,2.554,0.8737234,https://api.alintaenergy.com.au/v1/myaccount/bff
2026-03-06T21:00:00.000,1.712,0.5856752,https://api.alintaenergy.com.au/v1/myaccount/bff
2026-03-06T22:00:00.000,1.261,0.4313881,https://api.alintaenergy.com.au/v1/myaccount/bff
2026-03-06T23:00:00.000,1.531,0.5237551,https://api.alintaenergy.com.au/v1/myaccount/bff
2026-03-07T00:00:00.000,1.034,0.3537314,https://api.alintaenergy.com.au/v1/myaccount/bff
2026-03-07T01:00:00.000,1.029,0.3520209,https://api.alintaenergy.com.au/v1/myaccount/bff
2026-03-07T02:00:00.000,1.302,0.4454142,https://api.alintaenergy.com.au/v1/myaccount/bff
2026-03-07T03:00:00.000,0.988,0.3379948,https://api.alintaenergy.com.au/v1/myaccount/bff
2026-03-07T04:00:00.000,0.949,0.3246529,https://api.alintaenergy.com.au/v1/myaccount/bff
2026-03-07T05:00:00.000,0.87,0.297627,https://api.alintaenergy.com.au/v1/myaccount/bff
2026-03-07T06:00:00.000,0.797,0.2726537,https://api.alintaenergy.com.au/v1/myaccount/bff
2026-03-07T07:00:00.000,1.034,0.3537314,https://api.alintaenergy.com.au/v1/myaccount/bff
2026-03-07T08:00:00.000,1.051,0.3595471,https://api.alintaenergy.com.au/v1/myaccount/bff
2026-03-07T09:00:00.000,0.685,0.2343385,https://api.alintaenergy.com.au/v1/myaccount/bff
2026-03-07T10:00:00.000,0.593,0.2028653,https://api.alintaenergy.com.au/v1/myaccount/bff
2026-03-07T11:00:00.000,0.603,0.2062863,https://api.alintaenergy.com.au/v1/myaccount/bff
2026-03-07T12:00:00.000,1.18,0.403678,https://api.alintaenergy.com.au/v1/myaccount/bff
2026-03-07T13:00:00.000,0.851,0.2911271,https://api.alintaenergy.com.au/v1/myaccount/bff
2026-03-07T14:00:00.000,0.636,0.2175756,https://api.alintaenergy.com.au/v1/myaccount/bff
2026-03-07T15:00:00.000,1.02,0.348942,https://api.alintaenergy.com.au/v1/myaccount/bff
2026-03-07T16:00:00.000,1.368,0.4679928,https://api.alintaenergy.com.au/v1/myaccount/bff
2026-03-07T17:00:00.000,1.484,0.5076764,https://api.alintaenergy.com.au/v1/myaccount/bff
2026-03-07T18:00:00.000,1.368,0.4679928,https://api.alintaenergy.com.au/v1/myaccount/bff
2026-03-07T19:00:00.000,1.776,0.6075696,https://api.alintaenergy.com.au/v1/myaccount/bff
2026-03-07T20:00:00.000,1.682,0.5754122,https://api.alintaenergy.com.au/v1/myaccount/bff
2026-03-07T21:00:00.000,1.145,0.3917045,https://api.alintaenergy.com.au/v1/myaccount/bff
2026-03-07T22:00:00.000,1.122,0.3838362,https://api.alintaenergy.com.au/v1/myaccount/bff
2026-03-07T23:00:00.000,1.16,0.396836,https://api.alintaenergy.com.au/v1/myaccount/bff
2026-03-08T00:00:00.000,1.015,0.3472315,https://api.alintaenergy.com.au/v1/myaccount/bff
2026-03-08T01:00:00.000,0.93,0.318153,https://api.alintaenergy.com.au/v1/myaccount/bff
2026-03-08T02:00:00.000,0.916,0.3133636,https://api.alintaenergy.com.au/v1/myaccount/bff
2026-03-08T03:00:00.000,0.928,0.3174688,https://api.alintaenergy.com.au/v1/myaccount/bff
2026-03-08T04:00:00.000,0.909,0.3109689,https://api.alintaenergy.com.au/v1/myaccount/bff
2026-03-08T05:00:00.000,0.885,0.3027585,https://api.alintaenergy.com.au/v1/myaccount/bff
2026-03-08T06:00:00.000,0.718,0.2456278,https://api.alintaenergy.com.au/v1/myaccount/bff
2026-03-08T07:00:00.000,0.685,0.2343385,https://api.alintaenergy.com.au/v1/myaccount/bff
2026-03-08T08:00:00.000,0.77,0.263417,https://api.alintaenergy.com.au/v1/myaccount/bff
2026-03-08T09:00:00.000,0.841,0.2877061,https://api.alintaenergy.com.au/v1/myaccount/bff
2026-03-08T10:00:00.000,1.068,0.3653628,https://api.alintaenergy.com.au/v1/myaccount/bff
2026-03-08T11:00:00.000,0.916,0.3133636,https://api.alintaenergy.com.au/v1/myaccount/bff
2026-03-08T12:00:00.000,1.21,0.413941,https://api.alintaenergy.com.au/v1/myaccount/bff
2026-03-08T13:00:00.000,0.872,0.2983112,https://api.alintaenergy.com.au/v1/myaccount/bff
2026-03-08T14:00:00.000,1.124,0.3845204,https://api.alintaenergy.com.au/v1/myaccount/bff
2026-03-08T15:00:00.000,0.999,0.3417579,https://api.alintaenergy.com.au/v1/myaccount/bff
2026-03-08T16:00:00.000,0.91,0.311311,https://api.alintaenergy.com.au/v1/myaccount/bff
2026-03-08T17:00:00.000,1.134,0.3879414,https://api.alintaenergy.com.au/v1/myaccount/bff
2026-03-08T18:00:00.000,1.121,0.3834941,https://api.alintaenergy.com.au/v1/myaccount/bff
2026-03-08T19:00:00.000,1.127,0.3855467,https://api.alintaenergy.com.au/v1/myaccount/bff
2026-03-08T20:00:00.000,1.199,0.4101779,https://api.alintaenergy.com.au/v1/myaccount/bff
2026-03-08T21:00:00.000,0.961,0.3287581,https://api.alintaenergy.com.au/v1/myaccount/bff
2026-03-08T22:00:00.000,0.937,0.3205477,https://api.alintaenergy.com.au/v1/myaccount/bff
2026-03-08T23:00:00.000,1.169,0.3999149,https://api.alintaenergy.com.au/v1/myaccount/bff
2026-03-09T00:00:00.000,0.746,0.2552066,https://api.alintaenergy.com.au/v1/myaccount/bff
2026-03-09T01:00:00.000,0.72,0.246312,https://api.alintaenergy.com.au/v1/myaccount/bff
2026-03-09T02:00:00.000,0.844,0.2887324,https://api.alintaenergy.com.au/v1/myaccount/bff
2026-03-09T03:00:00.000,0.774,0.2647854,https://api.alintaenergy.com.au/v1/myaccount/bff
2026-03-09T04:00:00.000,0.712,0.2435752,https://api.alintaenergy.com.au/v1/myaccount/bff
2026-03-09T05:00:00.000,0.69,0.236049,https://api.alintaenergy.com.au/v1/myaccount/bff
2026-03-09T06:00:00.000,0.63,0.215523,https://api.alintaenergy.com.au/v1/myaccount/bff
2026-03-09T07:00:00.000,0.732,0.2504172,https://api.alintaenergy.com.au/v1/myaccount/bff
2026-03-09T08:00:00.000,0.853,0.2918113,https://api.alintaenergy.com.au/v1/myaccount/bff
2026-03-09T09:00:00.000,0.886,0.3031006,https://api.alintaenergy.com.au/v1/myaccount/bff
2026-03-09T10:00:00.000,0.863,0.2952323,https://api.alintaenergy.com.au/v1/myaccount/bff
2026-03-09T11:00:00.000,0.834,0.2853114,https://api.alintaenergy.com.au/v1/myaccount/bff
2026-03-09T12:00:00.000,0.855,0.2924955,https://api.alintaenergy.com.au/v1/myaccount/bff
2026-03-09T13:00:00.000,1.034,0.3537314,https://api.alintaenergy.com.au/v1/myaccount/bff
2026-03-09T14:00:00.000,0.85,0.290785,https://api.alintaenergy.com.au/v1/myaccount/bff
2026-03-09T15:00:00.000,0.951,0.3253371,https://api.alintaenergy.com.au/v1/myaccount/bff
2026-03-09T16:00:00.000,0.809,0.2767589,https://api.alintaenergy.com.au/v1/myaccount/bff
2026-03-09T17:00:00.000,1.051,0.3595471,https://api.alintaenergy.com.au/v1/myaccount/bff
2026-03-09T18:00:00.000,2.094,0.7163574,https://api.alintaenergy.com.au/v1/myaccount/bff
2026-03-09T19:00:00.000,1.818,0.6219378,https://api.alintaenergy.com.au/v1/myaccount/bff
2026-03-09T20:00:00.000,1.702,0.5822542,https://api.alintaenergy.com.au/v1/myaccount/bff
2026-03-09T21:00:00.000,1.033,0.3533893,https://api.alintaenergy.com.au/v1/myaccount/bff
2026-03-09T22:00:00.000,0.996,0.3407316,https://api.alintaenergy.com.au/v1/myaccount/bff
2026-03-09T23:00:00.000,0.876,0.2996796,https://api.alintaenergy.com.au/v1/myaccount/bff
2026-03-10T00:00:00.000,0.729,0.2493909,https://api.alintaenergy.com.au/v1/myaccount/bff
2026-03-10T01:00:00.000,0.749,0.2562329,https://api.alintaenergy.com.au/v1/myaccount/bff
2026-03-10T02:00:00.000,0.978,0.3345738,https://api.alintaenergy.com.au/v1/myaccount/bff
2026-03-10T03:00:00.000,0.698,0.2387858,https://api.alintaenergy.com.au/v1/myaccount/bff
2026-03-10T04:00:00.000,0.667,0.2281807,https://api.alintaenergy.com.au/v1/myaccount/bff
2026-03-10T05:00:00.000,0.624,0.2134704,https://api.alintaenergy.com.au/v1/myaccount/bff
2026-03-10T06:00:00.000,0.669,0.2288649,https://api.alintaenergy.com.au/v1/myaccount/bff
2026-03-10T07:00:00.000,0.461,0.1577081,https://api.alintaenergy.com.au/v1/myaccount/bff
2026-03-10T08:00:00.000,0.122,0.0417362,https://api.alintaenergy.com.au/v1/myaccount/bff
2026-03-10T09:00:00.000,0.317,0.1084457,https://api.alintaenergy.com.au/v1/myaccount/bff
2026-03-10T10:00:00.000,0.57,0.194997,https://api.alintaenergy.com.au/v1/myaccount/bff
2026-03-10T11:00:00.000,0.36,0.123156,https://api.alintaenergy.com.au/v1/myaccount/bff
2026-03-10T12:00:00.000,0.337,0.1152877,https://api.alintaenergy.com.au/v1/myaccount/bff
2026-03-10T13:00:00.000,0.789,0.2699169,https://api.alintaenergy.com.au/v1/myaccount/bff
2026-03-10T14:00:00.000,0.432,0.1477872,https://api.alintaenergy.com.au/v1/myaccount/bff
2026-03-10T15:00:00.000,0.977,0.3342317,https://api.alintaenergy.com.au/v1/myaccount/bff
2026-03-10T16:00:00.000,1.098,0.3756258,https://api.alintaenergy.com.au/v1/myaccount/bff
2026-03-10T17:00:00.000,1.285,0.4395985,https://api.alintaenergy.com.au/v1/myaccount/bff
2026-03-10T18:00:00.000,2.039,0.6975419,https://api.alintaenergy.com.au/v1/myaccount/bff
2026-03-10T19:00:00.000,1.767,0.6044907,https://api.alintaenergy.com.au/v1/myaccount/bff
2026-03-10T20:00:00.000,1.219,0.4170199,https://api.alintaenergy.com.au/v1/myaccount/bff
2026-03-10T21:00:00.000,1.036,0.3544156,https://api.alintaenergy.com.au/v1/myaccount/bff
2026-03-10T22:00:00.000,0.94,0.321574,https://api.alintaenergy.com.au/v1/myaccount/bff
2026-03-10T23:00:00.000,0.907,0.3102847,https://api.alintaenergy.com.au/v1/myaccount/bff
2026-03-11T00:00:00.000,0.938,0.3208898,https://api.alintaenergy.com.au/v1/myaccount/bff
2026-03-11T01:00:00.000,0.858,0.2935218,https://api.alintaenergy.com.au/v1/myaccount/bff
2026-03-11T02:00:00.000,0.839,0.2870219,https://api.alintaenergy.com.au/v1/myaccount/bff
2026-03-11T03:00:00.000,0.841,0.2877061,https://api.alintaenergy.com.au/v1/myaccount/bff
2026-03-11T04:00:00.000,0.828,0.2832588,https://api.alintaenergy.com.au/v1/myaccount/bff
2026-03-11T05:00:00.000,0.766,0.2620486,https://api.alintaenergy.com.au/v1/myaccount/bff
2026-03-11T06:00:00.000,0.687,0.2350227,https://api.alintaenergy.com.au/v1/myaccount/bff
2026-03-11T07:00:00.000,0.372,0.1272612,https://api.alintaenergy.com.au/v1/myaccount/bff
2026-03-11T08:00:00.000,0.493,0.1686553,https://api.alintaenergy.com.au/v1/myaccount/bff
2026-03-11T09:00:00.000,0.879,0.3007059,https://api.alintaenergy.com.au/v1/myaccount/bff
2026-03-11T10:00:00.000,1.047,0.3581787,https://api.alintaenergy.com.au/v1/myaccount/bff
2026-03-11T11:00:00.000,0.46,0.157366,https://api.alintaenergy.com.au/v1/myaccount/bff
2026-03-11T12:00:00.000,0.644,0.2203124,https://api.alintaenergy.com.au/v1/myaccount/bff
2026-03-11T13:00:00.000,0.154,0.0526834,https://api.alintaenergy.com.au/v1/myaccount/bff
2026-03-11T14:00:00.000,0.638,0.2182598,https://api.alintaenergy.com.au/v1/myaccount/bff
2026-03-11T15:00:00.000,1.184,0.4050464,https://api.alintaenergy.com.au/v1/myaccount/bff
2026-03-11T16:00:00.000,1.312,0.4488352,https://api.alintaenergy.com.au/v1/myaccount/bff
2026-03-11T17:00:00.000,1.499,0.5128079,https://api.alintaenergy.com.au/v1/myaccount/bff
2026-03-11T18:00:00.000,1.423,0.4868083,https://api.alintaenergy.com.au/v1/myaccount/bff
2026-03-11T19:00:00.000,3.019,1.0327999,https://api.alintaenergy.com.au/v1/myaccount/bff
2026-03-11T20:00:00.000,1.772,0.6062012,https://api.alintaenergy.com.au/v1/myaccount/bff
2026-03-11T21:00:00.000,0.833,0.2849693,https://api.alintaenergy.com.au/v1/myaccount/bff
2026-03-11T22:00:00.000,0.797,0.2726537,https://api.alintaenergy.com.au/v1/myaccount/bff
2026-03-11T23:00:00.000,0.924,0.3161004,https://api.alintaenergy.com.au/v1/myaccount/bff
2026-03-12T00:00:00.000,0.594,0.2032074,https://api.alintaenergy.com.au/v1/myaccount/bff
2026-03-12T01:00:00.000,0.612,0.2093652,https://api.alintaenergy.com.au/v1/myaccount/bff
2026-03-12T02:00:00.000,0.876,0.2996796,https://api.alintaenergy.com.au/v1/myaccount/bff
2026-03-12T03:00:00.000,0.662,0.2264702,https://api.alintaenergy.com.au/v1/myaccount/bff
2026-03-12T04:00:00.000,0.571,0.1953391,https://api.alintaenergy.com.au/v1/myaccount/bff
2026-03-12T05:00:00.000,0.628,0.2148388,https://api.alintaenergy.com.au/v1/myaccount/bff
2026-03-12T06:00:00.000,0.777,0.2658117,https://api.alintaenergy.com.au/v1/myaccount/bff
2026-03-12T07:00:00.000,0.987,0.3376527,https://api.alintaenergy.com.au/v1/myaccount/bff
2026-03-12T08:00:00.000,0.898,0.3072058,https://api.alintaenergy.com.au/v1/myaccount/bff
2026-03-12T09:00:00.000,0.35,0.119735,https://api.alintaenergy.com.au/v1/myaccount/bff
2026-03-12T10:00:00.000,0,0,https://api.alintaenergy.com.au/v1/myaccount/bff
2026-03-12T11:00:00.000,0,0,https://api.alintaenergy.com.au/v1/myaccount/bff
2026-03-12T12:00:00.000,0.697,0.2384437,https://api.alintaenergy.com.au/v1/myaccount/bff
2026-03-12T13:00:00.000,0.265,0.0906565,https://api.alintaenergy.com.au/v1/myaccount/bff
2026-03-12T14:00:00.000,0.254,0.0868934,https://api.alintaenergy.com.au/v1/myaccount/bff
2026-03-12T15:00:00.000,0.743,0.2541803,https://api.alintaenergy.com.au/v1/myaccount/bff
2026-03-12T16:00:00.000,0.891,0.3048111,https://api.alintaenergy.com.au/v1/myaccount/bff
2026-03-12T17:00:00.000,1.417,0.4847557,https://api.alintaenergy.com.au/v1/myaccount/bff
2026-03-12T18:00:00.000,1.87,0.639727,https://api.alintaenergy.com.au/v1/myaccount/bff
2026-03-12T19:00:00.000,2.207,0.7550147,https://api.alintaenergy.com.au/v1/myaccount/bff
2026-03-12T20:00:00.000,3.251,1.1121671,https://api.alintaenergy.com.au/v1/myaccount/bff
2026-03-12T21:00:00.000,2.665,0.9116965,https://api.alintaenergy.com.au/v1/myaccount/bff
2026-03-12T22:00:00.000,1.405,0.4806505,https://api.alintaenergy.com.au/v1/myaccount/bff
2026-03-12T23:00:00.000,1.237,0.4231777,https://api.alintaenergy.com.au/v1/myaccount/bff
2026-03-13T00:00:00.000,1.072,0.3667312,https://api.alintaenergy.com.au/v1/myaccount/bff
2026-03-13T01:00:00.000,1.039,0.3554419,https://api.alintaenergy.com.au/v1/myaccount/bff
2026-03-13T02:00:00.000,1.052,0.3598892,https://api.alintaenergy.com.au/v1/myaccount/bff
2026-03-13T03:00:00.000,1.035,0.3540735,https://api.alintaenergy.com.au/v1/myaccount/bff
2026-03-13T04:00:00.000,0.946,0.3236266,https://api.alintaenergy.com.au/v1/myaccount/bff
2026-03-13T05:00:00.000,0.846,0.2894166,https://api.alintaenergy.com.au/v1/myaccount/bff
2026-03-13T06:00:00.000,0.832,0.2846272,https://api.alintaenergy.com.au/v1/myaccount/bff
2026-03-13T07:00:00.000,0.528,0.1806288,https://api.alintaenergy.com.au/v1/myaccount/bff
2026-03-13T08:00:00.000,0.157,0.0537097,https://api.alintaenergy.com.au/v1/myaccount/bff
2026-03-13T09:00:00.000,0.333,0.1139193,https://api.alintaenergy.com.au/v1/myaccount/bff
2026-03-13T10:00:00.000,0.25,0.085525,https://api.alintaenergy.com.au/v1/myaccount/bff
2026-03-13T11:00:00.000,0.559,0.1912339,https://api.alintaenergy.com.au/v1/myaccount/bff
2026-03-13T12:00:00.000,0.296,0.1012616,https://api.alintaenergy.com.au/v1/myaccount/bff
2026-03-13T13:00:00.000,1.203,0.4115463,https://api.alintaenergy.com.au/v1/myaccount/bff
2026-03-13T14:00:00.000,1.799,0.6154379,https://api.alintaenergy.com.au/v1/myaccount/bff
2026-03-13T15:00:00.000,1.384,0.4734664,https://api.alintaenergy.com.au/v1/myaccount/bff
2026-03-13T16:00:00.000,1.204,0.4118884,https://api.alintaenergy.com.au/v1/myaccount/bff
2026-03-13T17:00:00.000,1.864,0.6376744,https://api.alintaenergy.com.au/v1/myaccount/bff
2026-03-13T18:00:00.000,2.876,0.9838796,https://api.alintaenergy.com.au/v1/myaccount/bff
2026-03-13T19:00:00.000,1.621,0.5545441,https://api.alintaenergy.com.au/v1/myaccount/bff
2026-03-13T20:00:00.000,1.927,0.6592267,https://api.alintaenergy.com.au/v1/myaccount/bff
2026-03-13T21:00:00.000,1.344,0.4597824,https://api.alintaenergy.com.au/v1/myaccount/bff
2026-03-13T22:00:00.000,1.209,0.4135989,https://api.alintaenergy.com.au/v1/myaccount/bff
2026-03-13T23:00:00.000,1.381,0.4724401,https://api.alintaenergy.com.au/v1/myaccount/bff
2026-03-14T00:00:00.000,1.053,0.3602313,https://api.alintaenergy.com.au/v1/myaccount/bff
2026-03-14T01:00:00.000,1.068,0.3653628,https://api.alintaenergy.com.au/v1/myaccount/bff
2026-03-14T02:00:00.000,1.32,0.451572,https://api.alintaenergy.com.au/v1/myaccount/bff
2026-03-14T03:00:00.000,1.035,0.3540735,https://api.alintaenergy.com.au/v1/myaccount/bff
2026-03-14T04:00:00.000,0.98,0.335258,https://api.alintaenergy.com.au/v1/myaccount/bff
2026-03-14T05:00:00.000,0.877,0.3000217,https://api.alintaenergy.com.au/v1/myaccount/bff
2026-03-14T06:00:00.000,0.906,0.3099426,https://api.alintaenergy.com.au/v1/myaccount/bff
2026-03-14T07:00:00.000,0.561,0.1919181,https://api.alintaenergy.com.au/v1/myaccount/bff
2026-03-14T08:00:00.000,0.468,0.1601028,https://api.alintaenergy.com.au/v1/myaccount/bff
2026-03-14T09:00:00.000,0.075,0.0256575,https://api.alintaenergy.com.au/v1/myaccount/bff
2026-03-14T10:00:00.000,0.094,0.0321574,https://api.alintaenergy.com.au/v1/myaccount/bff
2026-03-14T11:00:00.000,0.009,0.0030789,https://api.alintaenergy.com.au/v1/myaccount/bff
2026-03-14T12:00:00.000,0.042,0.0143682,https://api.alintaenergy.com.au/v1/myaccount/bff
2026-03-14T13:00:00.000,0.084,0.0287364,https://api.alintaenergy.com.au/v1/myaccount/bff
2026-03-14T14:00:00.000,0.398,0.1361558,https://api.alintaenergy.com.au/v1/myaccount/bff
2026-03-14T15:00:00.000,0.801,0.2740221,https://api.alintaenergy.com.au/v1/myaccount/bff
2026-03-14T16:00:00.000,1.024,0.3503104,https://api.alintaenergy.com.au/v1/myaccount/bff
2026-03-14T17:00:00.000,1.239,0.4238619,https://api.alintaenergy.com.au/v1/myaccount/bff
2026-03-14T18:00:00.000,1.572,0.5377812,https://api.alintaenergy.com.au/v1/myaccount/bff
2026-03-14T19:00:00.000,1.414,0.4837294,https://api.alintaenergy.com.au/v1/myaccount/bff
2026-03-14T20:00:00.000,1.203,0.4115463,https://api.alintaenergy.com.au/v1/myaccount/bff
2026-03-14T21:00:00.000,1.212,0.4146252,https://api.alintaenergy.com.au/v1/myaccount/bff
2026-03-14T22:00:00.000,1.099,0.3759679,https://api.alintaenergy.com.au/v1/myaccount/bff
2026-03-14T23:00:00.000,0.964,0.3297844,https://api.alintaenergy.com.au/v1/myaccount/bff
2026-03-15T00:00:00.000,0.842,0.2880482,https://api.alintaenergy.com.au/v1/myaccount/bff
2026-03-15T01:00:00.000,0.835,0.2856535,https://api.alintaenergy.com.au/v1/myaccount/bff
2026-03-15T02:00:00.000,0.751,0.2569171,https://api.alintaenergy.com.au/v1/myaccount/bff
2026-03-15T03:00:00.000,0.756,0.2586276,https://api.alintaenergy.com.au/v1/myaccount/bff
2026-03-15T04:00:00.000,0.738,0.2524698,https://api.alintaenergy.com.au/v1/myaccount/bff
2026-03-15T05:00:00.000,0.717,0.2452857,https://api.alintaenergy.com.au/v1/myaccount/bff
2026-03-15T06:00:00.000,0.618,0.2114178,https://api.alintaenergy.com.au/v1/myaccount/bff
2026-03-15T07:00:00.000,0.602,0.2059442,https://api.alintaenergy.com.au/v1/myaccount/bff
2026-03-15T08:00:00.000,0.894,0.3058374,https://api.alintaenergy.com.au/v1/myaccount/bff
2026-03-15T09:00:00.000,1.891,0.6469111,https://api.alintaenergy.com.au/v1/myaccount/bff
2026-03-15T10:00:00.000,1.838,0.6287798,https://api.alintaenergy.com.au/v1/myaccount/bff
2026-03-15T11:00:00.000,1.894,0.6479374,https://api.alintaenergy.com.au/v1/myaccount/bff
2026-03-15T12:00:00.000,1.366,0.4673086,https://api.alintaenergy.com.au/v1/myaccount/bff
2026-03-15T13:00:00.000,3.445,1.1785345,https://api.alintaenergy.com.au/v1/myaccount/bff
2026-03-15T14:00:00.000,2.334,0.7984614,https://api.alintaenergy.com.au/v1/myaccount/bff
2026-03-15T15:00:00.000,1.069,0.3657049,https://api.alintaenergy.com.au/v1/myaccount/bff
2026-03-15T16:00:00.000,0.838,0.2866798,https://api.alintaenergy.com.au/v1/myaccount/bff
2026-03-15T17:00:00.000,1.093,0.3739153,https://api.alintaenergy.com.au/v1/myaccount/bff
2026-03-15T18:00:00.000,1.578,0.5398338,https://api.alintaenergy.com.au/v1/myaccount/bff
2026-03-15T19:00:00.000,1.573,0.5381233,https://api.alintaenergy.com.au/v1/myaccount/bff
2026-03-15T20:00:00.000,1.387,0.4744927,https://api.alintaenergy.com.au/v1/myaccount/bff
2026-03-15T21:00:00.000,1.191,0.4074411,https://api.alintaenergy.com.au/v1/myaccount/bff
2026-03-15T22:00:00.000,0.973,0.3328633,https://api.alintaenergy.com.au/v1/myaccount/bff
2026-03-15T23:00:00.000,1.178,0.4029938,https://api.alintaenergy.com.au/v1/myaccount/bff
2026-03-16T00:00:00.000,0.822,0.2812062,https://api.alintaenergy.com.au/v1/myaccount/bff
2026-03-16T01:00:00.000,0.779,0.2664959,https://api.alintaenergy.com.au/v1/myaccount/bff
2026-03-16T02:00:00.000,0.773,0.2644433,https://api.alintaenergy.com.au/v1/myaccount/bff
2026-03-16T03:00:00.000,0.773,0.2644433,https://api.alintaenergy.com.au/v1/myaccount/bff
2026-03-16T04:00:00.000,0.727,0.2487067,https://api.alintaenergy.com.au/v1/myaccount/bff
2026-03-16T05:00:00.000,0.701,0.2398121,https://api.alintaenergy.com.au/v1/myaccount/bff
2026-03-16T06:00:00.000,0.717,0.2452857,https://api.alintaenergy.com.au/v1/myaccount/bff
2026-03-16T07:00:00.000,0.357,0.1221297,https://api.alintaenergy.com.au/v1/myaccount/bff
2026-03-16T08:00:00.000,0.129,0.0441309,https://api.alintaenergy.com.au/v1/myaccount/bff
2026-03-16T09:00:00.000,0.095,0.0324995,https://api.alintaenergy.com.au/v1/myaccount/bff
2026-03-16T10:00:00.000,0.467,0.1597607,https://api.alintaenergy.com.au/v1/myaccount/bff
2026-03-16T11:00:00.000,0.46,0.157366,https://api.alintaenergy.com.au/v1/myaccount/bff
2026-03-16T12:00:00.000,0.548,0.1874708,https://api.alintaenergy.com.au/v1/myaccount/bff
2026-03-16T13:00:00.000,1.882,0.6438322,https://api.alintaenergy.com.au/v1/myaccount/bff
2026-03-16T14:00:00.000,0.783,0.2678643,https://api.alintaenergy.com.au/v1/myaccount/bff
2026-03-16T15:00:00.000,0.962,0.3291002,https://api.alintaenergy.com.au/v1/myaccount/bff
2026-03-16T16:00:00.000,1.076,0.3680996,https://api.alintaenergy.com.au/v1/myaccount/bff
2026-03-16T17:00:00.000,1.213,0.4149673,https://api.alintaenergy.com.au/v1/myaccount/bff
2026-03-16T18:00:00.000,1.413,0.4833873,https://api.alintaenergy.com.au/v1/myaccount/bff
2026-03-16T19:00:00.000,1.214,0.4153094,https://api.alintaenergy.com.au/v1/myaccount/bff
2026-03-16T20:00:00.000,1.151,0.3937571,https://api.alintaenergy.com.au/v1/myaccount/bff
2026-03-16T21:00:00.000,1.254,0.4289934,https://api.alintaenergy.com.au/v1/myaccount/bff
2026-03-16T22:00:00.000,1.004,0.3434684,https://api.alintaenergy.com.au/v1/myaccount/bff
2026-03-16T23:00:00.000,0.775,0.2651275,https://api.alintaenergy.com.au/v1/myaccount/bff
2026-03-17T00:00:00.000,0.757,0.2589697,https://api.alintaenergy.com.au/v1/myaccount/bff
2026-03-17T01:00:00.000,0.798,0.2729958,https://api.alintaenergy.com.au/v1/myaccount/bff
2026-03-17T02:00:00.000,1.003,0.3431263,https://api.alintaenergy.com.au/v1/myaccount/bff
2026-03-17T03:00:00.000,0.713,0.2439173,https://api.alintaenergy.com.au/v1/myaccount/bff
2026-03-17T04:00:00.000,0.661,0.2261281,https://api.alintaenergy.com.au/v1/myaccount/bff
2026-03-17T05:00:00.000,0.702,0.2401542,https://api.alintaenergy.com.au/v1/myaccount/bff
2026-03-17T06:00:00.000,0.529,0.1809709,https://api.alintaenergy.com.au/v1/myaccount/bff
2026-03-17T07:00:00.000,0.28,0.095788,https://api.alintaenergy.com.au/v1/myaccount/bff
2026-03-17T08:00:00.000,0.024,0.0082104,https://api.alintaenergy.com.au/v1/myaccount/bff
2026-03-17T09:00:00.000,0.002,0.0006842,https://api.alintaenergy.com.au/v1/myaccount/bff
2026-03-17T10:00:00.000,0.097,0.0331837,https://api.alintaenergy.com.au/v1/myaccount/bff
2026-03-17T11:00:00.000,0.195,0.0667095,https://api.alintaenergy.com.au/v1/myaccount/bff
2026-03-17T12:00:00.000,0.271,0.0927091,https://api.alintaenergy.com.au/v1/myaccount/bff
2026-03-17T13:00:00.000,0.716,0.2449436,https://api.alintaenergy.com.au/v1/myaccount/bff
2026-03-17T14:00:00.000,0.762,0.2606802,https://api.alintaenergy.com.au/v1/myaccount/bff
2026-03-17T15:00:00.000,1.035,0.3540735,https://api.alintaenergy.com.au/v1/myaccount/bff
2026-03-17T16:00:00.000,1.434,0.4905714,https://api.alintaenergy.com.au/v1/myaccount/bff
2026-03-17T17:00:00.000,1.397,0.4779137,https://api.alintaenergy.com.au/v1/myaccount/bff
2026-03-17T18:00:00.000,1.46,0.499466,https://api.alintaenergy.com.au/v1/myaccount/bff
2026-03-17T19:00:00.000,1.685,0.5764385,https://api.alintaenergy.com.au/v1/myaccount/bff
2026-03-17T20:00:00.000,1.219,0.4170199,https://api.alintaenergy.com.au/v1/myaccount/bff
2026-03-17T21:00:00.000,1.174,0.4016254,https://api.alintaenergy.com.au/v1/myaccount/bff
2026-03-17T22:00:00.000,1.008,0.3448368,https://api.alintaenergy.com.au/v1/myaccount/bff
2026-03-17T23:00:00.000,0.907,0.3102847,https://api.alintaenergy.com.au/v1/myaccount/bff
2026-03-18T00:00:00.000,0.901,0.3082321,https://api.alintaenergy.com.au/v1/myaccount/bff
2026-03-18T01:00:00.000,0.881,0.3013901,https://api.alintaenergy.com.au/v1/myaccount/bff
2026-03-18T02:00:00.000,0.847,0.2897587,https://api.alintaenergy.com.au/v1/myaccount/bff
2026-03-18T03:00:00.000,0.846,0.2894166,https://api.alintaenergy.com.au/v1/myaccount/bff
2026-03-18T04:00:00.000,0.81,0.277101,https://api.alintaenergy.com.au/v1/myaccount/bff
2026-03-18T05:00:00.000,0.787,0.2692327,https://api.alintaenergy.com.au/v1/myaccount/bff
2026-03-18T06:00:00.000,0.674,0.2305754,https://api.alintaenergy.com.au/v1/myaccount/bff
2026-03-18T07:00:00.000,0.521,0.1782341,https://api.alintaenergy.com.au/v1/myaccount/bff
2026-03-18T08:00:00.000,0.752,0.2572592,https://api.alintaenergy.com.au/v1/myaccount/bff
2026-03-18T09:00:00.000,1.333,0.4560193,https://api.alintaenergy.com.au/v1/myaccount/bff
2026-03-18T10:00:00.000,1.665,0.5695965,https://api.alintaenergy.com.au/v1/myaccount/bff
2026-03-18T11:00:00.000,0.341,0.1166561,https://api.alintaenergy.com.au/v1/myaccount/bff
2026-03-18T12:00:00.000,0.852,0.2914692,https://api.alintaenergy.com.au/v1/myaccount/bff
2026-03-18T13:00:00.000,0.773,0.2644433,https://api.alintaenergy.com.au/v1/myaccount/bff
2026-03-18T14:00:00.000,0.763,0.2610223,https://api.alintaenergy.com.au/v1/myaccount/bff
2026-03-18T15:00:00.000,1.12,0.383152,https://api.alintaenergy.com.au/v1/myaccount/bff
2026-03-18T16:00:00.000,1.126,0.3852046,https://api.alintaenergy.com.au/v1/myaccount/bff
2026-03-18T17:00:00.000,1.222,0.4180462,https://api.alintaenergy.com.au/v1/myaccount/bff
2026-03-18T18:00:00.000,1.692,0.5788332,https://api.alintaenergy.com.au/v1/myaccount/bff
2026-03-18T19:00:00.000,1.37,0.468677,https://api.alintaenergy.com.au/v1/myaccount/bff
2026-03-18T20:00:00.000,1.25,0.427625,https://api.alintaenergy.com.au/v1/myaccount/bff
2026-03-18T21:00:00.000,1.139,0.3896519,https://api.alintaenergy.com.au/v1/myaccount/bff
2026-03-18T22:00:00.000,1.112,0.3804152,https://api.alintaenergy.com.au/v1/myaccount/bff
2026-03-18T23:00:00.000,1.313,0.4491773,https://api.alintaenergy.com.au/v1/myaccount/bff
2026-03-19T00:00:00.000,0.952,0.3256792,https://api.alintaenergy.com.au/v1/myaccount/bff
2026-03-19T01:00:00.000,0.877,0.3000217,https://api.alintaenergy.com.au/v1/myaccount/bff
2026-03-19T02:00:00.000,1.089,0.37243987,https://api.alintaenergy.com.au/v1/myaccount/bff
2026-03-19T03:00:00.000,0.785,0.2685485,https://api.alintaenergy.com.au/v1/myaccount/bff
2026-03-19T04:00:00.000,0.746,0.2552066,https://api.alintaenergy.com.au/v1/myaccount/bff
2026-03-19T05:00:00.000,0.756,0.2586276,https://api.alintaenergy.com.au/v1/myaccount/bff
2026-03-19T06:00:00.000,0.715,0.2446015,https://api.alintaenergy.com.au/v1/myaccount/bff
2026-03-19T07:00:00.000,0.647,0.2213387,https://api.alintaenergy.com.au/v1/myaccount/bff
2026-03-19T08:00:00.000,0.593,0.2028653,https://api.alintaenergy.com.au/v1/myaccount/bff
2026-03-19T09:00:00.000,0.804,0.2750484,https://api.alintaenergy.com.au/v1/myaccount/bff
2026-03-19T10:00:00.000,0.474,0.1621554,https://api.alintaenergy.com.au/v1/myaccount/bff
2026-03-19T11:00:00.000,0.687,0.2350227,https://api.alintaenergy.com.au/v1/myaccount/bff
2026-03-19T12:00:00.000,0.552,0.1888392,https://api.alintaenergy.com.au/v1/myaccount/bff
2026-03-19T13:00:00.000,0.542,0.1854182,https://api.alintaenergy.com.au/v1/myaccount/bff
2026-03-19T14:00:00.000,1.356,0.4638876,https://api.alintaenergy.com.au/v1/myaccount/bff
2026-03-19T15:00:00.000,2.146,0.7341466,https://api.alintaenergy.com.au/v1/myaccount/bff
2026-03-19T16:00:00.000,1.566,0.5357286,https://api.alintaenergy.com.au/v1/myaccount/bff
2026-03-19T17:00:00.000,1.15,0.393415,https://api.alintaenergy.com.au/v1/myaccount/bff
2026-03-19T18:00:00.000,1.409,0.4820189,https://api.alintaenergy.com.au/v1/myaccount/bff
2026-03-19T19:00:00.000,1.337,0.4573877,https://api.alintaenergy.com.au/v1/myaccount/bff
2026-03-19T20:00:00.000,1.439,0.4922819,https://api.alintaenergy.com.au/v1/myaccount/bff
2026-03-19T21:00:00.000,0.981,0.3356001,https://api.alintaenergy.com.au/v1/myaccount/bff
2026-03-19T22:00:00.000,0.91,0.311311,https://api.alintaenergy.com.au/v1/myaccount/bff
2026-03-19T23:00:00.000,0.845,0.2890745,https://api.alintaenergy.com.au/v1/myaccount/bff
2026-03-20T00:00:00.000,0.786,0.2688906,https://api.alintaenergy.com.au/v1/myaccount/bff
2026-03-20T01:00:00.000,0.816,0.2791536,https://api.alintaenergy.com.au/v1/myaccount/bff
2026-03-20T02:00:00.000,0.749,0.2562329,https://api.alintaenergy.com.au/v1/myaccount/bff
2026-03-20T03:00:00.000,0.754,0.2579434,https://api.alintaenergy.com.au/v1/myaccount/bff
2026-03-20T04:00:00.000,0.786,0.2688906,https://api.alintaenergy.com.au/v1/myaccount/bff
2026-03-20T05:00:00.000,0.695,0.2377595,https://api.alintaenergy.com.au/v1/myaccount/bff
2026-03-20T06:00:00.000,0.677,0.2316017,https://api.alintaenergy.com.au/v1/myaccount/bff
2026-03-20T07:00:00.000,0.31,0.106051,https://api.alintaenergy.com.au/v1/myaccount/bff
2026-03-20T08:00:00.000,0.553,0.1891813,https://api.alintaenergy.com.au/v1/myaccount/bff
2026-03-20T09:00:00.000,0.397,0.1358137,https://api.alintaenergy.com.au/v1/myaccount/bff
2026-03-20T10:00:00.000,1.395,0.4772295,https://api.alintaenergy.com.au/v1/myaccount/bff
2026-03-20T11:00:00.000,2.514,0.8600394,https://api.alintaenergy.com.au/v1/myaccount/bff
2026-03-20T12:00:00.000,2.21,0.756041,https://api.alintaenergy.com.au/v1/myaccount/bff
2026-03-20T13:00:00.000,1.299,0.4443879,https://api.alintaenergy.com.au/v1/myaccount/bff
2026-03-20T14:00:00.000,2.116,0.7238836,https://api.alintaenergy.com.au/v1/myaccount/bff
2026-03-20T15:00:00.000,2.138,0.7314098,https://api.alintaenergy.com.au/v1/myaccount/bff
2026-03-20T16:00:00.000,1.303,0.4457563,https://api.alintaenergy.com.au/v1/myaccount/bff
2026-03-20T17:00:00.000,1.412,0.4830452,https://api.alintaenergy.com.au/v1/myaccount/bff
2026-03-20T18:00:00.000,1.395,0.4772295,https://api.alintaenergy.com.au/v1/myaccount/bff
2026-03-20T19:00:00.000,1.243,0.4252303,https://api.alintaenergy.com.au/v1/myaccount/bff
2026-03-20T20:00:00.000,1.17,0.400257,https://api.alintaenergy.com.au/v1/myaccount/bff
2026-03-20T21:00:00.000,1.498,0.5124658,https://api.alintaenergy.com.au/v1/myaccount/bff
2026-03-20T22:00:00.000,1.044,0.3571524,https://api.alintaenergy.com.au/v1/myaccount/bff
2026-03-20T23:00:00.000,1.12,0.383152,https://api.alintaenergy.com.au/v1/myaccount/bff
2026-03-21T00:00:00.000,0.777,0.2658117,https://api.alintaenergy.com.au/v1/myaccount/bff
2026-03-21T01:00:00.000,0.787,0.2692327,https://api.alintaenergy.com.au/v1/myaccount/bff
2026-03-21T02:00:00.000,1.007,0.3444947,https://api.alintaenergy.com.au/v1/myaccount/bff
2026-03-21T03:00:00.000,0.7,0.23947,https://api.alintaenergy.com.au/v1/myaccount/bff
2026-03-21T04:00:00.000,0.664,0.2271544,https://api.alintaenergy.com.au/v1/myaccount/bff
2026-03-21T05:00:00.000,0.647,0.2213387,https://api.alintaenergy.com.au/v1/myaccount/bff
2026-03-21T06:00:00.000,0.586,0.2004706,https://api.alintaenergy.com.au/v1/myaccount/bff
2026-03-21T07:00:00.000,0.331,0.1132351,https://api.alintaenergy.com.au/v1/myaccount/bff
2026-03-21T08:00:00.000,0.643,0.2199703,https://api.alintaenergy.com.au/v1/myaccount/bff
2026-03-21T09:00:00.000,0.215,0.0735515,https://api.alintaenergy.com.au/v1/myaccount/bff
2026-03-21T10:00:00.000,0.328,0.1122088,https://api.alintaenergy.com.au/v1/myaccount/bff
2026-03-21T11:00:00.000,0.131,0.0448151,https://api.alintaenergy.com.au/v1/myaccount/bff
2026-03-21T12:00:00.000,0.266,0.0909986,https://api.alintaenergy.com.au/v1/myaccount/bff
2026-03-21T13:00:00.000,0.27,0.092367,https://api.alintaenergy.com.au/v1/myaccount/bff
2026-03-21T14:00:00.000,0.292,0.0998932,https://api.alintaenergy.com.au/v1/myaccount/bff
2026-03-21T15:00:00.000,0.289,0.0988669,https://api.alintaenergy.com.au/v1/myaccount/bff
2026-03-21T16:00:00.000,0.63,0.215523,https://api.alintaenergy.com.au/v1/myaccount/bff
2026-03-21T17:00:00.000,1.411,0.4827031,https://api.alintaenergy.com.au/v1/myaccount/bff
2026-03-21T18:00:00.000,2.149,0.7351729,https://api.alintaenergy.com.au/v1/myaccount/bff
2026-03-21T19:00:00.000,1.322,0.4522562,https://api.alintaenergy.com.au/v1/myaccount/bff
2026-03-21T20:00:00.000,1.24,0.424204,https://api.alintaenergy.com.au/v1/myaccount/bff
2026-03-21T21:00:00.000,1.14,0.389994,https://api.alintaenergy.com.au/v1/myaccount/bff
2026-03-21T22:00:00.000,1.029,0.3520209,https://api.alintaenergy.com.au/v1/myaccount/bff
2026-03-21T23:00:00.000,0.965,0.3301265,https://api.alintaenergy.com.au/v1/myaccount/bff
2026-03-22T00:00:00.000,0.91,0.311311,https://api.alintaenergy.com.au/v1/myaccount/bff
2026-03-22T01:00:00.000,0.895,0.3061795,https://api.alintaenergy.com.au/v1/myaccount/bff
2026-03-22T02:00:00.000,0.928,0.3174688,https://api.alintaenergy.com.au/v1/myaccount/bff
2026-03-22T03:00:00.000,0.89,0.304469,https://api.alintaenergy.com.au/v1/myaccount/bff
2026-03-22T04:00:00.000,0.857,0.2931797,https://api.alintaenergy.com.au/v1/myaccount/bff
2026-03-22T05:00:00.000,0.834,0.2853114,https://api.alintaenergy.com.au/v1/myaccount/bff
2026-03-22T06:00:00.000,0.738,0.2524698,https://api.alintaenergy.com.au/v1/myaccount/bff
2026-03-22T07:00:00.000,0.515,0.1761815,https://api.alintaenergy.com.au/v1/myaccount/bff
2026-03-22T08:00:00.000,0.85,0.290785,https://api.alintaenergy.com.au/v1/myaccount/bff
2026-03-22T09:00:00.000,0.531,0.1816551,https://api.alintaenergy.com.au/v1/myaccount/bff
2026-03-22T10:00:00.000,1.079,0.3691259,https://api.alintaenergy.com.au/v1/myaccount/bff
2026-03-22T11:00:00.000,0.854,0.2921534,https://api.alintaenergy.com.au/v1/myaccount/bff
2026-03-22T12:00:00.000,0.702,0.2401542,https://api.alintaenergy.com.au/v1/myaccount/bff
2026-03-22T13:00:00.000,1.057,0.3615997,https://api.alintaenergy.com.au/v1/myaccount/bff
2026-03-22T14:00:00.000,1.409,0.4820189,https://api.alintaenergy.com.au/v1/myaccount/bff
2026-03-22T15:00:00.000,1.626,0.5562546,https://api.alintaenergy.com.au/v1/myaccount/bff
2026-03-22T16:00:00.000,2.181,0.7461201,https://api.alintaenergy.com.au/v1/myaccount/bff
2026-03-22T17:00:00.000,2.133,0.7296993,https://api.alintaenergy.com.au/v1/myaccount/bff
2026-03-22T18:00:00.000,1.318,0.4508878,https://api.alintaenergy.com.au/v1/myaccount/bff
2026-03-22T19:00:00.000,1.183,0.4047043,https://api.alintaenergy.com.au/v1/myaccount/bff
2026-03-22T20:00:00.000,1.517,0.5189657,https://api.alintaenergy.com.au/v1/myaccount/bff
2026-03-22T21:00:00.000,1.142,0.3906782,https://api.alintaenergy.com.au/v1/myaccount/bff
2026-03-22T22:00:00.000,1.041,0.3561261,https://api.alintaenergy.com.au/v1/myaccount/bff
2026-03-22T23:00:00.000,1.292,0.4419932,https://api.alintaenergy.com.au/v1/myaccount/bff
2026-03-23T00:00:00.000,0.944,0.3229424,https://api.alintaenergy.com.au/v1/myaccount/bff
2026-03-23T01:00:00.000,0.959,0.3280739,https://api.alintaenergy.com.au/v1/myaccount/bff
2026-03-23T02:00:00.000,0.827,0.2829167,https://api.alintaenergy.com.au/v1/myaccount/bff
2026-03-23T03:00:00.000,0.769,0.2630749,https://api.alintaenergy.com.au/v1/myaccount/bff
2026-03-23T04:00:00.000,0.771,0.2637591,https://api.alintaenergy.com.au/v1/myaccount/bff
2026-03-23T05:00:00.000,0.741,0.2534961,https://api.alintaenergy.com.au/v1/myaccount/bff
2026-03-23T06:00:00.000,0.635,0.2172335,https://api.alintaenergy.com.au/v1/myaccount/bff
2026-03-23T07:00:00.000,0.35,0.119735,https://api.alintaenergy.com.au/v1/myaccount/bff
2026-03-23T08:00:00.000,0.235,0.0803935,https://api.alintaenergy.com.au/v1/myaccount/bff
2026-03-23T09:00:00.000,0.549,0.1878129,https://api.alintaenergy.com.au/v1/myaccount/bff
2026-03-23T10:00:00.000,0.262,0.0896302,https://api.alintaenergy.com.au/v1/myaccount/bff
2026-03-23T11:00:00.000,0.149,0.0509729,https://api.alintaenergy.com.au/v1/myaccount/bff
2026-03-23T12:00:00.000,0.56,0.191576,https://api.alintaenergy.com.au/v1/myaccount/bff
2026-03-23T13:00:00.000,0.664,0.2271544,https://api.alintaenergy.com.au/v1/myaccount/bff
2026-03-23T14:00:00.000,0.961,0.3287581,https://api.alintaenergy.com.au/v1/myaccount/bff
2026-03-23T15:00:00.000,0.724,0.2476804,https://api.alintaenergy.com.au/v1/myaccount/bff
2026-03-23T16:00:00.000,1.026,0.3509946,https://api.alintaenergy.com.au/v1/myaccount/bff
2026-03-23T17:00:00.000,1.501,0.5134921,https://api.alintaenergy.com.au/v1/myaccount/bff
2026-03-23T18:00:00.000,1.294,0.4426774,https://api.alintaenergy.com.au/v1/myaccount/bff
2026-03-23T19:00:00.000,0.986,0.3373106,https://api.alintaenergy.com.au/v1/myaccount/bff
2026-03-23T20:00:00.000,0.779,0.2664959,https://api.alintaenergy.com.au/v1/myaccount/bff
2026-03-23T21:00:00.000,0.664,0.2271544,https://api.alintaenergy.com.au/v1/myaccount/bff
2026-03-23T22:00:00.000,0.612,0.2093652,https://api.alintaenergy.com.au/v1/myaccount/bff
2026-03-23T23:00:00.000,0.61,0.208681,https://api.alintaenergy.com.au/v1/myaccount/bff
2026-03-24T00:00:00.000,0.616,0.2107336,https://api.alintaenergy.com.au/v1/myaccount/bff
2026-03-24T01:00:00.000,0.657,0.2247597,https://api.alintaenergy.com.au/v1/myaccount/bff
2026-03-24T02:00:00.000,0.888,0.3037848,https://api.alintaenergy.com.au/v1/myaccount/bff
2026-03-24T03:00:00.000,0.595,0.2035495,https://api.alintaenergy.com.au/v1/myaccount/bff
2026-03-24T04:00:00.000,0.602,0.2059442,https://api.alintaenergy.com.au/v1/myaccount/bff
2026-03-24T05:00:00.000,0.604,0.2066284,https://api.alintaenergy.com.au/v1/myaccount/bff
2026-03-24T06:00:00.000,0.575,0.1967075,https://api.alintaenergy.com.au/v1/myaccount/bff
2026-03-24T07:00:00.000,0.5,0.17105,https://api.alintaenergy.com.au/v1/myaccount/bff
2026-03-24T08:00:00.000,0.089,0.0304469,https://api.alintaenergy.com.au/v1/myaccount/bff
2026-03-24T09:00:00.000,0.082,0.0280522,https://api.alintaenergy.com.au/v1/myaccount/bff
2026-03-24T10:00:00.000,0.842,0.2880482,https://api.alintaenergy.com.au/v1/myaccount/bff
2026-03-24T11:00:00.000,0.836,0.2859956,https://api.alintaenergy.com.au/v1/myaccount/bff
2026-03-24T12:00:00.000,1.268,0.4337828,https://api.alintaenergy.com.au/v1/myaccount/bff
2026-03-24T13:00:00.000,0.288,0.0985248,https://api.alintaenergy.com.au/v1/myaccount/bff
2026-03-24T14:00:00.000,0.605,0.2069705,https://api.alintaenergy.com.au/v1/myaccount/bff
2026-03-24T15:00:00.000,0.722,0.2469962,https://api.alintaenergy.com.au/v1/myaccount/bff
2026-03-24T16:00:00.000,1.041,0.3561261,https://api.alintaenergy.com.au/v1/myaccount/bff
2026-03-24T17:00:00.000,1.099,0.3759679,https://api.alintaenergy.com.au/v1/myaccount/bff
2026-03-24T18:00:00.000,2.355,0.8056455,https://api.alintaenergy.com.au/v1/myaccount/bff
2026-03-24T19:00:00.000,1.915,0.6551215,https://api.alintaenergy.com.au/v1/myaccount/bff
2026-03-24T20:00:00.000,1.835,0.6277535,https://api.alintaenergy.com.au/v1/myaccount/bff
2026-03-24T21:00:00.000,1.266,0.4330986,https://api.alintaenergy.com.au/v1/myaccount/bff
2026-03-24T22:00:00.000,0.788,0.2695748,https://api.alintaenergy.com.au/v1/myaccount/bff
2026-03-24T23:00:00.000,0.76,0.259996,https://api.alintaenergy.com.au/v1/myaccount/bff
2026-03-25T00:00:00.000,0.649,0.2220229,https://api.alintaenergy.com.au/v1/myaccount/bff
2026-03-25T01:00:00.000,0.62,0.212102,https://api.alintaenergy.com.au/v1/myaccount/bff
2026-03-25T02:00:00.000,0.613,0.2097073,https://api.alintaenergy.com.au/v1/myaccount/bff
2026-03-25T03:00:00.000,0.641,0.2192861,https://api.alintaenergy.com.au/v1/myaccount/bff
2026-03-25T04:00:00.000,0.724,0.2476804,https://api.alintaenergy.com.au/v1/myaccount/bff
2026-03-25T05:00:00.000,0.608,0.2079968,https://api.alintaenergy.com.au/v1/myaccount/bff
2026-03-25T06:00:00.000,0.594,0.2032074,https://api.alintaenergy.com.au/v1/myaccount/bff
2026-03-25T07:00:00.000,0.189,0.0646569,https://api.alintaenergy.com.au/v1/myaccount/bff
2026-03-25T08:00:00.000,0.342,0.1169982,https://api.alintaenergy.com.au/v1/myaccount/bff
2026-03-25T09:00:00.000,0.022,0.0075262,https://api.alintaenergy.com.au/v1/myaccount/bff
2026-03-25T10:00:00.000,0.001,0.0003421,https://api.alintaenergy.com.au/v1/myaccount/bff
2026-03-25T11:00:00.000,0,0,https://api.alintaenergy.com.au/v1/myaccount/bff
2026-03-25T12:00:00.000,0,0,https://api.alintaenergy.com.au/v1/myaccount/bff
2026-03-25T13:00:00.000,0.32,0.109472,https://api.alintaenergy.com.au/v1/myaccount/bff
2026-03-25T14:00:00.000,1.077,0.3684417,https://api.alintaenergy.com.au/v1/myaccount/bff
2026-03-25T15:00:00.000,1.167,0.3992307,https://api.alintaenergy.com.au/v1/myaccount/bff
2026-03-25T16:00:00.000,1.696,0.5802016,https://api.alintaenergy.com.au/v1/myaccount/bff
2026-03-25T17:00:00.000,1.387,0.4744927,https://api.alintaenergy.com.au/v1/myaccount/bff
2026-03-25T18:00:00.000,1.856,0.6349376,https://api.alintaenergy.com.au/v1/myaccount/bff
2026-03-25T19:00:00.000,1.556,0.5323076,https://api.alintaenergy.com.au/v1/myaccount/bff
2026-03-25T20:00:00.000,1.298,0.4440458,https://api.alintaenergy.com.au/v1/myaccount/bff
2026-03-25T21:00:00.000,0.816,0.2791536,https://api.alintaenergy.com.au/v1/myaccount/bff
2026-03-25T22:00:00.000,0.69,0.236049,https://api.alintaenergy.com.au/v1/myaccount/bff
2026-03-25T23:00:00.000,0.934,0.3195214,https://api.alintaenergy.com.au/v1/myaccount/bff
2026-03-26T00:00:00.000,0.626,0.2141546,https://api.alintaenergy.com.au/v1/myaccount/bff
2026-03-26T01:00:00.000,0.649,0.2220229,https://api.alintaenergy.com.au/v1/myaccount/bff
2026-03-26T02:00:00.000,0.897,0.3068637,https://api.alintaenergy.com.au/v1/myaccount/bff
2026-03-26T03:00:00.000,0.585,0.2001285,https://api.alintaenergy.com.au/v1/myaccount/bff
2026-03-26T04:00:00.000,0.591,0.2021811,https://api.alintaenergy.com.au/v1/myaccount/bff
2026-03-26T05:00:00.000,0.711,0.2432331,https://api.alintaenergy.com.au/v1/myaccount/bff
2026-03-26T06:00:00.000,0.745,0.2548645,https://api.alintaenergy.com.au/v1/myaccount/bff
2026-03-26T07:00:00.000,1.078,0.3687838,https://api.alintaenergy.com.au/v1/myaccount/bff
2026-03-26T08:00:00.000,0.609,0.2083389,https://api.alintaenergy.com.au/v1/myaccount/bff
2026-03-26T09:00:00.000,0.008,0.0027368,https://api.alintaenergy.com.au/v1/myaccount/bff
2026-03-26T10:00:00.000,0.001,0.0003421,https://api.alintaenergy.com.au/v1/myaccount/bff
2026-03-26T11:00:00.000,0.025,0.0085525,https://api.alintaenergy.com.au/v1/myaccount/bff
2026-03-26T12:00:00.000,0.09,0.030789,https://api.alintaenergy.com.au/v1/myaccount/bff
2026-03-26T13:00:00.000,0.063,0.0215523,https://api.alintaenergy.com.au/v1/myaccount/bff
2026-03-26T14:00:00.000,0.383,0.1310243,https://api.alintaenergy.com.au/v1/myaccount/bff
2026-03-26T15:00:00.000,0.595,0.2035495,https://api.alintaenergy.com.au/v1/myaccount/bff
2026-03-26T16:00:00.000,1.127,0.3855467,https://api.alintaenergy.com.au/v1/myaccount/bff
2026-03-26T17:00:00.000,2.383,0.8152243,https://api.alintaenergy.com.au/v1/myaccount/bff
2026-03-26T18:00:00.000,1.724,0.5897804,https://api.alintaenergy.com.au/v1/myaccount/bff
2026-03-26T19:00:00.000,1.476,0.5049396,https://api.alintaenergy.com.au/v1/myaccount/bff
2026-03-26T20:00:00.000,1.782,0.6096222,https://api.alintaenergy.com.au/v1/myaccount/bff
2026-03-26T21:00:00.000,1.111,0.3800731,https://api.alintaenergy.com.au/v1/myaccount/bff
2026-03-26T22:00:00.000,0.797,0.2726537,https://api.alintaenergy.com.au/v1/myaccount/bff
2026-03-26T23:00:00.000,0.787,0.2692327,https://api.alintaenergy.com.au/v1/myaccount/bff
2026-03-27T00:00:00.000,0.766,0.2620486,https://api.alintaenergy.com.au/v1/myaccount/bff
2026-03-27T01:00:00.000,1.103,0.3773363,https://api.alintaenergy.com.au/v1/myaccount/bff
2026-03-27T02:00:00.000,1.134,0.3879414,https://api.alintaenergy.com.au/v1/myaccount/bff
2026-03-27T03:00:00.000,1.129,0.3862309,https://api.alintaenergy.com.au/v1/myaccount/bff
2026-03-27T04:00:00.000,1.093,0.3739153,https://api.alintaenergy.com.au/v1/myaccount/bff
2026-03-27T05:00:00.000,0.818,0.2798378,https://api.alintaenergy.com.au/v1/myaccount/bff
2026-03-27T06:00:00.000,0.823,0.2815483,https://api.alintaenergy.com.au/v1/myaccount/bff
2026-03-27T07:00:00.000,0.454,0.1553134,https://api.alintaenergy.com.au/v1/myaccount/bff
2026-03-27T08:00:00.000,0.273,0.0933933,https://api.alintaenergy.com.au/v1/myaccount/bff
2026-03-27T09:00:00.000,0.046,0.0157366,https://api.alintaenergy.com.au/v1/myaccount/bff
2026-03-27T10:00:00.000,0.038,0.0129998,https://api.alintaenergy.com.au/v1/myaccount/bff
2026-03-27T11:00:00.000,0.08,0.027368,https://api.alintaenergy.com.au/v1/myaccount/bff
2026-03-27T12:00:00.000,0.012,0.0041052,https://api.alintaenergy.com.au/v1/myaccount/bff
2026-03-27T13:00:00.000,0.007,0.0023947,https://api.alintaenergy.com.au/v1/myaccount/bff
2026-03-27T14:00:00.000,0.077,0.0263417,https://api.alintaenergy.com.au/v1/myaccount/bff
2026-03-27T15:00:00.000,0.718,0.2456278,https://api.alintaenergy.com.au/v1/myaccount/bff
2026-03-27T16:00:00.000,1.201,0.4108621,https://api.alintaenergy.com.au/v1/myaccount/bff
2026-03-27T17:00:00.000,0.895,0.3061795,https://api.alintaenergy.com.au/v1/myaccount/bff
2026-03-27T18:00:00.000,0.763,0.2610223,https://api.alintaenergy.com.au/v1/myaccount/bff
2026-03-27T19:00:00.000,1.083,0.3704943,https://api.alintaenergy.com.au/v1/myaccount/bff
2026-03-27T20:00:00.000,0.842,0.2880482,https://api.alintaenergy.com.au/v1/myaccount/bff
2026-03-27T21:00:00.000,0.719,0.2459699,https://api.alintaenergy.com.au/v1/myaccount/bff
2026-03-27T22:00:00.000,0.691,0.2363911,https://api.alintaenergy.com.au/v1/myaccount/bff
2026-03-27T23:00:00.000,0.844,0.2887324,https://api.alintaenergy.com.au/v1/myaccount/bff
2026-03-28T00:00:00.000,0.536,0.1833656,https://api.alintaenergy.com.au/v1/myaccount/bff
2026-03-28T01:00:00.000,0.58,0.198418,https://api.alintaenergy.com.au/v1/myaccount/bff
2026-03-28T02:00:00.000,0.847,0.2897587,https://api.alintaenergy.com.au/v1/myaccount/bff
2026-03-28T03:00:00.000,0.52,0.177892,https://api.alintaenergy.com.au/v1/myaccount/bff
2026-03-28T04:00:00.000,0.559,0.1912339,https://api.alintaenergy.com.au/v1/myaccount/bff
2026-03-28T05:00:00.000,0.516,0.1765236,https://api.alintaenergy.com.au/v1/myaccount/bff
2026-03-28T06:00:00.000,0.515,0.1761815,https://api.alintaenergy.com.au/v1/myaccount/bff
2026-03-28T07:00:00.000,0.279,0.0954459,https://api.alintaenergy.com.au/v1/myaccount/bff
2026-03-28T08:00:00.000,0.006,0.0020526,https://api.alintaenergy.com.au/v1/myaccount/bff
2026-03-28T09:00:00.000,0.361,0.1234981,https://api.alintaenergy.com.au/v1/myaccount/bff
2026-03-28T10:00:00.000,0.548,0.1874708,https://api.alintaenergy.com.au/v1/myaccount/bff
2026-03-28T11:00:00.000,0.309,0.1057089,https://api.alintaenergy.com.au/v1/myaccount/bff
2026-03-28T12:00:00.000,0.523,0.1789183,https://api.alintaenergy.com.au/v1/myaccount/bff
2026-03-28T13:00:00.000,0.349,0.1193929,https://api.alintaenergy.com.au/v1/myaccount/bff
2026-03-28T14:00:00.000,1.848,0.6322008,https://api.alintaenergy.com.au/v1/myaccount/bff
2026-03-28T15:00:00.000,0.568,0.1943128,https://api.alintaenergy.com.au/v1/myaccount/bff
2026-03-28T16:00:00.000,2.042,0.6985682,https://api.alintaenergy.com.au/v1/myaccount/bff
2026-03-28T17:00:00.000,0.72,0.246312,https://api.alintaenergy.com.au/v1/myaccount/bff
2026-03-28T18:00:00.000,1.345,0.4601245,https://api.alintaenergy.com.au/v1/myaccount/bff
2026-03-28T19:00:00.000,1.626,0.5562546,https://api.alintaenergy.com.au/v1/myaccount/bff
2026-03-28T20:00:00.000,1.31,0.448151,https://api.alintaenergy.com.au/v1/myaccount/bff
2026-03-28T21:00:00.000,1.638,0.5603598,https://api.alintaenergy.com.au/v1/myaccount/bff
2026-03-28T22:00:00.000,1.009,0.3451789,https://api.alintaenergy.com.au/v1/myaccount/bff
2026-03-28T23:00:00.000,0.901,0.3082321,https://api.alintaenergy.com.au/v1/myaccount/bff
2026-03-29T00:00:00.000,0.861,0.2945481,https://api.alintaenergy.com.au/v1/myaccount/bff
2026-03-29T01:00:00.000,0.849,0.2904429,https://api.alintaenergy.com.au/v1/myaccount/bff
2026-03-29T02:00:00.000,0.759,0.2596539,https://api.alintaenergy.com.au/v1/myaccount/bff
2026-03-29T03:00:00.000,0.658,0.2251018,https://api.alintaenergy.com.au/v1/myaccount/bff
2026-03-29T04:00:00.000,0.629,0.2151809,https://api.alintaenergy.com.au/v1/myaccount/bff
2026-03-29T05:00:00.000,0.646,0.2209966,https://api.alintaenergy.com.au/v1/myaccount/bff
2026-03-29T06:00:00.000,0.547,0.1871287,https://api.alintaenergy.com.au/v1/myaccount/bff
2026-03-29T07:00:00.000,0.148,0.0506308,https://api.alintaenergy.com.au/v1/myaccount/bff
2026-03-29T08:00:00.000,0.132,0.0451572,https://api.alintaenergy.com.au/v1/myaccount/bff
2026-03-29T09:00:00.000,0.036,0.0123156,https://api.alintaenergy.com.au/v1/myaccount/bff
2026-03-29T10:00:00.000,0.129,0.0441309,https://api.alintaenergy.com.au/v1/myaccount/bff
2026-03-29T11:00:00.000,0.317,0.1084457,https://api.alintaenergy.com.au/v1/myaccount/bff
2026-03-29T12:00:00.000,0.193,0.0660253,https://api.alintaenergy.com.au/v1/myaccount/bff
2026-03-29T13:00:00.000,0.419,0.1433399,https://api.alintaenergy.com.au/v1/myaccount/bff
2026-03-29T14:00:00.000,0.23,0.078683,https://api.alintaenergy.com.au/v1/myaccount/bff
2026-03-29T15:00:00.000,0.356,0.1217876,https://api.alintaenergy.com.au/v1/myaccount/bff
2026-03-29T16:00:00.000,1.448,0.4953608,https://api.alintaenergy.com.au/v1/myaccount/bff
2026-03-29T17:00:00.000,1.078,0.3687838,https://api.alintaenergy.com.au/v1/myaccount/bff
2026-03-29T18:00:00.000,1.32,0.451572,https://api.alintaenergy.com.au/v1/myaccount/bff
2026-03-29T19:00:00.000,1.344,0.4597824,https://api.alintaenergy.com.au/v1/myaccount/bff
2026-03-29T20:00:00.000,1.239,0.4238619,https://api.alintaenergy.com.au/v1/myaccount/bff
2026-03-29T21:00:00.000,1.008,0.3448368,https://api.alintaenergy.com.au/v1/myaccount/bff
2026-03-29T22:00:00.000,0.898,0.3072058,https://api.alintaenergy.com.au/v1/myaccount/bff
2026-03-29T23:00:00.000,1.147,0.3923887,https://api.alintaenergy.com.au/v1/myaccount/bff
2026-03-30T00:00:00.000,0.888,0.3037848,https://api.alintaenergy.com.au/v1/myaccount/bff
2026-03-30T01:00:00.000,0.802,0.2743642,https://api.alintaenergy.com.au/v1/myaccount/bff
2026-03-30T02:00:00.000,1.118,0.3824678,https://api.alintaenergy.com.au/v1/myaccount/bff
2026-03-30T03:00:00.000,0.718,0.2456278,https://api.alintaenergy.com.au/v1/myaccount/bff
2026-03-30T04:00:00.000,0.722,0.2469962,https://api.alintaenergy.com.au/v1/myaccount/bff
2026-03-30T05:00:00.000,0.556,0.1902076,https://api.alintaenergy.com.au/v1/myaccount/bff
2026-03-30T06:00:00.000,0.493,0.1686553,https://api.alintaenergy.com.au/v1/myaccount/bff
2026-03-30T07:00:00.000,0.853,0.2918113,https://api.alintaenergy.com.au/v1/myaccount/bff
2026-03-30T08:00:00.000,0.32,0.109472,https://api.alintaenergy.com.au/v1/myaccount/bff
2026-03-30T09:00:00.000,1.293,0.4423353,https://api.alintaenergy.com.au/v1/myaccount/bff
2026-03-30T10:00:00.000,0.183,0.0626043,https://api.alintaenergy.com.au/v1/myaccount/bff
2026-03-30T11:00:00.000,0.158,0.0540518,https://api.alintaenergy.com.au/v1/myaccount/bff
2026-03-30T12:00:00.000,1.595,0.5456495,https://api.alintaenergy.com.au/v1/myaccount/bff
2026-03-30T13:00:00.000,1.489,0.5093869,https://api.alintaenergy.com.au/v1/myaccount/bff
2026-03-30T14:00:00.000,0.373,0.1276033,https://api.alintaenergy.com.au/v1/myaccount/bff
2026-03-30T15:00:00.000,0.337,0.1152877,https://api.alintaenergy.com.au/v1/myaccount/bff
2026-03-30T16:00:00.000,0.7,0.23947,https://api.alintaenergy.com.au/v1/myaccount/bff
2026-03-30T17:00:00.000,1.586,0.5425706,https://api.alintaenergy.com.au/v1/myaccount/bff
2026-03-30T18:00:00.000,1.37,0.468677,https://api.alintaenergy.com.au/v1/myaccount/bff
2026-03-30T19:00:00.000,1.295,0.4430195,https://api.alintaenergy.com.au/v1/myaccount/bff
2026-03-30T20:00:00.000,1.889,0.6462269,https://api.alintaenergy.com.au/v1/myaccount/bff
2026-03-30T21:00:00.000,1.071,0.3663891,https://api.alintaenergy.com.au/v1/myaccount/bff
2026-03-30T22:00:00.000,1.285,0.4395985,https://api.alintaenergy.com.au/v1/myaccount/bff
2026-03-30T23:00:00.000,0.915,0.3130215,https://api.alintaenergy.com.au/v1/myaccount/bff
2026-03-31T00:00:00.000,0.832,0.2846272,https://api.alintaenergy.com.au/v1/myaccount/bff
2026-03-31T01:00:00.000,1.109,0.3793889,https://api.alintaenergy.com.au/v1/myaccount/bff
2026-03-31T02:00:00.000,1.148,0.3927308,https://api.alintaenergy.com.au/v1/myaccount/bff
2026-03-31T03:00:00.000,0.717,0.2452857,https://api.alintaenergy.com.au/v1/myaccount/bff
2026-03-31T04:00:00.000,0.714,0.2442594,https://api.alintaenergy.com.au/v1/myaccount/bff
2026-03-31T05:00:00.000,0.686,0.2346806,https://api.alintaenergy.com.au/v1/myaccount/bff
2026-03-31T06:00:00.000,0.59,0.201839,https://api.alintaenergy.com.au/v1/myaccount/bff
2026-03-31T07:00:00.000,0.362,0.1238402,https://api.alintaenergy.com.au/v1/myaccount/bff
2026-03-31T08:00:00.000,0.171,0.0584991,https://api.alintaenergy.com.au/v1/myaccount/bff
2026-03-31T09:00:00.000,0.22,0.075262,https://api.alintaenergy.com.au/v1/myaccount/bff
2026-03-31T10:00:00.000,0.37,0.126577,https://api.alintaenergy.com.au/v1/myaccount/bff
2026-03-31T11:00:00.000,0.418,0.1429978,https://api.alintaenergy.com.au/v1/myaccount/bff
2026-03-31T12:00:00.000,0.721,0.2466541,https://api.alintaenergy.com.au/v1/myaccount/bff
2026-03-31T13:00:00.000,0.387,0.1323927,https://api.alintaenergy.com.au/v1/myaccount/bff
2026-03-31T14:00:00.000,0.585,0.2001285,https://api.alintaenergy.com.au/v1/myaccount/bff
2026-03-31T15:00:00.000,0.682,0.2333122,https://api.alintaenergy.com.au/v1/myaccount/bff
2026-03-31T16:00:00.000,0.788,0.2695748,https://api.alintaenergy.com.au/v1/myaccount/bff
2026-03-31T17:00:00.000,1.128,0.3858888,https://api.alintaenergy.com.au/v1/myaccount/bff
2026-03-31T18:00:00.000,1.082,0.3701522,https://api.alintaenergy.com.au/v1/myaccount/bff
2026-03-31T19:00:00.000,1.159,0.3964939,https://api.alintaenergy.com.au/v1/myaccount/bff
2026-03-31T20:00:00.000,0.998,0.3414158,https://api.alintaenergy.com.au/v1/myaccount/bff
2026-03-31T21:00:00.000,0.836,0.2859956,https://api.alintaenergy.com.au/v1/myaccount/bff
2026-03-31T22:00:00.000,0.812,0.2777852,https://api.alintaenergy.com.au/v1/myaccount/bff
2026-03-31T23:00:00.000,0.789,0.2699169,https://api.alintaenergy.com.au/v1/myaccount/bff
2026-02-01T00:00:00.000,0.8,0.27368,https://api.alintaenergy.com.au/v1/myaccount/bff
2026-02-01T01:00:00.000,1.022,0.3496262,https://api.alintaenergy.com.au/v1/myaccount/bff
2026-02-01T02:00:00.000,0.752,0.2572592,https://api.alintaenergy.com.au/v1/myaccount/bff
2026-02-01T03:00:00.000,0.733,0.2507593,https://api.alintaenergy.com.au/v1/myaccount/bff
2026-02-01T04:00:00.000,1.047,0.3581787,https://api.alintaenergy.com.au/v1/myaccount/bff
2026-02-01T05:00:00.000,1.114,0.3810994,https://api.alintaenergy.com.au/v1/myaccount/bff
2026-02-01T06:00:00.000,1.01,0.345521,https://api.alintaenergy.com.au/v1/myaccount/bff
2026-02-01T07:00:00.000,0.715,0.2446015,https://api.alintaenergy.com.au/v1/myaccount/bff
2026-02-01T08:00:00.000,0.156,0.0533676,https://api.alintaenergy.com.au/v1/myaccount/bff
2026-02-01T09:00:00.000,0.26,0.088946,https://api.alintaenergy.com.au/v1/myaccount/bff
2026-02-01T10:00:00.000,0.258,0.0882618,https://api.alintaenergy.com.au/v1/myaccount/bff
2026-02-01T11:00:00.000,1.206,0.4125726,https://api.alintaenergy.com.au/v1/myaccount/bff
2026-02-01T12:00:00.000,1.326,0.4536246,https://api.alintaenergy.com.au/v1/myaccount/bff
2026-02-01T13:00:00.000,1.177,0.4026517,https://api.alintaenergy.com.au/v1/myaccount/bff
2026-02-01T14:00:00.000,1.513,0.5175973,https://api.alintaenergy.com.au/v1/myaccount/bff
2026-02-01T15:00:00.000,2.199,0.7522779,https://api.alintaenergy.com.au/v1/myaccount/bff
2026-02-01T16:00:00.000,1.618,0.5535178,https://api.alintaenergy.com.au/v1/myaccount/bff
2026-02-01T17:00:00.000,1.909,0.6530689,https://api.alintaenergy.com.au/v1/myaccount/bff
2026-02-01T18:00:00.000,1.805,0.6174905,https://api.alintaenergy.com.au/v1/myaccount/bff
2026-02-01T19:00:00.000,2.112,0.7225152,https://api.alintaenergy.com.au/v1/myaccount/bff
2026-02-01T20:00:00.000,1.656,0.5665176,https://api.alintaenergy.com.au/v1/myaccount/bff
2026-02-01T21:00:00.000,1.068,0.3653628,https://api.alintaenergy.com.au/v1/myaccount/bff
2026-02-01T22:00:00.000,0.807,0.2760747,https://api.alintaenergy.com.au/v1/myaccount/bff
2026-02-01T23:00:00.000,1.251,0.4279671,https://api.alintaenergy.com.au/v1/myaccount/bff
2026-02-02T00:00:00.000,0.855,0.2924955,https://api.alintaenergy.com.au/v1/myaccount/bff
2026-02-02T01:00:00.000,0.804,0.2750484,https://api.alintaenergy.com.au/v1/myaccount/bff
2026-02-02T02:00:00.000,1.135,0.3882835,https://api.alintaenergy.com.au/v1/myaccount/bff
2026-02-02T03:00:00.000,0.757,0.2589697,https://api.alintaenergy.com.au/v1/myaccount/bff
2026-02-02T04:00:00.000,0.681,0.2329701,https://api.alintaenergy.com.au/v1/myaccount/bff
2026-02-02T05:00:00.000,0.907,0.3102847,https://api.alintaenergy.com.au/v1/myaccount/bff
2026-02-02T06:00:00.000,1.585,0.5422285,https://api.alintaenergy.com.au/v1/myaccount/bff
2026-02-02T07:00:00.000,1.629,0.5572809,https://api.alintaenergy.com.au/v1/myaccount/bff
2026-02-02T08:00:00.000,0.793,0.2712853,https://api.alintaenergy.com.au/v1/myaccount/bff
2026-02-02T09:00:00.000,0.87,0.297627,https://api.alintaenergy.com.au/v1/myaccount/bff
2026-02-02T10:00:00.000,1.082,0.3701522,https://api.alintaenergy.com.au/v1/myaccount/bff
2026-02-02T11:00:00.000,1.15,0.393415,https://api.alintaenergy.com.au/v1/myaccount/bff
2026-02-02T12:00:00.000,1.39,0.475519,https://api.alintaenergy.com.au/v1/myaccount/bff
2026-02-02T13:00:00.000,1.497,0.5121237,https://api.alintaenergy.com.au/v1/myaccount/bff
2026-02-02T14:00:00.000,1.332,0.4556772,https://api.alintaenergy.com.au/v1/myaccount/bff
2026-02-02T15:00:00.000,1.246,0.4262566,https://api.alintaenergy.com.au/v1/myaccount/bff
2026-02-02T16:00:00.000,1.381,0.4724401,https://api.alintaenergy.com.au/v1/myaccount/bff
2026-02-02T17:00:00.000,1.317,0.4505457,https://api.alintaenergy.com.au/v1/myaccount/bff
2026-02-02T18:00:00.000,2.67,0.913407,https://api.alintaenergy.com.au/v1/myaccount/bff
2026-02-02T19:00:00.000,1.218,0.4166778,https://api.alintaenergy.com.au/v1/myaccount/bff
2026-02-02T20:00:00.000,2.671,0.9137491,https://api.alintaenergy.com.au/v1/myaccount/bff
2026-02-02T21:00:00.000,2.031,0.6948051,https://api.alintaenergy.com.au/v1/myaccount/bff
2026-02-02T22:00:00.000,1.512,0.5172552,https://api.alintaenergy.com.au/v1/myaccount/bff
2026-02-02T23:00:00.000,1.068,0.3653628,https://api.alintaenergy.com.au/v1/myaccount/bff
2026-02-03T00:00:00.000,1.145,0.3917045,https://api.alintaenergy.com.au/v1/myaccount/bff
2026-02-03T01:00:00.000,1.347,0.4608087,https://api.alintaenergy.com.au/v1/myaccount/bff
2026-02-03T02:00:00.000,1.384,0.4734664,https://api.alintaenergy.com.au/v1/myaccount/bff
2026-02-03T03:00:00.000,1.008,0.3448368,https://api.alintaenergy.com.au/v1/myaccount/bff
2026-02-03T04:00:00.000,0.865,0.2959165,https://api.alintaenergy.com.au/v1/myaccount/bff
2026-02-03T05:00:00.000,0.967,0.3308107,https://api.alintaenergy.com.au/v1/myaccount/bff
2026-02-03T06:00:00.000,0.902,0.3085742,https://api.alintaenergy.com.au/v1/myaccount/bff
2026-02-03T07:00:00.000,0.629,0.2151809,https://api.alintaenergy.com.au/v1/myaccount/bff
2026-02-03T08:00:00.000,0.663,0.2268123,https://api.alintaenergy.com.au/v1/myaccount/bff
2026-02-03T09:00:00.000,0.667,0.2281807,https://api.alintaenergy.com.au/v1/myaccount/bff
2026-02-03T10:00:00.000,0.456,0.1559976,https://api.alintaenergy.com.au/v1/myaccount/bff
2026-02-03T11:00:00.000,0.438,0.1498398,https://api.alintaenergy.com.au/v1/myaccount/bff
2026-02-03T12:00:00.000,0.994,0.3400474,https://api.alintaenergy.com.au/v1/myaccount/bff
2026-02-03T13:00:00.000,1.021,0.3492841,https://api.alintaenergy.com.au/v1/myaccount/bff
2026-02-03T14:00:00.000,0.722,0.2469962,https://api.alintaenergy.com.au/v1/myaccount/bff
2026-02-03T15:00:00.000,0.897,0.3068637,https://api.alintaenergy.com.au/v1/myaccount/bff
2026-02-03T16:00:00.000,1.157,0.3958097,https://api.alintaenergy.com.au/v1/myaccount/bff
2026-02-03T17:00:00.000,1.226,0.4194146,https://api.alintaenergy.com.au/v1/myaccount/bff
2026-02-03T18:00:00.000,0.959,0.3280739,https://api.alintaenergy.com.au/v1/myaccount/bff
2026-02-03T19:00:00.000,1.377,0.4710717,https://api.alintaenergy.com.au/v1/myaccount/bff
2026-02-03T20:00:00.000,1.455,0.4977555,https://api.alintaenergy.com.au/v1/myaccount/bff
2026-02-03T21:00:00.000,1.101,0.3766521,https://api.alintaenergy.com.au/v1/myaccount/bff
2026-02-03T22:00:00.000,1.012,0.3462052,https://api.alintaenergy.com.au/v1/myaccount/bff
2026-02-03T23:00:00.000,0.893,0.3054953,https://api.alintaenergy.com.au/v1/myaccount/bff
2026-02-04T00:00:00.000,0.661,0.2261281,https://api.alintaenergy.com.au/v1/myaccount/bff
2026-02-04T01:00:00.000,0.776,0.2654696,https://api.alintaenergy.com.au/v1/myaccount/bff
2026-02-04T02:00:00.000,0.973,0.3328633,https://api.alintaenergy.com.au/v1/myaccount/bff
2026-02-04T03:00:00.000,0.626,0.2141546,https://api.alintaenergy.com.au/v1/myaccount/bff
2026-02-04T04:00:00.000,0.615,0.2103915,https://api.alintaenergy.com.au/v1/myaccount/bff
2026-02-04T05:00:00.000,0.553,0.1891813,https://api.alintaenergy.com.au/v1/myaccount/bff
2026-02-04T06:00:00.000,0.742,0.2538382,https://api.alintaenergy.com.au/v1/myaccount/bff
2026-02-04T07:00:00.000,0.38,0.129998,https://api.alintaenergy.com.au/v1/myaccount/bff
2026-02-04T08:00:00.000,0.164,0.0561044,https://api.alintaenergy.com.au/v1/myaccount/bff
2026-02-04T09:00:00.000,0.124,0.0424204,https://api.alintaenergy.com.au/v1/myaccount/bff
2026-02-04T10:00:00.000,0.184,0.0629464,https://api.alintaenergy.com.au/v1/myaccount/bff
2026-02-04T11:00:00.000,0.144,0.0492624,https://api.alintaenergy.com.au/v1/myaccount/bff
2026-02-04T12:00:00.000,0.591,0.2021811,https://api.alintaenergy.com.au/v1/myaccount/bff
2026-02-04T13:00:00.000,1.133,0.3875993,https://api.alintaenergy.com.au/v1/myaccount/bff
2026-02-04T14:00:00.000,1.012,0.3462052,https://api.alintaenergy.com.au/v1/myaccount/bff
2026-02-04T15:00:00.000,0.799,0.2733379,https://api.alintaenergy.com.au/v1/myaccount/bff
2026-02-04T16:00:00.000,1.066,0.3646786,https://api.alintaenergy.com.au/v1/myaccount/bff
2026-02-04T17:00:00.000,1.413,0.4833873,https://api.alintaenergy.com.au/v1/myaccount/bff
2026-02-04T18:00:00.000,1.67,0.571307,https://api.alintaenergy.com.au/v1/myaccount/bff
2026-02-04T19:00:00.000,1.412,0.4830452,https://api.alintaenergy.com.au/v1/myaccount/bff
2026-02-04T20:00:00.000,1.297,0.4437037,https://api.alintaenergy.com.au/v1/myaccount/bff
2026-02-04T21:00:00.000,1.123,0.3841783,https://api.alintaenergy.com.au/v1/myaccount/bff
2026-02-04T22:00:00.000,1.551,0.5305971,https://api.alintaenergy.com.au/v1/myaccount/bff
2026-02-04T23:00:00.000,1.282,0.4385722,https://api.alintaenergy.com.au/v1/myaccount/bff
2026-02-05T00:00:00.000,1.041,0.3561261,https://api.alintaenergy.com.au/v1/myaccount/bff
2026-02-05T01:00:00.000,1.354,0.4632034,https://api.alintaenergy.com.au/v1/myaccount/bff
2026-02-05T02:00:00.000,1.289,0.4409669,https://api.alintaenergy.com.au/v1/myaccount/bff
2026-02-05T03:00:00.000,0.732,0.2504172,https://api.alintaenergy.com.au/v1/myaccount/bff
2026-02-05T04:00:00.000,0.695,0.2377595,https://api.alintaenergy.com.au/v1/myaccount/bff
2026-02-05T05:00:00.000,0.752,0.2572592,https://api.alintaenergy.com.au/v1/myaccount/bff
2026-02-05T06:00:00.000,1.246,0.4262566,https://api.alintaenergy.com.au/v1/myaccount/bff
2026-02-05T07:00:00.000,1.363,0.4662823,https://api.alintaenergy.com.au/v1/myaccount/bff
2026-02-05T08:00:00.000,1.322,0.4522562,https://api.alintaenergy.com.au/v1/myaccount/bff
2026-02-05T09:00:00.000,0.617,0.2110757,https://api.alintaenergy.com.au/v1/myaccount/bff
2026-02-05T10:00:00.000,0.023,0.0078683,https://api.alintaenergy.com.au/v1/myaccount/bff
2026-02-05T11:00:00.000,1.432,0.4898872,https://api.alintaenergy.com.au/v1/myaccount/bff
2026-02-05T12:00:00.000,1.002,0.3427842,https://api.alintaenergy.com.au/v1/myaccount/bff
2026-02-05T13:00:00.000,1.03,0.352363,https://api.alintaenergy.com.au/v1/myaccount/bff
2026-02-05T14:00:00.000,1.062,0.3633102,https://api.alintaenergy.com.au/v1/myaccount/bff
2026-02-05T15:00:00.000,1.585,0.5422285,https://api.alintaenergy.com.au/v1/myaccount/bff
2026-02-05T16:00:00.000,1.367,0.4676507,https://api.alintaenergy.com.au/v1/myaccount/bff
2026-02-05T17:00:00.000,2.301,0.7871721,https://api.alintaenergy.com.au/v1/myaccount/bff
2026-02-05T18:00:00.000,2.147,0.7344887,https://api.alintaenergy.com.au/v1/myaccount/bff
2026-02-05T19:00:00.000,2.049,0.7009629,https://api.alintaenergy.com.au/v1/myaccount/bff
2026-02-05T20:00:00.000,1.343,0.4594403,https://api.alintaenergy.com.au/v1/myaccount/bff
2026-02-05T21:00:00.000,0.848,0.2901008,https://api.alintaenergy.com.au/v1/myaccount/bff
2026-02-05T22:00:00.000,0.726,0.2483646,https://api.alintaenergy.com.au/v1/myaccount/bff
2026-02-05T23:00:00.000,0.671,0.2295491,https://api.alintaenergy.com.au/v1/myaccount/bff
2026-02-06T00:00:00.000,0.669,0.2288649,https://api.alintaenergy.com.au/v1/myaccount/bff
2026-02-06T01:00:00.000,0.73,0.249733,https://api.alintaenergy.com.au/v1/myaccount/bff
2026-02-06T02:00:00.000,1.052,0.3598892,https://api.alintaenergy.com.au/v1/myaccount/bff
2026-02-06T03:00:00.000,1.337,0.4573877,https://api.alintaenergy.com.au/v1/myaccount/bff
2026-02-06T04:00:00.000,1.066,0.3646786,https://api.alintaenergy.com.au/v1/myaccount/bff
2026-02-06T05:00:00.000,1.094,0.3742574,https://api.alintaenergy.com.au/v1/myaccount/bff
2026-02-06T06:00:00.000,0.683,0.2336543,https://api.alintaenergy.com.au/v1/myaccount/bff
2026-02-06T07:00:00.000,0.67,0.229207,https://api.alintaenergy.com.au/v1/myaccount/bff
2026-02-06T08:00:00.000,0.634,0.2168914,https://api.alintaenergy.com.au/v1/myaccount/bff
2026-02-06T09:00:00.000,0.999,0.3417579,https://api.alintaenergy.com.au/v1/myaccount/bff
2026-02-06T10:00:00.000,0.095,0.0324995,https://api.alintaenergy.com.au/v1/myaccount/bff
2026-02-06T11:00:00.000,0.048,0.0164208,https://api.alintaenergy.com.au/v1/myaccount/bff
2026-02-06T12:00:00.000,0.103,0.0352363,https://api.alintaenergy.com.au/v1/myaccount/bff
2026-02-06T13:00:00.000,0.375,0.1282875,https://api.alintaenergy.com.au/v1/myaccount/bff
2026-02-06T14:00:00.000,0.535,0.1830235,https://api.alintaenergy.com.au/v1/myaccount/bff
2026-02-06T15:00:00.000,1.233,0.4218093,https://api.alintaenergy.com.au/v1/myaccount/bff
2026-02-06T16:00:00.000,1.325,0.4532825,https://api.alintaenergy.com.au/v1/myaccount/bff
2026-02-06T17:00:00.000,2.187,0.7481727,https://api.alintaenergy.com.au/v1/myaccount/bff
2026-02-06T18:00:00.000,2.083,0.7125943,https://api.alintaenergy.com.au/v1/myaccount/bff
2026-02-06T19:00:00.000,2.013,0.6886473,https://api.alintaenergy.com.au/v1/myaccount/bff
2026-02-06T20:00:00.000,1.463,0.5004923,https://api.alintaenergy.com.au/v1/myaccount/bff
2026-02-06T21:00:00.000,0.912,0.3119952,https://api.alintaenergy.com.au/v1/myaccount/bff
2026-02-06T22:00:00.000,1.069,0.3657049,https://api.alintaenergy.com.au/v1/myaccount/bff
2026-02-06T23:00:00.000,1.053,0.3602313,https://api.alintaenergy.com.au/v1/myaccount/bff
2026-02-07T00:00:00.000,0.708,0.2422068,https://api.alintaenergy.com.au/v1/myaccount/bff
2026-02-07T01:00:00.000,0.704,0.2408384,https://api.alintaenergy.com.au/v1/myaccount/bff
2026-02-07T02:00:00.000,1.037,0.3547577,https://api.alintaenergy.com.au/v1/myaccount/bff
2026-02-07T03:00:00.000,0.659,0.2254439,https://api.alintaenergy.com.au/v1/myaccount/bff
2026-02-07T04:00:00.000,0.812,0.2777852,https://api.alintaenergy.com.au/v1/myaccount/bff
2026-02-07T05:00:00.000,1.288,0.4406248,https://api.alintaenergy.com.au/v1/myaccount/bff
2026-02-07T06:00:00.000,1.283,0.4389143,https://api.alintaenergy.com.au/v1/myaccount/bff
2026-02-07T07:00:00.000,0.856,0.2928376,https://api.alintaenergy.com.au/v1/myaccount/bff
2026-02-07T08:00:00.000,0.439,0.1501819,https://api.alintaenergy.com.au/v1/myaccount/bff
2026-02-07T09:00:00.000,0.255,0.0872355,https://api.alintaenergy.com.au/v1/myaccount/bff
2026-02-07T10:00:00.000,0.158,0.053944769999999996,https://api.alintaenergy.com.au/v1/myaccount/bff
2026-02-07T11:00:00.000,0.106,0.0362626,https://api.alintaenergy.com.au/v1/myaccount/bff
2026-02-07T12:00:00.000,0.41,0.140261,https://api.alintaenergy.com.au/v1/myaccount/bff
2026-02-07T13:00:00.000,0.749,0.2562329,https://api.alintaenergy.com.au/v1/myaccount/bff
2026-02-07T14:00:00.000,0.54,0.184734,https://api.alintaenergy.com.au/v1/myaccount/bff
2026-02-07T15:00:00.000,0.719,0.2459699,https://api.alintaenergy.com.au/v1/myaccount/bff
2026-02-07T16:00:00.000,1.269,0.4341249,https://api.alintaenergy.com.au/v1/myaccount/bff
2026-02-07T17:00:00.000,1.779,0.6085959,https://api.alintaenergy.com.au/v1/myaccount/bff
2026-02-07T18:00:00.000,1.634,0.5589914,https://api.alintaenergy.com.au/v1/myaccount/bff
2026-02-07T19:00:00.000,1.544,0.5282024,https://api.alintaenergy.com.au/v1/myaccount/bff
2026-02-07T20:00:00.000,1.365,0.4669665,https://api.alintaenergy.com.au/v1/myaccount/bff
2026-02-07T21:00:00.000,0.95,0.324995,https://api.alintaenergy.com.au/v1/myaccount/bff
2026-02-07T22:00:00.000,0.765,0.2617065,https://api.alintaenergy.com.au/v1/myaccount/bff
2026-02-07T23:00:00.000,0.762,0.2606802,https://api.alintaenergy.com.au/v1/myaccount/bff
2026-02-08T00:00:00.000,0.711,0.2432331,https://api.alintaenergy.com.au/v1/myaccount/bff
2026-02-08T01:00:00.000,0.827,0.2829167,https://api.alintaenergy.com.au/v1/myaccount/bff
2026-02-08T02:00:00.000,0.773,0.2644433,https://api.alintaenergy.com.au/v1/myaccount/bff
2026-02-08T03:00:00.000,0.688,0.2353648,https://api.alintaenergy.com.au/v1/myaccount/bff
2026-02-08T04:00:00.000,0.683,0.2336543,https://api.alintaenergy.com.au/v1/myaccount/bff
2026-02-08T05:00:00.000,0.649,0.2220229,https://api.alintaenergy.com.au/v1/myaccount/bff
2026-02-08T06:00:00.000,0.683,0.2336543,https://api.alintaenergy.com.au/v1/myaccount/bff
2026-02-08T07:00:00.000,0.429,0.1467609,https://api.alintaenergy.com.au/v1/myaccount/bff
2026-02-08T08:00:00.000,0.224,0.0766304,https://api.alintaenergy.com.au/v1/myaccount/bff
2026-02-08T09:00:00.000,0.089,0.0304469,https://api.alintaenergy.com.au/v1/myaccount/bff
2026-02-08T10:00:00.000,1.198,0.4098358,https://api.alintaenergy.com.au/v1/myaccount/bff
2026-02-08T11:00:00.000,2.501,0.8555921,https://api.alintaenergy.com.au/v1/myaccount/bff
2026-02-08T12:00:00.000,0.546,0.1867866,https://api.alintaenergy.com.au/v1/myaccount/bff
2026-02-08T13:00:00.000,0.865,0.2959165,https://api.alintaenergy.com.au/v1/myaccount/bff
2026-02-08T14:00:00.000,0.553,0.1891813,https://api.alintaenergy.com.au/v1/myaccount/bff
2026-02-08T15:00:00.000,0.848,0.2901008,https://api.alintaenergy.com.au/v1/myaccount/bff
2026-02-08T16:00:00.000,1.015,0.3472315,https://api.alintaenergy.com.au/v1/myaccount/bff
2026-02-08T17:00:00.000,1.416,0.4844136,https://api.alintaenergy.com.au/v1/myaccount/bff
2026-02-08T18:00:00.000,2.266,0.7751986,https://api.alintaenergy.com.au/v1/myaccount/bff
2026-02-08T19:00:00.000,2.354,0.8053034,https://api.alintaenergy.com.au/v1/myaccount/bff
2026-02-08T20:00:00.000,1.595,0.5456495,https://api.alintaenergy.com.au/v1/myaccount/bff
2026-02-08T21:00:00.000,0.902,0.3085742,https://api.alintaenergy.com.au/v1/myaccount/bff
2026-02-08T22:00:00.000,0.705,0.2411805,https://api.alintaenergy.com.au/v1/myaccount/bff
2026-02-08T23:00:00.000,0.968,0.3311528,https://api.alintaenergy.com.au/v1/myaccount/bff
2026-02-09T00:00:00.000,0.719,0.2459699,https://api.alintaenergy.com.au/v1/myaccount/bff
2026-02-09T01:00:00.000,0.691,0.2363911,https://api.alintaenergy.com.au/v1/myaccount/bff
2026-02-09T02:00:00.000,1.027,0.3513367,https://api.alintaenergy.com.au/v1/myaccount/bff
2026-02-09T03:00:00.000,0.687,0.2350227,https://api.alintaenergy.com.au/v1/myaccount/bff
2026-02-09T04:00:00.000,0.657,0.2247597,https://api.alintaenergy.com.au/v1/myaccount/bff
2026-02-09T05:00:00.000,0.686,0.2346806,https://api.alintaenergy.com.au/v1/myaccount/bff
2026-02-09T06:00:00.000,0.695,0.2377595,https://api.alintaenergy.com.au/v1/myaccount/bff
2026-02-09T07:00:00.000,0.927,0.3171267,https://api.alintaenergy.com.au/v1/myaccount/bff
2026-02-09T08:00:00.000,0.276,0.0944196,https://api.alintaenergy.com.au/v1/myaccount/bff
2026-02-09T09:00:00.000,1.131,0.3869151,https://api.alintaenergy.com.au/v1/myaccount/bff
2026-02-09T10:00:00.000,0.007,0.0023947,https://api.alintaenergy.com.au/v1/myaccount/bff
2026-02-09T11:00:00.000,0,0,https://api.alintaenergy.com.au/v1/myaccount/bff
2026-02-09T12:00:00.000,0.287,0.0981827,https://api.alintaenergy.com.au/v1/myaccount/bff
2026-02-09T13:00:00.000,0.042,0.0143682,https://api.alintaenergy.com.au/v1/myaccount/bff
2026-02-09T14:00:00.000,0.119,0.0407099,https://api.alintaenergy.com.au/v1/myaccount/bff
2026-02-09T15:00:00.000,1.022,0.3496262,https://api.alintaenergy.com.au/v1/myaccount/bff
2026-02-09T16:00:00.000,1.947,0.6660687,https://api.alintaenergy.com.au/v1/myaccount/bff
2026-02-09T17:00:00.000,2.253,0.7707513,https://api.alintaenergy.com.au/v1/myaccount/bff
2026-02-09T18:00:00.000,2.158,0.7382518,https://api.alintaenergy.com.au/v1/myaccount/bff
2026-02-09T19:00:00.000,2.303,0.7878563,https://api.alintaenergy.com.au/v1/myaccount/bff
2026-02-09T20:00:00.000,1.223,0.4183883,https://api.alintaenergy.com.au/v1/myaccount/bff
2026-02-09T21:00:00.000,0.903,0.3089163,https://api.alintaenergy.com.au/v1/myaccount/bff
2026-02-09T22:00:00.000,0.846,0.2894166,https://api.alintaenergy.com.au/v1/myaccount/bff
2026-02-09T23:00:00.000,0.726,0.2483646,https://api.alintaenergy.com.au/v1/myaccount/bff
2026-02-10T00:00:00.000,0.743,0.2541803,https://api.alintaenergy.com.au/v1/myaccount/bff
2026-02-10T01:00:00.000,0.726,0.2483646,https://api.alintaenergy.com.au/v1/myaccount/bff
2026-02-10T02:00:00.000,1.008,0.3448368,https://api.alintaenergy.com.au/v1/myaccount/bff
2026-02-10T03:00:00.000,0.69,0.236049,https://api.alintaenergy.com.au/v1/myaccount/bff
2026-02-10T04:00:00.000,0.709,0.2425489,https://api.alintaenergy.com.au/v1/myaccount/bff
2026-02-10T05:00:00.000,0.625,0.2138125,https://api.alintaenergy.com.au/v1/myaccount/bff
2026-02-10T06:00:00.000,0.536,0.1833656,https://api.alintaenergy.com.au/v1/myaccount/bff
2026-02-10T07:00:00.000,0.431,0.1474451,https://api.alintaenergy.com.au/v1/myaccount/bff
2026-02-10T08:00:00.000,0.238,0.0814198,https://api.alintaenergy.com.au/v1/myaccount/bff
2026-02-10T09:00:00.000,0.532,0.1819972,https://api.alintaenergy.com.au/v1/myaccount/bff
2026-02-10T10:00:00.000,0.363,0.1241823,https://api.alintaenergy.com.au/v1/myaccount/bff
2026-02-10T11:00:00.000,0.333,0.1139193,https://api.alintaenergy.com.au/v1/myaccount/bff
2026-02-10T12:00:00.000,1.037,0.3547577,https://api.alintaenergy.com.au/v1/myaccount/bff
2026-02-10T13:00:00.000,1.101,0.3766521,https://api.alintaenergy.com.au/v1/myaccount/bff
2026-02-10T14:00:00.000,1.661,0.5682281,https://api.alintaenergy.com.au/v1/myaccount/bff
2026-02-10T15:00:00.000,1.43,0.489203,https://api.alintaenergy.com.au/v1/myaccount/bff
2026-02-10T16:00:00.000,1.617,0.5531757,https://api.alintaenergy.com.au/v1/myaccount/bff
2026-02-10T17:00:00.000,1.637,0.5600177,https://api.alintaenergy.com.au/v1/myaccount/bff
2026-02-10T18:00:00.000,1.782,0.6096222,https://api.alintaenergy.com.au/v1/myaccount/bff
2026-02-10T19:00:00.000,2.707,0.9260647,https://api.alintaenergy.com.au/v1/myaccount/bff
2026-02-10T20:00:00.000,1.942,0.6643582,https://api.alintaenergy.com.au/v1/myaccount/bff
2026-02-10T21:00:00.000,1.414,0.4837294,https://api.alintaenergy.com.au/v1/myaccount/bff
2026-02-10T22:00:00.000,1.304,0.4460984,https://api.alintaenergy.com.au/v1/myaccount/bff
2026-02-10T23:00:00.000,1.2,0.41052,https://api.alintaenergy.com.au/v1/myaccount/bff
2026-02-11T00:00:00.000,1.07,0.366047,https://api.alintaenergy.com.au/v1/myaccount/bff
2026-02-11T01:00:00.000,1.103,0.3773363,https://api.alintaenergy.com.au/v1/myaccount/bff
2026-02-11T02:00:00.000,1.166,0.3988886,https://api.alintaenergy.com.au/v1/myaccount/bff
2026-02-11T03:00:00.000,0.96,0.328416,https://api.alintaenergy.com.au/v1/myaccount/bff
2026-02-11T04:00:00.000,1.009,0.3451789,https://api.alintaenergy.com.au/v1/myaccount/bff
2026-02-11T05:00:00.000,0.889,0.3041269,https://api.alintaenergy.com.au/v1/myaccount/bff
2026-02-11T06:00:00.000,0.813,0.2781273,https://api.alintaenergy.com.au/v1/myaccount/bff
2026-02-11T07:00:00.000,0.589,0.2014969,https://api.alintaenergy.com.au/v1/myaccount/bff
2026-02-11T08:00:00.000,0.143,0.0489203,https://api.alintaenergy.com.au/v1/myaccount/bff
2026-02-11T09:00:00.000,0.278,0.0951038,https://api.alintaenergy.com.au/v1/myaccount/bff
2026-02-11T10:00:00.000,0.129,0.0441309,https://api.alintaenergy.com.au/v1/myaccount/bff
2026-02-11T11:00:00.000,0.278,0.0951038,https://api.alintaenergy.com.au/v1/myaccount/bff
2026-02-11T12:00:00.000,0.346,0.1183666,https://api.alintaenergy.com.au/v1/myaccount/bff
2026-02-11T13:00:00.000,0.327,0.1118667,https://api.alintaenergy.com.au/v1/myaccount/bff
2026-02-11T14:00:00.000,0.581,0.1987601,https://api.alintaenergy.com.au/v1/myaccount/bff
2026-02-11T15:00:00.000,1.119,0.3828099,https://api.alintaenergy.com.au/v1/myaccount/bff
2026-02-11T16:00:00.000,1.619,0.5538599,https://api.alintaenergy.com.au/v1/myaccount/bff
2026-02-11T17:00:00.000,1.779,0.6085959,https://api.alintaenergy.com.au/v1/myaccount/bff
2026-02-11T18:00:00.000,2.521,0.8624341,https://api.alintaenergy.com.au/v1/myaccount/bff
2026-02-11T19:00:00.000,2.564,0.8771444,https://api.alintaenergy.com.au/v1/myaccount/bff
2026-02-11T20:00:00.000,1.895,0.6482795,https://api.alintaenergy.com.au/v1/myaccount/bff
2026-02-11T21:00:00.000,1.626,0.5562546,https://api.alintaenergy.com.au/v1/myaccount/bff
2026-02-11T22:00:00.000,1.825,0.6243325,https://api.alintaenergy.com.au/v1/myaccount/bff
2026-02-11T23:00:00.000,1.819,0.6222799,https://api.alintaenergy.com.au/v1/myaccount/bff
2026-02-12T00:00:00.000,1.373,0.4697033,https://api.alintaenergy.com.au/v1/myaccount/bff
2026-02-12T01:00:00.000,1.499,0.5128079,https://api.alintaenergy.com.au/v1/myaccount/bff
2026-02-12T02:00:00.000,1.535,0.5251235,https://api.alintaenergy.com.au/v1/myaccount/bff
2026-02-12T03:00:00.000,1.059,0.3622839,https://api.alintaenergy.com.au/v1/myaccount/bff
2026-02-12T04:00:00.000,1.232,0.4214672,https://api.alintaenergy.com.au/v1/myaccount/bff
2026-02-12T05:00:00.000,1.431,0.4895451,https://api.alintaenergy.com.au/v1/myaccount/bff
2026-02-12T06:00:00.000,1.458,0.4987818,https://api.alintaenergy.com.au/v1/myaccount/bff
2026-02-12T07:00:00.000,2.603,0.8904863,https://api.alintaenergy.com.au/v1/myaccount/bff
2026-02-12T08:00:00.000,2.883,0.9862743,https://api.alintaenergy.com.au/v1/myaccount/bff
2026-02-12T09:00:00.000,1.367,0.4676507,https://api.alintaenergy.com.au/v1/myaccount/bff
2026-02-12T10:00:00.000,1.077,0.3684417,https://api.alintaenergy.com.au/v1/myaccount/bff
2026-02-12T11:00:00.000,1.073,0.3670733,https://api.alintaenergy.com.au/v1/myaccount/bff
2026-02-12T12:00:00.000,1.265,0.4327565,https://api.alintaenergy.com.au/v1/myaccount/bff
2026-02-12T13:00:00.000,1.388,0.4748348,https://api.alintaenergy.com.au/v1/myaccount/bff
2026-02-12T14:00:00.000,1.661,0.5682281,https://api.alintaenergy.com.au/v1/myaccount/bff
2026-02-12T15:00:00.000,2.33,0.797093,https://api.alintaenergy.com.au/v1/myaccount/bff
2026-02-12T16:00:00.000,2.15,0.735515,https://api.alintaenergy.com.au/v1/myaccount/bff
2026-02-12T17:00:00.000,2.266,0.7751986,https://api.alintaenergy.com.au/v1/myaccount/bff
2026-02-12T18:00:00.000,2.225,0.7611725,https://api.alintaenergy.com.au/v1/myaccount/bff
2026-02-12T19:00:00.000,2.125,0.7269625,https://api.alintaenergy.com.au/v1/myaccount/bff
2026-02-12T20:00:00.000,2.197,0.7515937,https://api.alintaenergy.com.au/v1/myaccount/bff
2026-02-12T21:00:00.000,1.668,0.5706228,https://api.alintaenergy.com.au/v1/myaccount/bff
2026-02-12T22:00:00.000,1.627,0.5565967,https://api.alintaenergy.com.au/v1/myaccount/bff
2026-02-12T23:00:00.000,1.311,0.4484931,https://api.alintaenergy.com.au/v1/myaccount/bff
2026-02-13T00:00:00.000,1.155,0.3951255,https://api.alintaenergy.com.au/v1/myaccount/bff
2026-02-13T01:00:00.000,1.139,0.3896519,https://api.alintaenergy.com.au/v1/myaccount/bff
2026-02-13T02:00:00.000,1.277,0.4368617,https://api.alintaenergy.com.au/v1/myaccount/bff
2026-02-13T03:00:00.000,1.144,0.3913624,https://api.alintaenergy.com.au/v1/myaccount/bff
2026-02-13T04:00:00.000,1.027,0.3513367,https://api.alintaenergy.com.au/v1/myaccount/bff
2026-02-13T05:00:00.000,1.004,0.3434684,https://api.alintaenergy.com.au/v1/myaccount/bff
2026-02-13T06:00:00.000,1.125,0.3848625,https://api.alintaenergy.com.au/v1/myaccount/bff
2026-02-13T07:00:00.000,1.283,0.4389143,https://api.alintaenergy.com.au/v1/myaccount/bff
2026-02-13T08:00:00.000,1.286,0.4399406,https://api.alintaenergy.com.au/v1/myaccount/bff
2026-02-13T09:00:00.000,1.375,0.4703875,https://api.alintaenergy.com.au/v1/myaccount/bff
2026-02-13T10:00:00.000,0.993,0.3397053,https://api.alintaenergy.com.au/v1/myaccount/bff
2026-02-13T11:00:00.000,0.795,0.2719695,https://api.alintaenergy.com.au/v1/myaccount/bff
2026-02-13T12:00:00.000,1.337,0.4573877,https://api.alintaenergy.com.au/v1/myaccount/bff
2026-02-13T13:00:00.000,0.936,0.3202056,https://api.alintaenergy.com.au/v1/myaccount/bff
2026-02-13T14:00:00.000,1.099,0.3759679,https://api.alintaenergy.com.au/v1/myaccount/bff
2026-02-13T15:00:00.000,1.212,0.4146252,https://api.alintaenergy.com.au/v1/myaccount/bff
2026-02-13T16:00:00.000,1.203,0.4115463,https://api.alintaenergy.com.au/v1/myaccount/bff
2026-02-13T17:00:00.000,1.321,0.4519141,https://api.alintaenergy.com.au/v1/myaccount/bff
2026-02-13T18:00:00.000,1.471,0.5032291,https://api.alintaenergy.com.au/v1/myaccount/bff
2026-02-13T19:00:00.000,1.444,0.4939924,https://api.alintaenergy.com.au/v1/myaccount/bff
2026-02-13T20:00:00.000,1.982,0.6780422,https://api.alintaenergy.com.au/v1/myaccount/bff
2026-02-13T21:00:00.000,1.509,0.5162289,https://api.alintaenergy.com.au/v1/myaccount/bff
2026-02-13T22:00:00.000,1.171,0.4005991,https://api.alintaenergy.com.au/v1/myaccount/bff
2026-02-13T23:00:00.000,0.925,0.3164425,https://api.alintaenergy.com.au/v1/myaccount/bff
2026-02-14T00:00:00.000,0.585,0.2001285,https://api.alintaenergy.com.au/v1/myaccount/bff
2026-02-14T01:00:00.000,0.6,0.20526,https://api.alintaenergy.com.au/v1/myaccount/bff
2026-02-14T02:00:00.000,0.924,0.3161004,https://api.alintaenergy.com.au/v1/myaccount/bff
2026-02-14T03:00:00.000,0.593,0.2028653,https://api.alintaenergy.com.au/v1/myaccount/bff
2026-02-14T04:00:00.000,0.574,0.1963654,https://api.alintaenergy.com.au/v1/myaccount/bff
2026-02-14T05:00:00.000,0.572,0.1956812,https://api.alintaenergy.com.au/v1/myaccount/bff
2026-02-14T06:00:00.000,0.711,0.2432331,https://api.alintaenergy.com.au/v1/myaccount/bff
2026-02-14T07:00:00.000,0.755,0.2582855,https://api.alintaenergy.com.au/v1/myaccount/bff
2026-02-14T08:00:00.000,0.778,0.2661538,https://api.alintaenergy.com.au/v1/myaccount/bff
2026-02-14T09:00:00.000,0.466,0.1594186,https://api.alintaenergy.com.au/v1/myaccount/bff
2026-02-14T10:00:00.000,0.694,0.2374174,https://api.alintaenergy.com.au/v1/myaccount/bff
2026-02-14T11:00:00.000,0.912,0.3119952,https://api.alintaenergy.com.au/v1/myaccount/bff
2026-02-14T12:00:00.000,1.512,0.5172552,https://api.alintaenergy.com.au/v1/myaccount/bff
2026-02-14T13:00:00.000,0.968,0.3311528,https://api.alintaenergy.com.au/v1/myaccount/bff
2026-02-14T14:00:00.000,0.93,0.318153,https://api.alintaenergy.com.au/v1/myaccount/bff
2026-02-14T15:00:00.000,0.98,0.335258,https://api.alintaenergy.com.au/v1/myaccount/bff
2026-02-14T16:00:00.000,1.12,0.383152,https://api.alintaenergy.com.au/v1/myaccount/bff
2026-02-14T17:00:00.000,1.076,0.3680996,https://api.alintaenergy.com.au/v1/myaccount/bff
2026-02-14T18:00:00.000,1.485,0.5080185,https://api.alintaenergy.com.au/v1/myaccount/bff
2026-02-14T19:00:00.000,1.184,0.4050464,https://api.alintaenergy.com.au/v1/myaccount/bff
2026-02-14T20:00:00.000,0.76,0.259996,https://api.alintaenergy.com.au/v1/myaccount/bff
2026-02-14T21:00:00.000,0.682,0.2333122,https://api.alintaenergy.com.au/v1/myaccount/bff
2026-02-14T22:00:00.000,0.636,0.2175756,https://api.alintaenergy.com.au/v1/myaccount/bff
2026-02-14T23:00:00.000,0.665,0.2274965,https://api.alintaenergy.com.au/v1/myaccount/bff
2026-02-15T00:00:00.000,0.634,0.2168914,https://api.alintaenergy.com.au/v1/myaccount/bff
2026-02-15T01:00:00.000,0.613,0.2097073,https://api.alintaenergy.com.au/v1/myaccount/bff
2026-02-15T02:00:00.000,0.626,0.2141546,https://api.alintaenergy.com.au/v1/myaccount/bff
2026-02-15T03:00:00.000,0.964,0.3297844,https://api.alintaenergy.com.au/v1/myaccount/bff
2026-02-15T04:00:00.000,1.012,0.3462052,https://api.alintaenergy.com.au/v1/myaccount/bff
2026-02-15T05:00:00.000,0.75,0.256575,https://api.alintaenergy.com.au/v1/myaccount/bff
2026-02-15T06:00:00.000,0.727,0.2487067,https://api.alintaenergy.com.au/v1/myaccount/bff
2026-02-15T07:00:00.000,0.739,0.2528119,https://api.alintaenergy.com.au/v1/myaccount/bff
2026-02-15T08:00:00.000,0.731,0.2500751,https://api.alintaenergy.com.au/v1/myaccount/bff
2026-02-15T09:00:00.000,0.793,0.2712853,https://api.alintaenergy.com.au/v1/myaccount/bff
2026-02-15T10:00:00.000,2.022,0.6917262,https://api.alintaenergy.com.au/v1/myaccount/bff
2026-02-15T11:00:00.000,2.571,0.8795391,https://api.alintaenergy.com.au/v1/myaccount/bff
2026-02-15T12:00:00.000,2.528,0.8648288,https://api.alintaenergy.com.au/v1/myaccount/bff
2026-02-15T13:00:00.000,1.135,0.3882835,https://api.alintaenergy.com.au/v1/myaccount/bff
2026-02-15T14:00:00.000,2.561,0.8761181,https://api.alintaenergy.com.au/v1/myaccount/bff
2026-02-15T15:00:00.000,0.957,0.3273897,https://api.alintaenergy.com.au/v1/myaccount/bff
2026-02-15T16:00:00.000,0.9,0.30789,https://api.alintaenergy.com.au/v1/myaccount/bff
2026-02-15T17:00:00.000,1.022,0.3496262,https://api.alintaenergy.com.au/v1/myaccount/bff
2026-02-15T18:00:00.000,1.557,0.5326497,https://api.alintaenergy.com.au/v1/myaccount/bff
2026-02-15T19:00:00.000,1.005,0.3438105,https://api.alintaenergy.com.au/v1/myaccount/bff
2026-02-15T20:00:00.000,1.121,0.3834941,https://api.alintaenergy.com.au/v1/myaccount/bff
2026-02-15T21:00:00.000,0.848,0.2901008,https://api.alintaenergy.com.au/v1/myaccount/bff
2026-02-15T22:00:00.000,0.82,0.280522,https://api.alintaenergy.com.au/v1/myaccount/bff
2026-02-15T23:00:00.000,1.095,0.3745995,https://api.alintaenergy.com.au/v1/myaccount/bff
2026-02-16T00:00:00.000,0.737,0.2521277,https://api.alintaenergy.com.au/v1/myaccount/bff
2026-02-16T01:00:00.000,0.71,0.242891,https://api.alintaenergy.com.au/v1/myaccount/bff
2026-02-16T02:00:00.000,0.737,0.2521277,https://api.alintaenergy.com.au/v1/myaccount/bff
2026-02-16T03:00:00.000,0.715,0.2446015,https://api.alintaenergy.com.au/v1/myaccount/bff
2026-02-16T04:00:00.000,0.716,0.2449436,https://api.alintaenergy.com.au/v1/myaccount/bff
2026-02-16T05:00:00.000,0.778,0.2661538,https://api.alintaenergy.com.au/v1/myaccount/bff
2026-02-16T06:00:00.000,0.657,0.2247597,https://api.alintaenergy.com.au/v1/myaccount/bff
2026-02-16T07:00:00.000,0.495,0.1693395,https://api.alintaenergy.com.au/v1/myaccount/bff
2026-02-16T08:00:00.000,0.238,0.0814198,https://api.alintaenergy.com.au/v1/myaccount/bff
2026-02-16T09:00:00.000,0.338,0.1156298,https://api.alintaenergy.com.au/v1/myaccount/bff
2026-02-16T10:00:00.000,0.389,0.1330769,https://api.alintaenergy.com.au/v1/myaccount/bff
2026-02-16T11:00:00.000,0.91,0.311311,https://api.alintaenergy.com.au/v1/myaccount/bff
2026-02-16T12:00:00.000,1.283,0.4389143,https://api.alintaenergy.com.au/v1/myaccount/bff
2026-02-16T13:00:00.000,2.514,0.8600394,https://api.alintaenergy.com.au/v1/myaccount/bff
2026-02-16T14:00:00.000,1.059,0.3622839,https://api.alintaenergy.com.au/v1/myaccount/bff
2026-02-16T15:00:00.000,0.954,0.3263634,https://api.alintaenergy.com.au/v1/myaccount/bff
2026-02-16T16:00:00.000,1.232,0.4214672,https://api.alintaenergy.com.au/v1/myaccount/bff
2026-02-16T17:00:00.000,1.904,0.6513584,https://api.alintaenergy.com.au/v1/myaccount/bff
2026-02-16T18:00:00.000,2.088,0.7143048,https://api.alintaenergy.com.au/v1/myaccount/bff
2026-02-16T19:00:00.000,1.4,0.47894,https://api.alintaenergy.com.au/v1/myaccount/bff
2026-02-16T20:00:00.000,0.77,0.263417,https://api.alintaenergy.com.au/v1/myaccount/bff
2026-02-16T21:00:00.000,0.634,0.2168914,https://api.alintaenergy.com.au/v1/myaccount/bff
2026-02-16T22:00:00.000,0.574,0.1963654,https://api.alintaenergy.com.au/v1/myaccount/bff
2026-02-16T23:00:00.000,0.617,0.2110757,https://api.alintaenergy.com.au/v1/myaccount/bff
2026-02-17T00:00:00.000,0.582,0.1991022,https://api.alintaenergy.com.au/v1/myaccount/bff
2026-02-17T01:00:00.000,0.586,0.2004706,https://api.alintaenergy.com.au/v1/myaccount/bff
2026-02-17T02:00:00.000,0.877,0.3000217,https://api.alintaenergy.com.au/v1/myaccount/bff
2026-02-17T03:00:00.000,0.571,0.1953391,https://api.alintaenergy.com.au/v1/myaccount/bff
2026-02-17T04:00:00.000,0.506,0.1731026,https://api.alintaenergy.com.au/v1/myaccount/bff
2026-02-17T05:00:00.000,0.476,0.1628396,https://api.alintaenergy.com.au/v1/myaccount/bff
2026-02-17T06:00:00.000,1.058,0.3619418,https://api.alintaenergy.com.au/v1/myaccount/bff
2026-02-17T07:00:00.000,0.649,0.2220229,https://api.alintaenergy.com.au/v1/myaccount/bff
2026-02-17T08:00:00.000,1.546,0.5288866,https://api.alintaenergy.com.au/v1/myaccount/bff
2026-02-17T09:00:00.000,0.138,0.0472098,https://api.alintaenergy.com.au/v1/myaccount/bff
2026-02-17T10:00:00.000,0.225,0.0769725,https://api.alintaenergy.com.au/v1/myaccount/bff
2026-02-17T11:00:00.000,0.188,0.0643148,https://api.alintaenergy.com.au/v1/myaccount/bff
2026-02-17T12:00:00.000,0.339,0.1159719,https://api.alintaenergy.com.au/v1/myaccount/bff
2026-02-17T13:00:00.000,0.537,0.1837077,https://api.alintaenergy.com.au/v1/myaccount/bff
2026-02-17T14:00:00.000,0.41,0.140261,https://api.alintaenergy.com.au/v1/myaccount/bff
2026-02-17T15:00:00.000,0.467,0.1597607,https://api.alintaenergy.com.au/v1/myaccount/bff
2026-02-17T16:00:00.000,0.455,0.1556555,https://api.alintaenergy.com.au/v1/myaccount/bff
2026-02-17T17:00:00.000,1.403,0.4799663,https://api.alintaenergy.com.au/v1/myaccount/bff
2026-02-17T18:00:00.000,2.24,0.766304,https://api.alintaenergy.com.au/v1/myaccount/bff
2026-02-17T19:00:00.000,1.787,0.6113327,https://api.alintaenergy.com.au/v1/myaccount/bff
2026-02-17T20:00:00.000,1.087,0.3718627,https://api.alintaenergy.com.au/v1/myaccount/bff
2026-02-17T21:00:00.000,0.773,0.2644433,https://api.alintaenergy.com.au/v1/myaccount/bff
2026-02-17T22:00:00.000,0.71,0.242891,https://api.alintaenergy.com.au/v1/myaccount/bff
2026-02-17T23:00:00.000,0.69,0.236049,https://api.alintaenergy.com.au/v1/myaccount/bff
2026-02-18T00:00:00.000,0.668,0.2285228,https://api.alintaenergy.com.au/v1/myaccount/bff
2026-02-18T01:00:00.000,0.7,0.23947,https://api.alintaenergy.com.au/v1/myaccount/bff
2026-02-18T02:00:00.000,0.694,0.2374174,https://api.alintaenergy.com.au/v1/myaccount/bff
2026-02-18T03:00:00.000,0.544,0.1861024,https://api.alintaenergy.com.au/v1/myaccount/bff
2026-02-18T04:00:00.000,0.56,0.191576,https://api.alintaenergy.com.au/v1/myaccount/bff
2026-02-18T05:00:00.000,0.578,0.1977338,https://api.alintaenergy.com.au/v1/myaccount/bff
2026-02-18T06:00:00.000,0.53,0.181313,https://api.alintaenergy.com.au/v1/myaccount/bff
2026-02-18T07:00:00.000,0.255,0.0872355,https://api.alintaenergy.com.au/v1/myaccount/bff
2026-02-18T08:00:00.000,0.015,0.0051315,https://api.alintaenergy.com.au/v1/myaccount/bff
2026-02-18T09:00:00.000,0.003,0.0010263,https://api.alintaenergy.com.au/v1/myaccount/bff
2026-02-18T10:00:00.000,0,0,https://api.alintaenergy.com.au/v1/myaccount/bff
2026-02-18T11:00:00.000,0.061,0.0208681,https://api.alintaenergy.com.au/v1/myaccount/bff
2026-02-18T12:00:00.000,0.471,0.1611291,https://api.alintaenergy.com.au/v1/myaccount/bff
2026-02-18T13:00:00.000,0.681,0.2329701,https://api.alintaenergy.com.au/v1/myaccount/bff
2026-02-18T14:00:00.000,1.094,0.3742574,https://api.alintaenergy.com.au/v1/myaccount/bff
2026-02-18T15:00:00.000,1.117,0.3821257,https://api.alintaenergy.com.au/v1/myaccount/bff
2026-02-18T16:00:00.000,1.791,0.6127011,https://api.alintaenergy.com.au/v1/myaccount/bff
2026-02-18T17:00:00.000,1.588,0.5432548,https://api.alintaenergy.com.au/v1/myaccount/bff
2026-02-18T18:00:00.000,2.078,0.7108838,https://api.alintaenergy.com.au/v1/myaccount/bff
2026-02-18T19:00:00.000,2.228,0.7621988,https://api.alintaenergy.com.au/v1/myaccount/bff
2026-02-18T20:00:00.000,1.102,0.3769942,https://api.alintaenergy.com.au/v1/myaccount/bff
2026-02-18T21:00:00.000,0.808,0.2764168,https://api.alintaenergy.com.au/v1/myaccount/bff
2026-02-18T22:00:00.000,0.727,0.2487067,https://api.alintaenergy.com.au/v1/myaccount/bff
2026-02-18T23:00:00.000,0.986,0.3373106,https://api.alintaenergy.com.au/v1/myaccount/bff
2026-02-19T00:00:00.000,0.698,0.2387858,https://api.alintaenergy.com.au/v1/myaccount/bff
2026-02-19T01:00:00.000,0.704,0.2408384,https://api.alintaenergy.com.au/v1/myaccount/bff
2026-02-19T02:00:00.000,0.955,0.3267055,https://api.alintaenergy.com.au/v1/myaccount/bff
2026-02-19T03:00:00.000,0.635,0.2172335,https://api.alintaenergy.com.au/v1/myaccount/bff
2026-02-19T04:00:00.000,0.643,0.2199703,https://api.alintaenergy.com.au/v1/myaccount/bff
2026-02-19T05:00:00.000,0.667,0.2281807,https://api.alintaenergy.com.au/v1/myaccount/bff
2026-02-19T06:00:00.000,0.62,0.212102,https://api.alintaenergy.com.au/v1/myaccount/bff
2026-02-19T07:00:00.000,0.644,0.2203124,https://api.alintaenergy.com.au/v1/myaccount/bff
2026-02-19T08:00:00.000,0.194,0.0663674,https://api.alintaenergy.com.au/v1/myaccount/bff
2026-02-19T09:00:00.000,0.11,0.037631,https://api.alintaenergy.com.au/v1/myaccount/bff
2026-02-19T10:00:00.000,0.055,0.0188155,https://api.alintaenergy.com.au/v1/myaccount/bff
2026-02-19T11:00:00.000,0.023,0.0078683,https://api.alintaenergy.com.au/v1/myaccount/bff
2026-02-19T12:00:00.000,0.012,0.0041052,https://api.alintaenergy.com.au/v1/myaccount/bff
2026-02-19T13:00:00.000,1.403,0.4799663,https://api.alintaenergy.com.au/v1/myaccount/bff
2026-02-19T14:00:00.000,1.351,0.4621771,https://api.alintaenergy.com.au/v1/myaccount/bff
2026-02-19T15:00:00.000,1.885,0.6448585,https://api.alintaenergy.com.au/v1/myaccount/bff
2026-02-19T16:00:00.000,2.004,0.6855684,https://api.alintaenergy.com.au/v1/myaccount/bff
2026-02-19T17:00:00.000,2.29,0.783409,https://api.alintaenergy.com.au/v1/myaccount/bff
2026-02-19T18:00:00.000,2.658,0.9093018,https://api.alintaenergy.com.au/v1/myaccount/bff
2026-02-19T19:00:00.000,3.122,1.0680362,https://api.alintaenergy.com.au/v1/myaccount/bff
2026-02-19T20:00:00.000,1.826,0.6246746,https://api.alintaenergy.com.au/v1/myaccount/bff
2026-02-19T21:00:00.000,1.629,0.5572809,https://api.alintaenergy.com.au/v1/myaccount/bff
2026-02-19T22:00:00.000,1.449,0.4957029,https://api.alintaenergy.com.au/v1/myaccount/bff
2026-02-19T23:00:00.000,1.222,0.4180462,https://api.alintaenergy.com.au/v1/myaccount/bff
2026-02-20T00:00:00.000,1.067,0.3650207,https://api.alintaenergy.com.au/v1/myaccount/bff
2026-02-20T01:00:00.000,1.022,0.3496262,https://api.alintaenergy.com.au/v1/myaccount/bff
2026-02-20T02:00:00.000,0.993,0.3397053,https://api.alintaenergy.com.au/v1/myaccount/bff
2026-02-20T03:00:00.000,1.004,0.3434684,https://api.alintaenergy.com.au/v1/myaccount/bff
2026-02-20T04:00:00.000,0.95,0.324995,https://api.alintaenergy.com.au/v1/myaccount/bff
2026-02-20T05:00:00.000,0.923,0.3157583,https://api.alintaenergy.com.au/v1/myaccount/bff
2026-02-20T06:00:00.000,0.785,0.2685485,https://api.alintaenergy.com.au/v1/myaccount/bff
2026-02-20T07:00:00.000,0.654,0.2237334,https://api.alintaenergy.com.au/v1/myaccount/bff
2026-02-20T08:00:00.000,0.529,0.1809709,https://api.alintaenergy.com.au/v1/myaccount/bff
2026-02-20T09:00:00.000,0.555,0.1898655,https://api.alintaenergy.com.au/v1/myaccount/bff
2026-02-20T10:00:00.000,0.2,0.06842,https://api.alintaenergy.com.au/v1/myaccount/bff
2026-02-20T11:00:00.000,0.671,0.2295491,https://api.alintaenergy.com.au/v1/myaccount/bff
2026-02-20T12:00:00.000,1.058,0.3619418,https://api.alintaenergy.com.au/v1/myaccount/bff
2026-02-20T13:00:00.000,1.808,0.6185168,https://api.alintaenergy.com.au/v1/myaccount/bff
2026-02-20T14:00:00.000,0.881,0.3013901,https://api.alintaenergy.com.au/v1/myaccount/bff
2026-02-20T15:00:00.000,1.064,0.3639944,https://api.alintaenergy.com.au/v1/myaccount/bff
2026-02-20T16:00:00.000,1.516,0.5186236,https://api.alintaenergy.com.au/v1/myaccount/bff
2026-02-20T17:00:00.000,1.728,0.5911488,https://api.alintaenergy.com.au/v1/myaccount/bff
2026-02-20T18:00:00.000,2.702,0.9243542,https://api.alintaenergy.com.au/v1/myaccount/bff
2026-02-20T19:00:00.000,2.413,0.8254873,https://api.alintaenergy.com.au/v1/myaccount/bff
2026-02-20T20:00:00.000,1.68,0.574728,https://api.alintaenergy.com.au/v1/myaccount/bff
2026-02-20T21:00:00.000,0.764,0.2613644,https://api.alintaenergy.com.au/v1/myaccount/bff
2026-02-20T22:00:00.000,0.728,0.2490488,https://api.alintaenergy.com.au/v1/myaccount/bff
2026-02-20T23:00:00.000,0.921,0.3150741,https://api.alintaenergy.com.au/v1/myaccount/bff
2026-02-21T00:00:00.000,0.613,0.2097073,https://api.alintaenergy.com.au/v1/myaccount/bff
2026-02-21T01:00:00.000,0.687,0.2350227,https://api.alintaenergy.com.au/v1/myaccount/bff
2026-02-21T02:00:00.000,0.953,0.3260213,https://api.alintaenergy.com.au/v1/myaccount/bff
2026-02-21T03:00:00.000,1.061,0.3629681,https://api.alintaenergy.com.au/v1/myaccount/bff
2026-02-21T04:00:00.000,1.159,0.3964939,https://api.alintaenergy.com.au/v1/myaccount/bff
2026-02-21T05:00:00.000,0.913,0.3123373,https://api.alintaenergy.com.au/v1/myaccount/bff
2026-02-21T06:00:00.000,0.796,0.2723116,https://api.alintaenergy.com.au/v1/myaccount/bff
2026-02-21T07:00:00.000,0.683,0.2336543,https://api.alintaenergy.com.au/v1/myaccount/bff
2026-02-21T08:00:00.000,0.315,0.1077615,https://api.alintaenergy.com.au/v1/myaccount/bff
2026-02-21T09:00:00.000,0.269,0.0920249,https://api.alintaenergy.com.au/v1/myaccount/bff
2026-02-21T10:00:00.000,0.382,0.1306822,https://api.alintaenergy.com.au/v1/myaccount/bff
2026-02-21T11:00:00.000,1.288,0.4406248,https://api.alintaenergy.com.au/v1/myaccount/bff
2026-02-21T12:00:00.000,1.099,0.3759679,https://api.alintaenergy.com.au/v1/myaccount/bff
2026-02-21T13:00:00.000,1.308,0.4474668,https://api.alintaenergy.com.au/v1/myaccount/bff
2026-02-21T14:00:00.000,0.697,0.2384437,https://api.alintaenergy.com.au/v1/myaccount/bff
2026-02-21T15:00:00.000,1.271,0.4348091,https://api.alintaenergy.com.au/v1/myaccount/bff
2026-02-21T16:00:00.000,1.412,0.4830452,https://api.alintaenergy.com.au/v1/myaccount/bff
2026-02-21T17:00:00.000,1.748,0.5979908,https://api.alintaenergy.com.au/v1/myaccount/bff
2026-02-21T18:00:00.000,2.336,0.7991456,https://api.alintaenergy.com.au/v1/myaccount/bff
2026-02-21T19:00:00.000,2.374,0.8121454,https://api.alintaenergy.com.au/v1/myaccount/bff
2026-02-21T20:00:00.000,1.697,0.5805437,https://api.alintaenergy.com.au/v1/myaccount/bff
2026-02-21T21:00:00.000,0.789,0.2699169,https://api.alintaenergy.com.au/v1/myaccount/bff
2026-02-21T22:00:00.000,0.742,0.2538382,https://api.alintaenergy.com.au/v1/myaccount/bff
2026-02-21T23:00:00.000,0.759,0.2596539,https://api.alintaenergy.com.au/v1/myaccount/bff
2026-02-22T00:00:00.000,0.666,0.2278386,https://api.alintaenergy.com.au/v1/myaccount/bff
2026-02-22T01:00:00.000,0.613,0.2097073,https://api.alintaenergy.com.au/v1/myaccount/bff
2026-02-22T02:00:00.000,0.645,0.2206545,https://api.alintaenergy.com.au/v1/myaccount/bff
2026-02-22T03:00:00.000,0.663,0.2268123,https://api.alintaenergy.com.au/v1/myaccount/bff
2026-02-22T04:00:00.000,0.608,0.2079968,https://api.alintaenergy.com.au/v1/myaccount/bff
2026-02-22T05:00:00.000,0.891,0.3048111,https://api.alintaenergy.com.au/v1/myaccount/bff
2026-02-22T06:00:00.000,0.785,0.2685485,https://api.alintaenergy.com.au/v1/myaccount/bff
2026-02-22T07:00:00.000,0.974,0.3332054,https://api.alintaenergy.com.au/v1/myaccount/bff
2026-02-22T08:00:00.000,2.379,0.8138559,https://api.alintaenergy.com.au/v1/myaccount/bff
2026-02-22T09:00:00.000,2.023,0.6920683,https://api.alintaenergy.com.au/v1/myaccount/bff
2026-02-22T10:00:00.000,1.27,0.434467,https://api.alintaenergy.com.au/v1/myaccount/bff
2026-02-22T11:00:00.000,0.494,0.1689974,https://api.alintaenergy.com.au/v1/myaccount/bff
2026-02-22T12:00:00.000,0.341,0.1166561,https://api.alintaenergy.com.au/v1/myaccount/bff
2026-02-22T13:00:00.000,0.253,0.0865513,https://api.alintaenergy.com.au/v1/myaccount/bff
2026-02-22T14:00:00.000,1.432,0.4898872,https://api.alintaenergy.com.au/v1/myaccount/bff
2026-02-22T15:00:00.000,0.438,0.1498398,https://api.alintaenergy.com.au/v1/myaccount/bff
2026-02-22T16:00:00.000,1.698,0.5808858,https://api.alintaenergy.com.au/v1/myaccount/bff
2026-02-22T17:00:00.000,2.714,0.9284594,https://api.alintaenergy.com.au/v1/myaccount/bff
2026-02-22T18:00:00.000,1.947,0.6660687,https://api.alintaenergy.com.au/v1/myaccount/bff
2026-02-22T19:00:00.000,2.582,0.8833022,https://api.alintaenergy.com.au/v1/myaccount/bff
2026-02-22T20:00:00.000,1.777,0.6079117,https://api.alintaenergy.com.au/v1/myaccount/bff
2026-02-22T21:00:00.000,1.041,0.3561261,https://api.alintaenergy.com.au/v1/myaccount/bff
2026-02-22T22:00:00.000,0.739,0.2528119,https://api.alintaenergy.com.au/v1/myaccount/bff
2026-02-22T23:00:00.000,1.083,0.3704943,https://api.alintaenergy.com.au/v1/myaccount/bff
2026-02-23T00:00:00.000,0.718,0.2456278,https://api.alintaenergy.com.au/v1/myaccount/bff
2026-02-23T01:00:00.000,0.76,0.259996,https://api.alintaenergy.com.au/v1/myaccount/bff
2026-02-23T02:00:00.000,0.746,0.2552066,https://api.alintaenergy.com.au/v1/myaccount/bff
2026-02-23T03:00:00.000,0.81,0.277101,https://api.alintaenergy.com.au/v1/myaccount/bff
2026-02-23T04:00:00.000,0.681,0.2329701,https://api.alintaenergy.com.au/v1/myaccount/bff
2026-02-23T05:00:00.000,0.721,0.2466541,https://api.alintaenergy.com.au/v1/myaccount/bff
2026-02-23T06:00:00.000,0.638,0.21815277,https://api.alintaenergy.com.au/v1/myaccount/bff
2026-02-23T07:00:00.000,0.881,0.3013901,https://api.alintaenergy.com.au/v1/myaccount/bff
2026-02-23T08:00:00.000,0.935,0.3198635,https://api.alintaenergy.com.au/v1/myaccount/bff
2026-02-23T09:00:00.000,0.501,0.1713921,https://api.alintaenergy.com.au/v1/myaccount/bff
2026-02-23T10:00:00.000,0.361,0.1234981,https://api.alintaenergy.com.au/v1/myaccount/bff
2026-02-23T11:00:00.000,0.404,0.1382084,https://api.alintaenergy.com.au/v1/myaccount/bff
2026-02-23T12:00:00.000,0.591,0.2021811,https://api.alintaenergy.com.au/v1/myaccount/bff
2026-02-23T13:00:00.000,1.125,0.3848625,https://api.alintaenergy.com.au/v1/myaccount/bff
2026-02-23T14:00:00.000,1.759,0.6017539,https://api.alintaenergy.com.au/v1/myaccount/bff
2026-02-23T15:00:00.000,1.699,0.5812279,https://api.alintaenergy.com.au/v1/myaccount/bff
2026-02-23T16:00:00.000,1.446,0.4946766,https://api.alintaenergy.com.au/v1/myaccount/bff
2026-02-23T17:00:00.000,1.784,0.6103064,https://api.alintaenergy.com.au/v1/myaccount/bff
2026-02-23T18:00:00.000,1.895,0.6482795,https://api.alintaenergy.com.au/v1/myaccount/bff
2026-02-23T19:00:00.000,2.402,0.8217242,https://api.alintaenergy.com.au/v1/myaccount/bff
2026-02-23T20:00:00.000,2.34,0.800514,https://api.alintaenergy.com.au/v1/myaccount/bff
2026-02-23T21:00:00.000,1.609,0.5504389,https://api.alintaenergy.com.au/v1/myaccount/bff
2026-02-23T22:00:00.000,0.89,0.304469,https://api.alintaenergy.com.au/v1/myaccount/bff
2026-02-23T23:00:00.000,0.827,0.2829167,https://api.alintaenergy.com.au/v1/myaccount/bff
2026-02-24T00:00:00.000,0.795,0.2719695,https://api.alintaenergy.com.au/v1/myaccount/bff
2026-02-24T01:00:00.000,0.824,0.2818904,https://api.alintaenergy.com.au/v1/myaccount/bff
2026-02-24T02:00:00.000,1.092,0.3735732,https://api.alintaenergy.com.au/v1/myaccount/bff
2026-02-24T03:00:00.000,0.739,0.2528119,https://api.alintaenergy.com.au/v1/myaccount/bff
2026-02-24T04:00:00.000,0.686,0.2346806,https://api.alintaenergy.com.au/v1/myaccount/bff
2026-02-24T05:00:00.000,1.242,0.4248882,https://api.alintaenergy.com.au/v1/myaccount/bff
2026-02-24T06:00:00.000,0.725,0.2480225,https://api.alintaenergy.com.au/v1/myaccount/bff
2026-02-24T07:00:00.000,0.73,0.249733,https://api.alintaenergy.com.au/v1/myaccount/bff
2026-02-24T08:00:00.000,1.264,0.4324144,https://api.alintaenergy.com.au/v1/myaccount/bff
2026-02-24T09:00:00.000,0.586,0.2004706,https://api.alintaenergy.com.au/v1/myaccount/bff
2026-02-24T10:00:00.000,0.134,0.0458414,https://api.alintaenergy.com.au/v1/myaccount/bff
2026-02-24T11:00:00.000,0.099,0.0338679,https://api.alintaenergy.com.au/v1/myaccount/bff
2026-02-24T12:00:00.000,0.236,0.0807356,https://api.alintaenergy.com.au/v1/myaccount/bff
2026-02-24T13:00:00.000,0.442,0.1512082,https://api.alintaenergy.com.au/v1/myaccount/bff
2026-02-24T14:00:00.000,0.19,0.064999,https://api.alintaenergy.com.au/v1/myaccount/bff
2026-02-24T15:00:00.000,1.438,0.4919398,https://api.alintaenergy.com.au/v1/myaccount/bff
2026-02-24T16:00:00.000,1.345,0.4601245,https://api.alintaenergy.com.au/v1/myaccount/bff
2026-02-24T17:00:00.000,1.424,0.4871504,https://api.alintaenergy.com.au/v1/myaccount/bff
2026-02-24T18:00:00.000,2.255,0.7714355,https://api.alintaenergy.com.au/v1/myaccount/bff
2026-02-24T19:00:00.000,1.337,0.4573877,https://api.alintaenergy.com.au/v1/myaccount/bff
2026-02-24T20:00:00.000,0.731,0.2500751,https://api.alintaenergy.com.au/v1/myaccount/bff
2026-02-24T21:00:00.000,0.772,0.2641012,https://api.alintaenergy.com.au/v1/myaccount/bff
2026-02-24T22:00:00.000,0.747,0.2555487,https://api.alintaenergy.com.au/v1/myaccount/bff
2026-02-24T23:00:00.000,0.796,0.2723116,https://api.alintaenergy.com.au/v1/myaccount/bff
2026-02-25T00:00:00.000,0.764,0.2613644,https://api.alintaenergy.com.au/v1/myaccount/bff
2026-02-25T01:00:00.000,0.743,0.2541803,https://api.alintaenergy.com.au/v1/myaccount/bff
2026-02-25T02:00:00.000,0.745,0.2548645,https://api.alintaenergy.com.au/v1/myaccount/bff
2026-02-25T03:00:00.000,0.714,0.2442594,https://api.alintaenergy.com.au/v1/myaccount/bff
2026-02-25T04:00:00.000,0.641,0.2192861,https://api.alintaenergy.com.au/v1/myaccount/bff
2026-02-25T05:00:00.000,0.732,0.2504172,https://api.alintaenergy.com.au/v1/myaccount/bff
2026-02-25T06:00:00.000,0.674,0.2305754,https://api.alintaenergy.com.au/v1/myaccount/bff
2026-02-25T07:00:00.000,0.495,0.1693395,https://api.alintaenergy.com.au/v1/myaccount/bff
2026-02-25T08:00:00.000,0.21,0.071841,https://api.alintaenergy.com.au/v1/myaccount/bff
2026-02-25T09:00:00.000,0.153,0.0523413,https://api.alintaenergy.com.au/v1/myaccount/bff
2026-02-25T10:00:00.000,0.037,0.0126577,https://api.alintaenergy.com.au/v1/myaccount/bff
2026-02-25T11:00:00.000,0.944,0.3229424,https://api.alintaenergy.com.au/v1/myaccount/bff
2026-02-25T12:00:00.000,1.109,0.3793889,https://api.alintaenergy.com.au/v1/myaccount/bff
2026-02-25T13:00:00.000,1.45,0.496045,https://api.alintaenergy.com.au/v1/myaccount/bff
2026-02-25T14:00:00.000,1.036,0.3544156,https://api.alintaenergy.com.au/v1/myaccount/bff
2026-02-25T15:00:00.000,0.958,0.3277318,https://api.alintaenergy.com.au/v1/myaccount/bff
2026-02-25T16:00:00.000,1.225,0.4190725,https://api.alintaenergy.com.au/v1/myaccount/bff
2026-02-25T17:00:00.000,1.377,0.4710717,https://api.alintaenergy.com.au/v1/myaccount/bff
2026-02-25T18:00:00.000,1.382,0.4727822,https://api.alintaenergy.com.au/v1/myaccount/bff
2026-02-25T19:00:00.000,1.592,0.5446232,https://api.alintaenergy.com.au/v1/myaccount/bff
2026-02-25T20:00:00.000,1.097,0.3752837,https://api.alintaenergy.com.au/v1/myaccount/bff
2026-02-25T21:00:00.000,0.802,0.2743642,https://api.alintaenergy.com.au/v1/myaccount/bff
2026-02-25T22:00:00.000,0.824,0.2818904,https://api.alintaenergy.com.au/v1/myaccount/bff
2026-02-25T23:00:00.000,1.025,0.3506525,https://api.alintaenergy.com.au/v1/myaccount/bff
2026-02-26T00:00:00.000,0.723,0.2473383,https://api.alintaenergy.com.au/v1/myaccount/bff
2026-02-26T01:00:00.000,0.714,0.2442594,https://api.alintaenergy.com.au/v1/myaccount/bff
2026-02-26T02:00:00.000,1.065,0.3643365,https://api.alintaenergy.com.au/v1/myaccount/bff
2026-02-26T03:00:00.000,0.651,0.2227071,https://api.alintaenergy.com.au/v1/myaccount/bff
2026-02-26T04:00:00.000,0.61,0.208681,https://api.alintaenergy.com.au/v1/myaccount/bff
2026-02-26T05:00:00.000,0.556,0.1902076,https://api.alintaenergy.com.au/v1/myaccount/bff
2026-02-26T06:00:00.000,0.479,0.1638659,https://api.alintaenergy.com.au/v1/myaccount/bff
2026-02-26T07:00:00.000,0.378,0.1293138,https://api.alintaenergy.com.au/v1/myaccount/bff
2026-02-26T08:00:00.000,0.099,0.0338679,https://api.alintaenergy.com.au/v1/myaccount/bff
2026-02-26T09:00:00.000,0.131,0.0448151,https://api.alintaenergy.com.au/v1/myaccount/bff
2026-02-26T10:00:00.000,0.858,0.2935218,https://api.alintaenergy.com.au/v1/myaccount/bff
2026-02-26T11:00:00.000,1.486,0.5083606,https://api.alintaenergy.com.au/v1/myaccount/bff
2026-02-26T12:00:00.000,1.309,0.4478089,https://api.alintaenergy.com.au/v1/myaccount/bff
2026-02-26T13:00:00.000,0.819,0.2801799,https://api.alintaenergy.com.au/v1/myaccount/bff
2026-02-26T14:00:00.000,0.684,0.2339964,https://api.alintaenergy.com.au/v1/myaccount/bff
2026-02-26T15:00:00.000,1.084,0.3708364,https://api.alintaenergy.com.au/v1/myaccount/bff
2026-02-26T16:00:00.000,1.233,0.4218093,https://api.alintaenergy.com.au/v1/myaccount/bff
2026-02-26T17:00:00.000,1.551,0.5305971,https://api.alintaenergy.com.au/v1/myaccount/bff
2026-02-26T18:00:00.000,2.077,0.7105417,https://api.alintaenergy.com.au/v1/myaccount/bff
2026-02-26T19:00:00.000,1.87,0.639727,https://api.alintaenergy.com.au/v1/myaccount/bff
2026-02-26T20:00:00.000,1.034,0.3537314,https://api.alintaenergy.com.au/v1/myaccount/bff
2026-02-26T21:00:00.000,0.855,0.2924955,https://api.alintaenergy.com.au/v1/myaccount/bff
2026-02-26T22:00:00.000,0.766,0.2620486,https://api.alintaenergy.com.au/v1/myaccount/bff
2026-02-26T23:00:00.000,0.768,0.2627328,https://api.alintaenergy.com.au/v1/myaccount/bff
2026-02-27T00:00:00.000,0.779,0.2664959,https://api.alintaenergy.com.au/v1/myaccount/bff
2026-02-27T01:00:00.000,0.713,0.2439173,https://api.alintaenergy.com.au/v1/myaccount/bff
2026-02-27T02:00:00.000,0.726,0.2483646,https://api.alintaenergy.com.au/v1/myaccount/bff
2026-02-27T03:00:00.000,0.714,0.2442594,https://api.alintaenergy.com.au/v1/myaccount/bff
2026-02-27T04:00:00.000,0.687,0.2350227,https://api.alintaenergy.com.au/v1/myaccount/bff
2026-02-27T05:00:00.000,0.986,0.3373106,https://api.alintaenergy.com.au/v1/myaccount/bff
2026-02-27T06:00:00.000,1.197,0.4094937,https://api.alintaenergy.com.au/v1/myaccount/bff
2026-02-27T07:00:00.000,2.061,0.7050681,https://api.alintaenergy.com.au/v1/myaccount/bff
2026-02-27T08:00:00.000,0.541,0.1850761,https://api.alintaenergy.com.au/v1/myaccount/bff
2026-02-27T09:00:00.000,0.546,0.1867866,https://api.alintaenergy.com.au/v1/myaccount/bff
2026-02-27T10:00:00.000,0.641,0.2192861,https://api.alintaenergy.com.au/v1/myaccount/bff
2026-02-27T11:00:00.000,0.542,0.1854182,https://api.alintaenergy.com.au/v1/myaccount/bff
2026-02-27T12:00:00.000,0.115,0.0393415,https://api.alintaenergy.com.au/v1/myaccount/bff
2026-02-27T13:00:00.000,0.694,0.2374174,https://api.alintaenergy.com.au/v1/myaccount/bff
2026-02-27T14:00:00.000,1.497,0.5121237,https://api.alintaenergy.com.au/v1/myaccount/bff
2026-02-27T15:00:00.000,1.432,0.4898872,https://api.alintaenergy.com.au/v1/myaccount/bff
2026-02-27T16:00:00.000,1.443,0.4936503,https://api.alintaenergy.com.au/v1/myaccount/bff
2026-02-27T17:00:00.000,1.245,0.4259145,https://api.alintaenergy.com.au/v1/myaccount/bff
2026-02-27T18:00:00.000,1.76,0.602096,https://api.alintaenergy.com.au/v1/myaccount/bff
2026-02-27T19:00:00.000,2.394,0.8189874,https://api.alintaenergy.com.au/v1/myaccount/bff
2026-02-27T20:00:00.000,1.369,0.4683349,https://api.alintaenergy.com.au/v1/myaccount/bff
2026-02-27T21:00:00.000,0.85,0.290785,https://api.alintaenergy.com.au/v1/myaccount/bff
2026-02-27T22:00:00.000,0.79,0.270259,https://api.alintaenergy.com.au/v1/myaccount/bff
2026-02-27T23:00:00.000,1.051,0.3595471,https://api.alintaenergy.com.au/v1/myaccount/bff
2026-02-28T00:00:00.000,0.738,0.2524698,https://api.alintaenergy.com.au/v1/myaccount/bff
2026-02-28T01:00:00.000,0.738,0.2524698,https://api.alintaenergy.com.au/v1/myaccount/bff
2026-02-28T02:00:00.000,1.053,0.3602313,https://api.alintaenergy.com.au/v1/myaccount/bff
2026-02-28T03:00:00.000,0.668,0.2285228,https://api.alintaenergy.com.au/v1/myaccount/bff
2026-02-28T04:00:00.000,0.668,0.2285228,https://api.alintaenergy.com.au/v1/myaccount/bff
2026-02-28T05:00:00.000,0.82,0.280522,https://api.alintaenergy.com.au/v1/myaccount/bff
2026-02-28T06:00:00.000,0.667,0.2281807,https://api.alintaenergy.com.au/v1/myaccount/bff
2026-02-28T07:00:00.000,0.968,0.3311528,https://api.alintaenergy.com.au/v1/myaccount/bff
2026-02-28T08:00:00.000,0.519,0.1775499,https://api.alintaenergy.com.au/v1/myaccount/bff
2026-02-28T09:00:00.000,0.435,0.1488135,https://api.alintaenergy.com.au/v1/myaccount/bff
2026-02-28T10:00:00.000,0.235,0.0803935,https://api.alintaenergy.com.au/v1/myaccount/bff
2026-02-28T11:00:00.000,0.136,0.0465256,https://api.alintaenergy.com.au/v1/myaccount/bff
2026-02-28T12:00:00.000,0.044,0.0150524,https://api.alintaenergy.com.au/v1/myaccount/bff
2026-02-28T13:00:00.000,0.175,0.0598675,https://api.alintaenergy.com.au/v1/myaccount/bff
2026-02-28T14:00:00.000,0.292,0.0998932,https://api.alintaenergy.com.au/v1/myaccount/bff
2026-02-28T15:00:00.000,0.282,0.0964722,https://api.alintaenergy.com.au/v1/myaccount/bff
2026-02-28T16:00:00.000,1.905,0.6517005,https://api.alintaenergy.com.au/v1/myaccount/bff
2026-02-28T17:00:00.000,2.33,0.797093,https://api.alintaenergy.com.au/v1/myaccount/bff
2026-02-28T18:00:00.000,2.163,0.7399623,https://api.alintaenergy.com.au/v1/myaccount/bff
2026-02-28T19:00:00.000,1.36,0.465256,https://api.alintaenergy.com.au/v1/myaccount/bff
2026-02-28T20:00:00.000,0.875,0.2993375,https://api.alintaenergy.com.au/v1/myaccount/bff
2026-02-28T21:00:00.000,0.882,0.3017322,https://api.alintaenergy.com.au/v1/myaccount/bff
2026-02-28T22:00:00.000,0.836,0.2859956,https://api.alintaenergy.com.au/v1/myaccount/bff
2026-02-28T23:00:00.000,0.737,0.2521277,https://api.alintaenergy.com.au/v1/myaccount/bff
2026-01-01T00:00:00.000,0.751,0.2569171,https://api.alintaenergy.com.au/v1/myaccount/bff
2026-01-01T01:00:00.000,1.068,0.3653628,https://api.alintaenergy.com.au/v1/myaccount/bff
2026-01-01T02:00:00.000,1.043,0.3568103,https://api.alintaenergy.com.au/v1/myaccount/bff
2026-01-01T03:00:00.000,0.736,0.2517856,https://api.alintaenergy.com.au/v1/myaccount/bff
2026-01-01T04:00:00.000,0.726,0.2483646,https://api.alintaenergy.com.au/v1/myaccount/bff
2026-01-01T05:00:00.000,0.792,0.2709432,https://api.alintaenergy.com.au/v1/myaccount/bff
2026-01-01T06:00:00.000,1.023,0.3499683,https://api.alintaenergy.com.au/v1/myaccount/bff
2026-01-01T07:00:00.000,1.881,0.6434901,https://api.alintaenergy.com.au/v1/myaccount/bff
2026-01-01T08:00:00.000,1.389,0.4751769,https://api.alintaenergy.com.au/v1/myaccount/bff
2026-01-01T09:00:00.000,0,0,https://api.alintaenergy.com.au/v1/myaccount/bff
2026-01-01T10:00:00.000,0.023,0.0078683,https://api.alintaenergy.com.au/v1/myaccount/bff
2026-01-01T11:00:00.000,0.1,0.03421,https://api.alintaenergy.com.au/v1/myaccount/bff
2026-01-01T12:00:00.000,0.53,0.181313,https://api.alintaenergy.com.au/v1/myaccount/bff
2026-01-01T13:00:00.000,0.931,0.3184951,https://api.alintaenergy.com.au/v1/myaccount/bff
2026-01-01T14:00:00.000,0.069,0.0236049,https://api.alintaenergy.com.au/v1/myaccount/bff
2026-01-01T15:00:00.000,1.505,0.5148605,https://api.alintaenergy.com.au/v1/myaccount/bff
2026-01-01T16:00:00.000,1.527,0.5223867,https://api.alintaenergy.com.au/v1/myaccount/bff
2026-01-01T17:00:00.000,1.732,0.5925172,https://api.alintaenergy.com.au/v1/myaccount/bff
2026-01-01T18:00:00.000,1.763,0.6031223,https://api.alintaenergy.com.au/v1/myaccount/bff
2026-01-01T19:00:00.000,2.295,0.7851195,https://api.alintaenergy.com.au/v1/myaccount/bff
2026-01-01T20:00:00.000,2.102,0.7190942,https://api.alintaenergy.com.au/v1/myaccount/bff
2026-01-01T21:00:00.000,1.489,0.5093869,https://api.alintaenergy.com.au/v1/myaccount/bff
2026-01-01T22:00:00.000,1.687,0.5771227,https://api.alintaenergy.com.au/v1/myaccount/bff
2026-01-01T23:00:00.000,0.917,0.3137057,https://api.alintaenergy.com.au/v1/myaccount/bff
2026-01-02T00:00:00.000,0.776,0.2654696,https://api.alintaenergy.com.au/v1/myaccount/bff
2026-01-02T01:00:00.000,0.793,0.2712853,https://api.alintaenergy.com.au/v1/myaccount/bff
2026-01-02T02:00:00.000,1.095,0.3745995,https://api.alintaenergy.com.au/v1/myaccount/bff
2026-01-02T03:00:00.000,0.681,0.2329701,https://api.alintaenergy.com.au/v1/myaccount/bff
2026-01-02T04:00:00.000,0.769,0.2630749,https://api.alintaenergy.com.au/v1/myaccount/bff
2026-01-02T05:00:00.000,0.775,0.2651275,https://api.alintaenergy.com.au/v1/myaccount/bff
2026-01-02T06:00:00.000,0.732,0.2504172,https://api.alintaenergy.com.au/v1/myaccount/bff
2026-01-02T07:00:00.000,0.597,0.2042337,https://api.alintaenergy.com.au/v1/myaccount/bff
2026-01-02T08:00:00.000,0.053,0.0181313,https://api.alintaenergy.com.au/v1/myaccount/bff
2026-01-02T09:00:00.000,0.329,0.1125509,https://api.alintaenergy.com.au/v1/myaccount/bff
2026-01-02T10:00:00.000,0.235,0.0803935,https://api.alintaenergy.com.au/v1/myaccount/bff
2026-01-02T11:00:00.000,0.049,0.0167629,https://api.alintaenergy.com.au/v1/myaccount/bff
2026-01-02T12:00:00.000,0.168,0.0574728,https://api.alintaenergy.com.au/v1/myaccount/bff
2026-01-02T13:00:00.000,0.412,0.1409452,https://api.alintaenergy.com.au/v1/myaccount/bff
2026-01-02T14:00:00.000,0.23,0.078683,https://api.alintaenergy.com.au/v1/myaccount/bff
2026-01-02T15:00:00.000,0.506,0.1731026,https://api.alintaenergy.com.au/v1/myaccount/bff
2026-01-02T16:00:00.000,0.76,0.259996,https://api.alintaenergy.com.au/v1/myaccount/bff
2026-01-02T17:00:00.000,2.228,0.7621988,https://api.alintaenergy.com.au/v1/myaccount/bff
2026-01-02T18:00:00.000,2.195,0.7509095,https://api.alintaenergy.com.au/v1/myaccount/bff
2026-01-02T19:00:00.000,1.463,0.5004923,https://api.alintaenergy.com.au/v1/myaccount/bff
2026-01-02T20:00:00.000,1.053,0.3602313,https://api.alintaenergy.com.au/v1/myaccount/bff
2026-01-02T21:00:00.000,0.927,0.3171267,https://api.alintaenergy.com.au/v1/myaccount/bff
2026-01-02T22:00:00.000,1.147,0.3923887,https://api.alintaenergy.com.au/v1/myaccount/bff
2026-01-02T23:00:00.000,1.139,0.3896519,https://api.alintaenergy.com.au/v1/myaccount/bff
2026-01-03T00:00:00.000,0.775,0.2651275,https://api.alintaenergy.com.au/v1/myaccount/bff
2026-01-03T01:00:00.000,0.804,0.2750484,https://api.alintaenergy.com.au/v1/myaccount/bff
2026-01-03T02:00:00.000,1.09,0.372889,https://api.alintaenergy.com.au/v1/myaccount/bff
2026-01-03T03:00:00.000,0.766,0.2620486,https://api.alintaenergy.com.au/v1/myaccount/bff
2026-01-03T04:00:00.000,0.718,0.2456278,https://api.alintaenergy.com.au/v1/myaccount/bff
2026-01-03T05:00:00.000,0.91,0.311311,https://api.alintaenergy.com.au/v1/myaccount/bff
2026-01-03T06:00:00.000,0.757,0.2589697,https://api.alintaenergy.com.au/v1/myaccount/bff
2026-01-03T07:00:00.000,0.584,0.1997864,https://api.alintaenergy.com.au/v1/myaccount/bff
2026-01-03T08:00:00.000,0.517,0.1768657,https://api.alintaenergy.com.au/v1/myaccount/bff
2026-01-03T09:00:00.000,0.22,0.075262,https://api.alintaenergy.com.au/v1/myaccount/bff
2026-01-03T10:00:00.000,0.13,0.044473,https://api.alintaenergy.com.au/v1/myaccount/bff
2026-01-03T11:00:00.000,0.174,0.0595254,https://api.alintaenergy.com.au/v1/myaccount/bff
2026-01-03T12:00:00.000,0.71,0.242891,https://api.alintaenergy.com.au/v1/myaccount/bff
2026-01-03T13:00:00.000,0.992,0.3393632,https://api.alintaenergy.com.au/v1/myaccount/bff
2026-01-03T14:00:00.000,0.279,0.0954459,https://api.alintaenergy.com.au/v1/myaccount/bff
2026-01-03T15:00:00.000,1.322,0.4522562,https://api.alintaenergy.com.au/v1/myaccount/bff
2026-01-03T16:00:00.000,1.164,0.3982044,https://api.alintaenergy.com.au/v1/myaccount/bff
2026-01-03T17:00:00.000,1.406,0.4809926,https://api.alintaenergy.com.au/v1/myaccount/bff
2026-01-03T18:00:00.000,2.815,0.9630115,https://api.alintaenergy.com.au/v1/myaccount/bff
2026-01-03T19:00:00.000,1.757,0.6010697,https://api.alintaenergy.com.au/v1/myaccount/bff
2026-01-03T20:00:00.000,2.023,0.6920683,https://api.alintaenergy.com.au/v1/myaccount/bff
2026-01-03T21:00:00.000,1.763,0.6031223,https://api.alintaenergy.com.au/v1/myaccount/bff
2026-01-03T22:00:00.000,1.387,0.4744927,https://api.alintaenergy.com.au/v1/myaccount/bff
2026-01-03T23:00:00.000,0.794,0.2716274,https://api.alintaenergy.com.au/v1/myaccount/bff
2026-01-04T00:00:00.000,0.836,0.2859956,https://api.alintaenergy.com.au/v1/myaccount/bff
2026-01-04T01:00:00.000,1.023,0.3499683,https://api.alintaenergy.com.au/v1/myaccount/bff
2026-01-04T02:00:00.000,0.739,0.2528119,https://api.alintaenergy.com.au/v1/myaccount/bff
2026-01-04T03:00:00.000,0.723,0.2473383,https://api.alintaenergy.com.au/v1/myaccount/bff
2026-01-04T04:00:00.000,0.82,0.280522,https://api.alintaenergy.com.au/v1/myaccount/bff
2026-01-04T05:00:00.000,0.727,0.2487067,https://api.alintaenergy.com.au/v1/myaccount/bff
2026-01-04T06:00:00.000,0.621,0.2124441,https://api.alintaenergy.com.au/v1/myaccount/bff
2026-01-04T07:00:00.000,0.304,0.1039984,https://api.alintaenergy.com.au/v1/myaccount/bff
2026-01-04T08:00:00.000,0.34,0.116314,https://api.alintaenergy.com.au/v1/myaccount/bff
2026-01-04T09:00:00.000,1.225,0.4190725,https://api.alintaenergy.com.au/v1/myaccount/bff
2026-01-04T10:00:00.000,0.747,0.2555487,https://api.alintaenergy.com.au/v1/myaccount/bff
2026-01-04T11:00:00.000,1.034,0.3537314,https://api.alintaenergy.com.au/v1/myaccount/bff
2026-01-04T12:00:00.000,0.416,0.1423136,https://api.alintaenergy.com.au/v1/myaccount/bff
2026-01-04T13:00:00.000,0.477,0.1631817,https://api.alintaenergy.com.au/v1/myaccount/bff
2026-01-04T14:00:00.000,0.745,0.2548645,https://api.alintaenergy.com.au/v1/myaccount/bff
2026-01-04T15:00:00.000,0.613,0.2097073,https://api.alintaenergy.com.au/v1/myaccount/bff
2026-01-04T16:00:00.000,1.019,0.3485999,https://api.alintaenergy.com.au/v1/myaccount/bff
2026-01-04T17:00:00.000,1.193,0.4081253,https://api.alintaenergy.com.au/v1/myaccount/bff
2026-01-04T18:00:00.000,1.384,0.4734664,https://api.alintaenergy.com.au/v1/myaccount/bff
2026-01-04T19:00:00.000,1.436,0.4912556,https://api.alintaenergy.com.au/v1/myaccount/bff
2026-01-04T20:00:00.000,1.233,0.4218093,https://api.alintaenergy.com.au/v1/myaccount/bff
2026-01-04T21:00:00.000,1.149,0.3930729,https://api.alintaenergy.com.au/v1/myaccount/bff
2026-01-04T22:00:00.000,0.937,0.3205477,https://api.alintaenergy.com.au/v1/myaccount/bff
2026-01-04T23:00:00.000,1.118,0.3824678,https://api.alintaenergy.com.au/v1/myaccount/bff
2026-01-05T00:00:00.000,0.838,0.2866798,https://api.alintaenergy.com.au/v1/myaccount/bff
2026-01-05T01:00:00.000,0.799,0.2733379,https://api.alintaenergy.com.au/v1/myaccount/bff
2026-01-05T02:00:00.000,1.157,0.3958097,https://api.alintaenergy.com.au/v1/myaccount/bff
2026-01-05T03:00:00.000,0.686,0.2346806,https://api.alintaenergy.com.au/v1/myaccount/bff
2026-01-05T04:00:00.000,0.716,0.2449436,https://api.alintaenergy.com.au/v1/myaccount/bff
2026-01-05T05:00:00.000,0.726,0.2483646,https://api.alintaenergy.com.au/v1/myaccount/bff
2026-01-05T06:00:00.000,0.708,0.2422068,https://api.alintaenergy.com.au/v1/myaccount/bff
2026-01-05T07:00:00.000,0.662,0.2264702,https://api.alintaenergy.com.au/v1/myaccount/bff
2026-01-05T08:00:00.000,0.538,0.1840498,https://api.alintaenergy.com.au/v1/myaccount/bff
2026-01-05T09:00:00.000,0.512,0.1751552,https://api.alintaenergy.com.au/v1/myaccount/bff
2026-01-05T10:00:00.000,0.462,0.1580502,https://api.alintaenergy.com.au/v1/myaccount/bff
2026-01-05T11:00:00.000,0.35,0.119735,https://api.alintaenergy.com.au/v1/myaccount/bff
2026-01-05T12:00:00.000,0.671,0.2295491,https://api.alintaenergy.com.au/v1/myaccount/bff
2026-01-05T13:00:00.000,0.636,0.2175756,https://api.alintaenergy.com.au/v1/myaccount/bff
2026-01-05T14:00:00.000,0.374,0.1279454,https://api.alintaenergy.com.au/v1/myaccount/bff
2026-01-05T15:00:00.000,0.867,0.2966007,https://api.alintaenergy.com.au/v1/myaccount/bff
2026-01-05T16:00:00.000,1.178,0.4029938,https://api.alintaenergy.com.au/v1/myaccount/bff
2026-01-05T17:00:00.000,1.862,0.6369902,https://api.alintaenergy.com.au/v1/myaccount/bff
2026-01-05T18:00:00.000,1.512,0.5172552,https://api.alintaenergy.com.au/v1/myaccount/bff
2026-01-05T19:00:00.000,1.517,0.5189657,https://api.alintaenergy.com.au/v1/myaccount/bff
2026-01-05T20:00:00.000,1.063,0.3636523,https://api.alintaenergy.com.au/v1/myaccount/bff
2026-01-05T21:00:00.000,1.058,0.3619418,https://api.alintaenergy.com.au/v1/myaccount/bff
2026-01-05T22:00:00.000,1.221,0.4177041,https://api.alintaenergy.com.au/v1/myaccount/bff
2026-01-05T23:00:00.000,0.842,0.2880482,https://api.alintaenergy.com.au/v1/myaccount/bff
2026-01-06T00:00:00.000,0.806,0.2757326,https://api.alintaenergy.com.au/v1/myaccount/bff
2026-01-06T01:00:00.000,1.086,0.3715206,https://api.alintaenergy.com.au/v1/myaccount/bff
2026-01-06T02:00:00.000,1.086,0.3715206,https://api.alintaenergy.com.au/v1/myaccount/bff
2026-01-06T03:00:00.000,0.743,0.2541803,https://api.alintaenergy.com.au/v1/myaccount/bff
2026-01-06T04:00:00.000,0.766,0.2620486,https://api.alintaenergy.com.au/v1/myaccount/bff
2026-01-06T05:00:00.000,0.723,0.2473383,https://api.alintaenergy.com.au/v1/myaccount/bff
2026-01-06T06:00:00.000,0.708,0.2422068,https://api.alintaenergy.com.au/v1/myaccount/bff
2026-01-06T07:00:00.000,0.154,0.0526834,https://api.alintaenergy.com.au/v1/myaccount/bff
2026-01-06T08:00:00.000,0.383,0.1310243,https://api.alintaenergy.com.au/v1/myaccount/bff
2026-01-06T09:00:00.000,1.017,0.3479157,https://api.alintaenergy.com.au/v1/myaccount/bff
2026-01-06T10:00:00.000,0.237,0.0810777,https://api.alintaenergy.com.au/v1/myaccount/bff
2026-01-06T11:00:00.000,0.394,0.1347874,https://api.alintaenergy.com.au/v1/myaccount/bff
2026-01-06T12:00:00.000,0.871,0.2979691,https://api.alintaenergy.com.au/v1/myaccount/bff
2026-01-06T13:00:00.000,0.753,0.2576013,https://api.alintaenergy.com.au/v1/myaccount/bff
2026-01-06T14:00:00.000,0.735,0.2514435,https://api.alintaenergy.com.au/v1/myaccount/bff
2026-01-06T15:00:00.000,0.65,0.222365,https://api.alintaenergy.com.au/v1/myaccount/bff
2026-01-06T16:00:00.000,1.021,0.3492841,https://api.alintaenergy.com.au/v1/myaccount/bff
2026-01-06T17:00:00.000,1.642,0.5617282,https://api.alintaenergy.com.au/v1/myaccount/bff
2026-01-06T18:00:00.000,1.583,0.5415443,https://api.alintaenergy.com.au/v1/myaccount/bff
2026-01-06T19:00:00.000,1.472,0.5035712,https://api.alintaenergy.com.au/v1/myaccount/bff
2026-01-06T20:00:00.000,1.254,0.4289934,https://api.alintaenergy.com.au/v1/myaccount/bff
2026-01-06T21:00:00.000,0.963,0.3294423,https://api.alintaenergy.com.au/v1/myaccount/bff
2026-01-06T22:00:00.000,0.813,0.2781273,https://api.alintaenergy.com.au/v1/myaccount/bff
2026-01-06T23:00:00.000,0.78,0.266838,https://api.alintaenergy.com.au/v1/myaccount/bff
2026-01-07T00:00:00.000,0.697,0.2384437,https://api.alintaenergy.com.au/v1/myaccount/bff
2026-01-07T01:00:00.000,0.759,0.2596539,https://api.alintaenergy.com.au/v1/myaccount/bff
2026-01-07T02:00:00.000,1.043,0.3568103,https://api.alintaenergy.com.au/v1/myaccount/bff
2026-01-07T03:00:00.000,0.654,0.2237334,https://api.alintaenergy.com.au/v1/myaccount/bff
2026-01-07T04:00:00.000,0.735,0.2514435,https://api.alintaenergy.com.au/v1/myaccount/bff
2026-01-07T05:00:00.000,1.164,0.3982044,https://api.alintaenergy.com.au/v1/myaccount/bff
2026-01-07T06:00:00.000,1.403,0.4799663,https://api.alintaenergy.com.au/v1/myaccount/bff
2026-01-07T07:00:00.000,0.294,0.1005774,https://api.alintaenergy.com.au/v1/myaccount/bff
2026-01-07T08:00:00.000,0.277,0.0947617,https://api.alintaenergy.com.au/v1/myaccount/bff
2026-01-07T09:00:00.000,0.192,0.0656832,https://api.alintaenergy.com.au/v1/myaccount/bff
2026-01-07T10:00:00.000,0.781,0.2671801,https://api.alintaenergy.com.au/v1/myaccount/bff
2026-01-07T11:00:00.000,0.834,0.2853114,https://api.alintaenergy.com.au/v1/myaccount/bff
2026-01-07T12:00:00.000,0.717,0.2452857,https://api.alintaenergy.com.au/v1/myaccount/bff
2026-01-07T13:00:00.000,0.169,0.0578149,https://api.alintaenergy.com.au/v1/myaccount/bff
2026-01-07T14:00:00.000,0.118,0.0403678,https://api.alintaenergy.com.au/v1/myaccount/bff
2026-01-07T15:00:00.000,0.233,0.0797093,https://api.alintaenergy.com.au/v1/myaccount/bff
2026-01-07T16:00:00.000,0.528,0.1806288,https://api.alintaenergy.com.au/v1/myaccount/bff
2026-01-07T17:00:00.000,0.839,0.2870219,https://api.alintaenergy.com.au/v1/myaccount/bff
2026-01-07T18:00:00.000,1.426,0.4878346,https://api.alintaenergy.com.au/v1/myaccount/bff
2026-01-07T19:00:00.000,1.383,0.4731243,https://api.alintaenergy.com.au/v1/myaccount/bff
2026-01-07T20:00:00.000,1.35,0.461835,https://api.alintaenergy.com.au/v1/myaccount/bff
2026-01-07T21:00:00.000,1.083,0.3704943,https://api.alintaenergy.com.au/v1/myaccount/bff
2026-01-07T22:00:00.000,1.255,0.4293355,https://api.alintaenergy.com.au/v1/myaccount/bff
2026-01-07T23:00:00.000,1.193,0.4081253,https://api.alintaenergy.com.au/v1/myaccount/bff
2026-01-08T00:00:00.000,0.807,0.2760747,https://api.alintaenergy.com.au/v1/myaccount/bff
2026-01-08T01:00:00.000,1.375,0.4703875,https://api.alintaenergy.com.au/v1/myaccount/bff
2026-01-08T02:00:00.000,1.489,0.5093869,https://api.alintaenergy.com.au/v1/myaccount/bff
2026-01-08T03:00:00.000,1.043,0.3568103,https://api.alintaenergy.com.au/v1/myaccount/bff
2026-01-08T04:00:00.000,0.931,0.3184951,https://api.alintaenergy.com.au/v1/myaccount/bff
2026-01-08T05:00:00.000,0.868,0.2969428,https://api.alintaenergy.com.au/v1/myaccount/bff
2026-01-08T06:00:00.000,0.741,0.2534961,https://api.alintaenergy.com.au/v1/myaccount/bff
2026-01-08T07:00:00.000,0.435,0.1488135,https://api.alintaenergy.com.au/v1/myaccount/bff
2026-01-08T08:00:00.000,0.201,0.0687621,https://api.alintaenergy.com.au/v1/myaccount/bff
2026-01-08T09:00:00.000,0.225,0.0769725,https://api.alintaenergy.com.au/v1/myaccount/bff
2026-01-08T10:00:00.000,0.352,0.1204192,https://api.alintaenergy.com.au/v1/myaccount/bff
2026-01-08T11:00:00.000,0.584,0.1997864,https://api.alintaenergy.com.au/v1/myaccount/bff
2026-01-08T12:00:00.000,0.787,0.2692327,https://api.alintaenergy.com.au/v1/myaccount/bff
2026-01-08T13:00:00.000,0.682,0.2333122,https://api.alintaenergy.com.au/v1/myaccount/bff
2026-01-08T14:00:00.000,0.656,0.2244176,https://api.alintaenergy.com.au/v1/myaccount/bff
2026-01-08T15:00:00.000,0.517,0.1768657,https://api.alintaenergy.com.au/v1/myaccount/bff
2026-01-08T16:00:00.000,1.034,0.3537314,https://api.alintaenergy.com.au/v1/myaccount/bff
2026-01-08T17:00:00.000,1.382,0.4727822,https://api.alintaenergy.com.au/v1/myaccount/bff
2026-01-08T18:00:00.000,1.424,0.4871504,https://api.alintaenergy.com.au/v1/myaccount/bff
2026-01-08T19:00:00.000,2.208,0.7553568,https://api.alintaenergy.com.au/v1/myaccount/bff
2026-01-08T20:00:00.000,1.572,0.5377812,https://api.alintaenergy.com.au/v1/myaccount/bff
2026-01-08T21:00:00.000,1.122,0.3838362,https://api.alintaenergy.com.au/v1/myaccount/bff
2026-01-08T22:00:00.000,0.874,0.2989954,https://api.alintaenergy.com.au/v1/myaccount/bff
2026-01-08T23:00:00.000,0.856,0.2928376,https://api.alintaenergy.com.au/v1/myaccount/bff
2026-01-09T00:00:00.000,0.861,0.2945481,https://api.alintaenergy.com.au/v1/myaccount/bff
2026-01-09T01:00:00.000,0.914,0.3126794,https://api.alintaenergy.com.au/v1/myaccount/bff
2026-01-09T02:00:00.000,1.242,0.4248882,https://api.alintaenergy.com.au/v1/myaccount/bff
2026-01-09T03:00:00.000,0.873,0.2986533,https://api.alintaenergy.com.au/v1/myaccount/bff
2026-01-09T04:00:00.000,0.856,0.2928376,https://api.alintaenergy.com.au/v1/myaccount/bff
2026-01-09T05:00:00.000,0.748,0.2558908,https://api.alintaenergy.com.au/v1/myaccount/bff
2026-01-09T06:00:00.000,0.49,0.167629,https://api.alintaenergy.com.au/v1/myaccount/bff
2026-01-09T07:00:00.000,0.265,0.0906565,https://api.alintaenergy.com.au/v1/myaccount/bff
2026-01-09T08:00:00.000,0.435,0.1488135,https://api.alintaenergy.com.au/v1/myaccount/bff
2026-01-09T09:00:00.000,0.164,0.0561044,https://api.alintaenergy.com.au/v1/myaccount/bff
2026-01-09T10:00:00.000,1.001,0.3424421,https://api.alintaenergy.com.au/v1/myaccount/bff
2026-01-09T11:00:00.000,1.323,0.4525983,https://api.alintaenergy.com.au/v1/myaccount/bff
2026-01-09T12:00:00.000,1.297,0.4437037,https://api.alintaenergy.com.au/v1/myaccount/bff
2026-01-09T13:00:00.000,0.757,0.2589697,https://api.alintaenergy.com.au/v1/myaccount/bff
2026-01-09T14:00:00.000,0.587,0.2008127,https://api.alintaenergy.com.au/v1/myaccount/bff
2026-01-09T15:00:00.000,0.964,0.3297844,https://api.alintaenergy.com.au/v1/myaccount/bff
2026-01-09T16:00:00.000,1.291,0.4416511,https://api.alintaenergy.com.au/v1/myaccount/bff
2026-01-09T17:00:00.000,1.594,0.5453074,https://api.alintaenergy.com.au/v1/myaccount/bff
2026-01-09T18:00:00.000,1.43,0.489203,https://api.alintaenergy.com.au/v1/myaccount/bff
2026-01-09T19:00:00.000,1.827,0.6250167,https://api.alintaenergy.com.au/v1/myaccount/bff
2026-01-09T20:00:00.000,2.349,0.8035929,https://api.alintaenergy.com.au/v1/myaccount/bff
2026-01-09T21:00:00.000,1.524,0.5213604,https://api.alintaenergy.com.au/v1/myaccount/bff
2026-01-09T22:00:00.000,1.519,0.5196499,https://api.alintaenergy.com.au/v1/myaccount/bff
2026-01-09T23:00:00.000,1.478,0.5056238,https://api.alintaenergy.com.au/v1/myaccount/bff
2026-01-10T00:00:00.000,1.108,0.3790468,https://api.alintaenergy.com.au/v1/myaccount/bff
2026-01-10T01:00:00.000,1.154,0.3947834,https://api.alintaenergy.com.au/v1/myaccount/bff
2026-01-10T02:00:00.000,1.364,0.4666244,https://api.alintaenergy.com.au/v1/myaccount/bff
2026-01-10T03:00:00.000,1.045,0.3574945,https://api.alintaenergy.com.au/v1/myaccount/bff
2026-01-10T04:00:00.000,0.96,0.328416,https://api.alintaenergy.com.au/v1/myaccount/bff
2026-01-10T05:00:00.000,0.95,0.324995,https://api.alintaenergy.com.au/v1/myaccount/bff
2026-01-10T06:00:00.000,0.957,0.3273897,https://api.alintaenergy.com.au/v1/myaccount/bff
2026-01-10T07:00:00.000,0.746,0.2552066,https://api.alintaenergy.com.au/v1/myaccount/bff
2026-01-10T08:00:00.000,0.48,0.164208,https://api.alintaenergy.com.au/v1/myaccount/bff
2026-01-10T09:00:00.000,0.368,0.1258928,https://api.alintaenergy.com.au/v1/myaccount/bff
2026-01-10T10:00:00.000,0.312,0.1067352,https://api.alintaenergy.com.au/v1/myaccount/bff
2026-01-10T11:00:00.000,0.957,0.3273897,https://api.alintaenergy.com.au/v1/myaccount/bff
2026-01-10T12:00:00.000,1.193,0.4081253,https://api.alintaenergy.com.au/v1/myaccount/bff
2026-01-10T13:00:00.000,1.444,0.4939924,https://api.alintaenergy.com.au/v1/myaccount/bff
2026-01-10T14:00:00.000,0.722,0.2469962,https://api.alintaenergy.com.au/v1/myaccount/bff
2026-01-10T15:00:00.000,1.841,0.6298061,https://api.alintaenergy.com.au/v1/myaccount/bff
2026-01-10T16:00:00.000,2.231,0.7632251,https://api.alintaenergy.com.au/v1/myaccount/bff
2026-01-10T17:00:00.000,1.735,0.5935435,https://api.alintaenergy.com.au/v1/myaccount/bff
2026-01-10T18:00:00.000,1.785,0.6106485,https://api.alintaenergy.com.au/v1/myaccount/bff
2026-01-10T19:00:00.000,1.767,0.6044907,https://api.alintaenergy.com.au/v1/myaccount/bff
2026-01-10T20:00:00.000,1.304,0.4460984,https://api.alintaenergy.com.au/v1/myaccount/bff
2026-01-10T21:00:00.000,1.151,0.3937571,https://api.alintaenergy.com.au/v1/myaccount/bff
2026-01-10T22:00:00.000,1,0.3421,https://api.alintaenergy.com.au/v1/myaccount/bff
2026-01-10T23:00:00.000,0.893,0.3054953,https://api.alintaenergy.com.au/v1/myaccount/bff
2026-01-11T00:00:00.000,0.776,0.2654696,https://api.alintaenergy.com.au/v1/myaccount/bff
2026-01-11T01:00:00.000,1.074,0.3674154,https://api.alintaenergy.com.au/v1/myaccount/bff
2026-01-11T02:00:00.000,0.858,0.2935218,https://api.alintaenergy.com.au/v1/myaccount/bff
2026-01-11T03:00:00.000,1.094,0.3742574,https://api.alintaenergy.com.au/v1/myaccount/bff
2026-01-11T04:00:00.000,1.279,0.4375459,https://api.alintaenergy.com.au/v1/myaccount/bff
2026-01-11T05:00:00.000,1.084,0.3708364,https://api.alintaenergy.com.au/v1/myaccount/bff
2026-01-11T06:00:00.000,0.984,0.3366264,https://api.alintaenergy.com.au/v1/myaccount/bff
2026-01-11T07:00:00.000,0.764,0.2613644,https://api.alintaenergy.com.au/v1/myaccount/bff
2026-01-11T08:00:00.000,0.529,0.1809709,https://api.alintaenergy.com.au/v1/myaccount/bff
2026-01-11T09:00:00.000,0.263,0.0899723,https://api.alintaenergy.com.au/v1/myaccount/bff
2026-01-11T10:00:00.000,0.572,0.1956812,https://api.alintaenergy.com.au/v1/myaccount/bff
2026-01-11T11:00:00.000,0.542,0.1854182,https://api.alintaenergy.com.au/v1/myaccount/bff
2026-01-11T12:00:00.000,0.374,0.1279454,https://api.alintaenergy.com.au/v1/myaccount/bff
2026-01-11T13:00:00.000,0.613,0.2097073,https://api.alintaenergy.com.au/v1/myaccount/bff
2026-01-11T14:00:00.000,0.88,0.301048,https://api.alintaenergy.com.au/v1/myaccount/bff
2026-01-11T15:00:00.000,1.264,0.4324144,https://api.alintaenergy.com.au/v1/myaccount/bff
2026-01-11T16:00:00.000,1.3,0.44473,https://api.alintaenergy.com.au/v1/myaccount/bff
2026-01-11T17:00:00.000,1.189,0.4067569,https://api.alintaenergy.com.au/v1/myaccount/bff
2026-01-11T18:00:00.000,1.486,0.5083606,https://api.alintaenergy.com.au/v1/myaccount/bff
2026-01-11T19:00:00.000,2.206,0.7546726,https://api.alintaenergy.com.au/v1/myaccount/bff
2026-01-11T20:00:00.000,1.355,0.4635455,https://api.alintaenergy.com.au/v1/myaccount/bff
2026-01-11T21:00:00.000,1.255,0.4293355,https://api.alintaenergy.com.au/v1/myaccount/bff
2026-01-11T22:00:00.000,0.92,0.314732,https://api.alintaenergy.com.au/v1/myaccount/bff
2026-01-11T23:00:00.000,1.216,0.4159936,https://api.alintaenergy.com.au/v1/myaccount/bff
2026-01-12T00:00:00.000,0.891,0.3048111,https://api.alintaenergy.com.au/v1/myaccount/bff
2026-01-12T01:00:00.000,0.884,0.3024164,https://api.alintaenergy.com.au/v1/myaccount/bff
2026-01-12T02:00:00.000,1.253,0.4286513,https://api.alintaenergy.com.au/v1/myaccount/bff
2026-01-12T03:00:00.000,0.822,0.2812062,https://api.alintaenergy.com.au/v1/myaccount/bff
2026-01-12T04:00:00.000,0.874,0.2989954,https://api.alintaenergy.com.au/v1/myaccount/bff
2026-01-12T05:00:00.000,0.795,0.2719695,https://api.alintaenergy.com.au/v1/myaccount/bff
2026-01-12T06:00:00.000,0.806,0.2757326,https://api.alintaenergy.com.au/v1/myaccount/bff
2026-01-12T07:00:00.000,0.615,0.2103915,https://api.alintaenergy.com.au/v1/myaccount/bff
2026-01-12T08:00:00.000,0.534,0.1826814,https://api.alintaenergy.com.au/v1/myaccount/bff
2026-01-12T09:00:00.000,0.544,0.1861024,https://api.alintaenergy.com.au/v1/myaccount/bff
2026-01-12T10:00:00.000,0.289,0.0988669,https://api.alintaenergy.com.au/v1/myaccount/bff
2026-01-12T11:00:00.000,0.329,0.1125509,https://api.alintaenergy.com.au/v1/myaccount/bff
2026-01-12T12:00:00.000,0.657,0.2247597,https://api.alintaenergy.com.au/v1/myaccount/bff
2026-01-12T13:00:00.000,0.41,0.140261,https://api.alintaenergy.com.au/v1/myaccount/bff
2026-01-12T14:00:00.000,1.167,0.3992307,https://api.alintaenergy.com.au/v1/myaccount/bff
2026-01-12T15:00:00.000,1.329,0.4546509,https://api.alintaenergy.com.au/v1/myaccount/bff
2026-01-12T16:00:00.000,1.289,0.4409669,https://api.alintaenergy.com.au/v1/myaccount/bff
2026-01-12T17:00:00.000,1.312,0.4488352,https://api.alintaenergy.com.au/v1/myaccount/bff
2026-01-12T18:00:00.000,1.295,0.4430195,https://api.alintaenergy.com.au/v1/myaccount/bff
2026-01-12T19:00:00.000,1.819,0.6222799,https://api.alintaenergy.com.au/v1/myaccount/bff
2026-01-12T20:00:00.000,1.422,0.4864662,https://api.alintaenergy.com.au/v1/myaccount/bff
2026-01-12T21:00:00.000,1.473,0.5039133,https://api.alintaenergy.com.au/v1/myaccount/bff
2026-01-12T22:00:00.000,1.469,0.5025449,https://api.alintaenergy.com.au/v1/myaccount/bff
2026-01-12T23:00:00.000,1.147,0.3923887,https://api.alintaenergy.com.au/v1/myaccount/bff
2026-01-13T00:00:00.000,1.1,0.37631,https://api.alintaenergy.com.au/v1/myaccount/bff
2026-01-13T01:00:00.000,1.383,0.4731243,https://api.alintaenergy.com.au/v1/myaccount/bff
2026-01-13T02:00:00.000,1.38,0.472098,https://api.alintaenergy.com.au/v1/myaccount/bff
2026-01-13T03:00:00.000,1.012,0.3462052,https://api.alintaenergy.com.au/v1/myaccount/bff
2026-01-13T04:00:00.000,0.926,0.3167846,https://api.alintaenergy.com.au/v1/myaccount/bff
2026-01-13T05:00:00.000,0.883,0.3020743,https://api.alintaenergy.com.au/v1/myaccount/bff
2026-01-13T06:00:00.000,0.805,0.2753905,https://api.alintaenergy.com.au/v1/myaccount/bff
2026-01-13T07:00:00.000,0.574,0.1963654,https://api.alintaenergy.com.au/v1/myaccount/bff
2026-01-13T08:00:00.000,0.63,0.215523,https://api.alintaenergy.com.au/v1/myaccount/bff
2026-01-13T09:00:00.000,1.111,0.3800731,https://api.alintaenergy.com.au/v1/myaccount/bff
2026-01-13T10:00:00.000,0.628,0.2148388,https://api.alintaenergy.com.au/v1/myaccount/bff
2026-01-13T11:00:00.000,2.178,0.7450938,https://api.alintaenergy.com.au/v1/myaccount/bff
2026-01-13T12:00:00.000,0.78,0.266838,https://api.alintaenergy.com.au/v1/myaccount/bff
2026-01-13T13:00:00.000,0.491,0.1679711,https://api.alintaenergy.com.au/v1/myaccount/bff
2026-01-13T14:00:00.000,0.754,0.2579434,https://api.alintaenergy.com.au/v1/myaccount/bff
2026-01-13T15:00:00.000,0.753,0.2576013,https://api.alintaenergy.com.au/v1/myaccount/bff
2026-01-13T16:00:00.000,1.081,0.3698101,https://api.alintaenergy.com.au/v1/myaccount/bff
2026-01-13T17:00:00.000,1.383,0.4731243,https://api.alintaenergy.com.au/v1/myaccount/bff
2026-01-13T18:00:00.000,1.261,0.4313881,https://api.alintaenergy.com.au/v1/myaccount/bff
2026-01-13T19:00:00.000,3.111,1.0642731,https://api.alintaenergy.com.au/v1/myaccount/bff
2026-01-13T20:00:00.000,1.869,0.6393849,https://api.alintaenergy.com.au/v1/myaccount/bff
2026-01-13T21:00:00.000,1.065,0.3643365,https://api.alintaenergy.com.au/v1/myaccount/bff
2026-01-13T22:00:00.000,0.892,0.3051532,https://api.alintaenergy.com.au/v1/myaccount/bff
2026-01-13T23:00:00.000,0.76,0.259996,https://api.alintaenergy.com.au/v1/myaccount/bff
2026-01-14T00:00:00.000,0.785,0.2685485,https://api.alintaenergy.com.au/v1/myaccount/bff
2026-01-14T01:00:00.000,0.778,0.2661538,https://api.alintaenergy.com.au/v1/myaccount/bff
2026-01-14T02:00:00.000,1.111,0.3800731,https://api.alintaenergy.com.au/v1/myaccount/bff
2026-01-14T03:00:00.000,0.83,0.283943,https://api.alintaenergy.com.au/v1/myaccount/bff
2026-01-14T04:00:00.000,0.722,0.2469962,https://api.alintaenergy.com.au/v1/myaccount/bff
2026-01-14T05:00:00.000,0.71,0.242891,https://api.alintaenergy.com.au/v1/myaccount/bff
2026-01-14T06:00:00.000,0.494,0.1689974,https://api.alintaenergy.com.au/v1/myaccount/bff
2026-01-14T07:00:00.000,0.108,0.0369468,https://api.alintaenergy.com.au/v1/myaccount/bff
2026-01-14T08:00:00.000,0.126,0.0431046,https://api.alintaenergy.com.au/v1/myaccount/bff
2026-01-14T09:00:00.000,0.128,0.0437888,https://api.alintaenergy.com.au/v1/myaccount/bff
2026-01-14T10:00:00.000,0.245,0.0838145,https://api.alintaenergy.com.au/v1/myaccount/bff
2026-01-14T11:00:00.000,0.231,0.0790251,https://api.alintaenergy.com.au/v1/myaccount/bff
2026-01-14T12:00:00.000,0.841,0.2877061,https://api.alintaenergy.com.au/v1/myaccount/bff
2026-01-14T13:00:00.000,0.944,0.3229424,https://api.alintaenergy.com.au/v1/myaccount/bff
2026-01-14T14:00:00.000,1.361,0.4655981,https://api.alintaenergy.com.au/v1/myaccount/bff
2026-01-14T15:00:00.000,0.983,0.3362843,https://api.alintaenergy.com.au/v1/myaccount/bff
2026-01-14T16:00:00.000,1.169,0.3999149,https://api.alintaenergy.com.au/v1/myaccount/bff
2026-01-14T17:00:00.000,1.353,0.4628613,https://api.alintaenergy.com.au/v1/myaccount/bff
2026-01-14T18:00:00.000,1.38,0.472098,https://api.alintaenergy.com.au/v1/myaccount/bff
2026-01-14T19:00:00.000,1.99,0.680779,https://api.alintaenergy.com.au/v1/myaccount/bff
2026-01-14T20:00:00.000,1.356,0.4638876,https://api.alintaenergy.com.au/v1/myaccount/bff
2026-01-14T21:00:00.000,1.125,0.3848625,https://api.alintaenergy.com.au/v1/myaccount/bff
2026-01-14T22:00:00.000,1.189,0.4067569,https://api.alintaenergy.com.au/v1/myaccount/bff
2026-01-14T23:00:00.000,1.106,0.3783626,https://api.alintaenergy.com.au/v1/myaccount/bff
2026-01-15T00:00:00.000,0.754,0.2579434,https://api.alintaenergy.com.au/v1/myaccount/bff
2026-01-15T01:00:00.000,0.98,0.335258,https://api.alintaenergy.com.au/v1/myaccount/bff
2026-01-15T02:00:00.000,1.052,0.3598892,https://api.alintaenergy.com.au/v1/myaccount/bff
2026-01-15T03:00:00.000,0.666,0.2278386,https://api.alintaenergy.com.au/v1/myaccount/bff
2026-01-15T04:00:00.000,0.669,0.2288649,https://api.alintaenergy.com.au/v1/myaccount/bff
2026-01-15T05:00:00.000,0.744,0.2545224,https://api.alintaenergy.com.au/v1/myaccount/bff
2026-01-15T06:00:00.000,0.751,0.2569171,https://api.alintaenergy.com.au/v1/myaccount/bff
2026-01-15T07:00:00.000,0.231,0.0790251,https://api.alintaenergy.com.au/v1/myaccount/bff
2026-01-15T08:00:00.000,0.482,0.1648922,https://api.alintaenergy.com.au/v1/myaccount/bff
2026-01-15T09:00:00.000,1.346,0.4604666,https://api.alintaenergy.com.au/v1/myaccount/bff
2026-01-15T10:00:00.000,0.735,0.2514435,https://api.alintaenergy.com.au/v1/myaccount/bff
2026-01-15T11:00:00.000,0.849,0.2904429,https://api.alintaenergy.com.au/v1/myaccount/bff
2026-01-15T12:00:00.000,0.516,0.1765236,https://api.alintaenergy.com.au/v1/myaccount/bff
2026-01-15T13:00:00.000,0.814,0.2784694,https://api.alintaenergy.com.au/v1/myaccount/bff
2026-01-15T14:00:00.000,1.007,0.3444947,https://api.alintaenergy.com.au/v1/myaccount/bff
2026-01-15T15:00:00.000,1.092,0.3735732,https://api.alintaenergy.com.au/v1/myaccount/bff
2026-01-15T16:00:00.000,1.217,0.4163357,https://api.alintaenergy.com.au/v1/myaccount/bff
2026-01-15T17:00:00.000,1.496,0.5117816,https://api.alintaenergy.com.au/v1/myaccount/bff
2026-01-15T18:00:00.000,1.443,0.4936503,https://api.alintaenergy.com.au/v1/myaccount/bff
2026-01-15T19:00:00.000,1.446,0.4946766,https://api.alintaenergy.com.au/v1/myaccount/bff
2026-01-15T20:00:00.000,1.574,0.5384654,https://api.alintaenergy.com.au/v1/myaccount/bff
2026-01-15T21:00:00.000,1.177,0.4026517,https://api.alintaenergy.com.au/v1/myaccount/bff
2026-01-15T22:00:00.000,0.809,0.2767589,https://api.alintaenergy.com.au/v1/myaccount/bff
2026-01-15T23:00:00.000,0.795,0.2719695,https://api.alintaenergy.com.au/v1/myaccount/bff
2026-01-16T00:00:00.000,0.747,0.2555487,https://api.alintaenergy.com.au/v1/myaccount/bff
2026-01-16T01:00:00.000,0.758,0.2593118,https://api.alintaenergy.com.au/v1/myaccount/bff
2026-01-16T02:00:00.000,1.115,0.3814415,https://api.alintaenergy.com.au/v1/myaccount/bff
2026-01-16T03:00:00.000,0.694,0.2374174,https://api.alintaenergy.com.au/v1/myaccount/bff
2026-01-16T04:00:00.000,0.779,0.2664959,https://api.alintaenergy.com.au/v1/myaccount/bff
2026-01-16T05:00:00.000,0.949,0.3246529,https://api.alintaenergy.com.au/v1/myaccount/bff
2026-01-16T06:00:00.000,0.91,0.311311,https://api.alintaenergy.com.au/v1/myaccount/bff
2026-01-16T07:00:00.000,0.846,0.2894166,https://api.alintaenergy.com.au/v1/myaccount/bff
2026-01-16T08:00:00.000,0.549,0.1878129,https://api.alintaenergy.com.au/v1/myaccount/bff
2026-01-16T09:00:00.000,0.601,0.2056021,https://api.alintaenergy.com.au/v1/myaccount/bff
2026-01-16T10:00:00.000,1.182,0.4043622,https://api.alintaenergy.com.au/v1/myaccount/bff
2026-01-16T11:00:00.000,0.579,0.1980759,https://api.alintaenergy.com.au/v1/myaccount/bff
2026-01-16T12:00:00.000,0.782,0.2675222,https://api.alintaenergy.com.au/v1/myaccount/bff
2026-01-16T13:00:00.000,1.266,0.4330986,https://api.alintaenergy.com.au/v1/myaccount/bff
2026-01-16T14:00:00.000,1.22,0.417362,https://api.alintaenergy.com.au/v1/myaccount/bff
2026-01-16T15:00:00.000,1.6,0.54736,https://api.alintaenergy.com.au/v1/myaccount/bff
2026-01-16T16:00:00.000,1.685,0.5764385,https://api.alintaenergy.com.au/v1/myaccount/bff
2026-01-16T17:00:00.000,2.122,0.7259362,https://api.alintaenergy.com.au/v1/myaccount/bff
2026-01-16T18:00:00.000,1.752,0.5993592,https://api.alintaenergy.com.au/v1/myaccount/bff
2026-01-16T19:00:00.000,1.742,0.5959382,https://api.alintaenergy.com.au/v1/myaccount/bff
2026-01-16T20:00:00.000,1.726,0.5904646,https://api.alintaenergy.com.au/v1/myaccount/bff
2026-01-16T21:00:00.000,1.697,0.5805437,https://api.alintaenergy.com.au/v1/myaccount/bff
2026-01-16T22:00:00.000,1.41,0.482361,https://api.alintaenergy.com.au/v1/myaccount/bff
2026-01-16T23:00:00.000,1.271,0.4348091,https://api.alintaenergy.com.au/v1/myaccount/bff
2026-01-17T00:00:00.000,0.982,0.3359422,https://api.alintaenergy.com.au/v1/myaccount/bff
2026-01-17T01:00:00.000,0.914,0.3126794,https://api.alintaenergy.com.au/v1/myaccount/bff
2026-01-17T02:00:00.000,1.135,0.3882835,https://api.alintaenergy.com.au/v1/myaccount/bff
2026-01-17T03:00:00.000,0.8,0.27368,https://api.alintaenergy.com.au/v1/myaccount/bff
2026-01-17T04:00:00.000,0.826,0.2825746,https://api.alintaenergy.com.au/v1/myaccount/bff
2026-01-17T05:00:00.000,2.428,0.8306188,https://api.alintaenergy.com.au/v1/myaccount/bff
2026-01-17T06:00:00.000,1.011,0.3458631,https://api.alintaenergy.com.au/v1/myaccount/bff
2026-01-17T07:00:00.000,0.684,0.2339964,https://api.alintaenergy.com.au/v1/myaccount/bff
2026-01-17T08:00:00.000,0.734,0.2511014,https://api.alintaenergy.com.au/v1/myaccount/bff
2026-01-17T09:00:00.000,0.049,0.0167629,https://api.alintaenergy.com.au/v1/myaccount/bff
2026-01-17T10:00:00.000,0.43,0.147103,https://api.alintaenergy.com.au/v1/myaccount/bff
2026-01-17T11:00:00.000,0.141,0.0482361,https://api.alintaenergy.com.au/v1/myaccount/bff
2026-01-17T12:00:00.000,0.057,0.0194997,https://api.alintaenergy.com.au/v1/myaccount/bff
2026-01-17T13:00:00.000,0.084,0.0287364,https://api.alintaenergy.com.au/v1/myaccount/bff
2026-01-17T14:00:00.000,2.013,0.6886473,https://api.alintaenergy.com.au/v1/myaccount/bff
2026-01-17T15:00:00.000,1.8739999999999999,0.64098837,https://api.alintaenergy.com.au/v1/myaccount/bff
2026-01-17T16:00:00.000,1.809,0.6188589,https://api.alintaenergy.com.au/v1/myaccount/bff
2026-01-17T17:00:00.000,1.944,0.6650424,https://api.alintaenergy.com.au/v1/myaccount/bff
2026-01-17T18:00:00.000,1.605,0.5490705,https://api.alintaenergy.com.au/v1/myaccount/bff
2026-01-17T19:00:00.000,1.843,0.6304903,https://api.alintaenergy.com.au/v1/myaccount/bff
2026-01-17T20:00:00.000,2.524,0.8634604,https://api.alintaenergy.com.au/v1/myaccount/bff
2026-01-17T21:00:00.000,1.584,0.5418864,https://api.alintaenergy.com.au/v1/myaccount/bff
2026-01-17T22:00:00.000,1.544,0.5282024,https://api.alintaenergy.com.au/v1/myaccount/bff
2026-01-17T23:00:00.000,1.747,0.5976487,https://api.alintaenergy.com.au/v1/myaccount/bff
2026-01-18T00:00:00.000,1.639,0.5607019,https://api.alintaenergy.com.au/v1/myaccount/bff
2026-01-18T01:00:00.000,1.846,0.6315166,https://api.alintaenergy.com.au/v1/myaccount/bff
2026-01-18T02:00:00.000,1.553,0.5312813,https://api.alintaenergy.com.au/v1/myaccount/bff
2026-01-18T03:00:00.000,1.497,0.5121237,https://api.alintaenergy.com.au/v1/myaccount/bff
2026-01-18T04:00:00.000,1.438,0.4919398,https://api.alintaenergy.com.au/v1/myaccount/bff
2026-01-18T05:00:00.000,1.255,0.4293355,https://api.alintaenergy.com.au/v1/myaccount/bff
2026-01-18T06:00:00.000,1.186,0.4057306,https://api.alintaenergy.com.au/v1/myaccount/bff
2026-01-18T07:00:00.000,1.033,0.3533893,https://api.alintaenergy.com.au/v1/myaccount/bff
2026-01-18T08:00:00.000,1.216,0.4159936,https://api.alintaenergy.com.au/v1/myaccount/bff
2026-01-18T09:00:00.000,2.176,0.7444096,https://api.alintaenergy.com.au/v1/myaccount/bff
2026-01-18T10:00:00.000,1.375,0.4703875,https://api.alintaenergy.com.au/v1/myaccount/bff
2026-01-18T11:00:00.000,0.905,0.3096005,https://api.alintaenergy.com.au/v1/myaccount/bff
2026-01-18T12:00:00.000,0.415,0.1419715,https://api.alintaenergy.com.au/v1/myaccount/bff
2026-01-18T13:00:00.000,1.012,0.3462052,https://api.alintaenergy.com.au/v1/myaccount/bff
2026-01-18T14:00:00.000,0.665,0.2274965,https://api.alintaenergy.com.au/v1/myaccount/bff
2026-01-18T15:00:00.000,0.788,0.2695748,https://api.alintaenergy.com.au/v1/myaccount/bff
2026-01-18T16:00:00.000,1.101,0.3766521,https://api.alintaenergy.com.au/v1/myaccount/bff
2026-01-18T17:00:00.000,1.24,0.424204,https://api.alintaenergy.com.au/v1/myaccount/bff
2026-01-18T18:00:00.000,2.118,0.7245678,https://api.alintaenergy.com.au/v1/myaccount/bff
2026-01-18T19:00:00.000,1.898,0.6493058,https://api.alintaenergy.com.au/v1/myaccount/bff
2026-01-18T20:00:00.000,1.216,0.4159936,https://api.alintaenergy.com.au/v1/myaccount/bff
2026-01-18T21:00:00.000,0.77,0.263417,https://api.alintaenergy.com.au/v1/myaccount/bff
2026-01-18T22:00:00.000,0.759,0.2596539,https://api.alintaenergy.com.au/v1/myaccount/bff
2026-01-18T23:00:00.000,1.025,0.3506525,https://api.alintaenergy.com.au/v1/myaccount/bff
2026-01-19T00:00:00.000,0.729,0.2493909,https://api.alintaenergy.com.au/v1/myaccount/bff
2026-01-19T01:00:00.000,0.702,0.2401542,https://api.alintaenergy.com.au/v1/myaccount/bff
2026-01-19T02:00:00.000,1.015,0.3472315,https://api.alintaenergy.com.au/v1/myaccount/bff
2026-01-19T03:00:00.000,0.694,0.2374174,https://api.alintaenergy.com.au/v1/myaccount/bff
2026-01-19T04:00:00.000,0.721,0.2466541,https://api.alintaenergy.com.au/v1/myaccount/bff
2026-01-19T05:00:00.000,0.653,0.2233913,https://api.alintaenergy.com.au/v1/myaccount/bff
2026-01-19T06:00:00.000,0.533,0.1823393,https://api.alintaenergy.com.au/v1/myaccount/bff
2026-01-19T07:00:00.000,0.108,0.0369468,https://api.alintaenergy.com.au/v1/myaccount/bff
2026-01-19T08:00:00.000,0.265,0.0906565,https://api.alintaenergy.com.au/v1/myaccount/bff
2026-01-19T09:00:00.000,0.238,0.0814198,https://api.alintaenergy.com.au/v1/myaccount/bff
2026-01-19T10:00:00.000,0.161,0.0550781,https://api.alintaenergy.com.au/v1/myaccount/bff
2026-01-19T11:00:00.000,0.124,0.0424204,https://api.alintaenergy.com.au/v1/myaccount/bff
2026-01-19T12:00:00.000,0.275,0.0940775,https://api.alintaenergy.com.au/v1/myaccount/bff
2026-01-19T13:00:00.000,0.651,0.2227071,https://api.alintaenergy.com.au/v1/myaccount/bff
2026-01-19T14:00:00.000,0.66,0.225786,https://api.alintaenergy.com.au/v1/myaccount/bff
2026-01-19T15:00:00.000,0.386,0.1320506,https://api.alintaenergy.com.au/v1/myaccount/bff
2026-01-19T16:00:00.000,0.704,0.2408384,https://api.alintaenergy.com.au/v1/myaccount/bff
2026-01-19T17:00:00.000,0.806,0.2757326,https://api.alintaenergy.com.au/v1/myaccount/bff
2026-01-19T18:00:00.000,1.123,0.3841783,https://api.alintaenergy.com.au/v1/myaccount/bff
2026-01-19T19:00:00.000,0.989,0.3383369,https://api.alintaenergy.com.au/v1/myaccount/bff
2026-01-19T20:00:00.000,0.825,0.2822325,https://api.alintaenergy.com.au/v1/myaccount/bff
2026-01-19T21:00:00.000,0.756,0.2586276,https://api.alintaenergy.com.au/v1/myaccount/bff
2026-01-19T22:00:00.000,0.908,0.3106268,https://api.alintaenergy.com.au/v1/myaccount/bff
2026-01-19T23:00:00.000,0.587,0.2008127,https://api.alintaenergy.com.au/v1/myaccount/bff
2026-01-20T00:00:00.000,0.588,0.2011548,https://api.alintaenergy.com.au/v1/myaccount/bff
2026-01-20T01:00:00.000,0.844,0.2887324,https://api.alintaenergy.com.au/v1/myaccount/bff
2026-01-20T02:00:00.000,0.855,0.2924955,https://api.alintaenergy.com.au/v1/myaccount/bff
2026-01-20T03:00:00.000,0.572,0.1956812,https://api.alintaenergy.com.au/v1/myaccount/bff
2026-01-20T04:00:00.000,0.575,0.1967075,https://api.alintaenergy.com.au/v1/myaccount/bff
2026-01-20T05:00:00.000,0.496,0.1696816,https://api.alintaenergy.com.au/v1/myaccount/bff
2026-01-20T06:00:00.000,0.418,0.1429978,https://api.alintaenergy.com.au/v1/myaccount/bff
2026-01-20T07:00:00.000,0.177,0.0605517,https://api.alintaenergy.com.au/v1/myaccount/bff
2026-01-20T08:00:00.000,0.247,0.0844987,https://api.alintaenergy.com.au/v1/myaccount/bff
2026-01-20T09:00:00.000,0.532,0.1819972,https://api.alintaenergy.com.au/v1/myaccount/bff
2026-01-20T10:00:00.000,0.3,0.10263,https://api.alintaenergy.com.au/v1/myaccount/bff
2026-01-20T11:00:00.000,1.088,0.3722048,https://api.alintaenergy.com.au/v1/myaccount/bff
2026-01-20T12:00:00.000,0.787,0.2692327,https://api.alintaenergy.com.au/v1/myaccount/bff
2026-01-20T13:00:00.000,0.259,0.0886039,https://api.alintaenergy.com.au/v1/myaccount/bff
2026-01-20T14:00:00.000,0.159,0.0543939,https://api.alintaenergy.com.au/v1/myaccount/bff
2026-01-20T15:00:00.000,0.252,0.0862092,https://api.alintaenergy.com.au/v1/myaccount/bff
2026-01-20T16:00:00.000,0.421,0.1440241,https://api.alintaenergy.com.au/v1/myaccount/bff
2026-01-20T17:00:00.000,0.637,0.2179177,https://api.alintaenergy.com.au/v1/myaccount/bff
2026-01-20T18:00:00.000,0.829,0.2836009,https://api.alintaenergy.com.au/v1/myaccount/bff
2026-01-20T19:00:00.000,1.114,0.3810994,https://api.alintaenergy.com.au/v1/myaccount/bff
2026-01-20T20:00:00.000,0.999,0.3417579,https://api.alintaenergy.com.au/v1/myaccount/bff
2026-01-20T21:00:00.000,0.81,0.277101,https://api.alintaenergy.com.au/v1/myaccount/bff
2026-01-20T22:00:00.000,0.702,0.2401542,https://api.alintaenergy.com.au/v1/myaccount/bff
2026-01-20T23:00:00.000,0.649,0.2220229,https://api.alintaenergy.com.au/v1/myaccount/bff
2026-01-21T00:00:00.000,0.613,0.2097073,https://api.alintaenergy.com.au/v1/myaccount/bff
2026-01-21T01:00:00.000,0.633,0.2165493,https://api.alintaenergy.com.au/v1/myaccount/bff
2026-01-21T02:00:00.000,1.043,0.3568103,https://api.alintaenergy.com.au/v1/myaccount/bff
2026-01-21T03:00:00.000,0.568,0.1943128,https://api.alintaenergy.com.au/v1/myaccount/bff
2026-01-21T04:00:00.000,0.608,0.2079968,https://api.alintaenergy.com.au/v1/myaccount/bff
2026-01-21T05:00:00.000,0.502,0.1717342,https://api.alintaenergy.com.au/v1/myaccount/bff
2026-01-21T06:00:00.000,0.436,0.1491556,https://api.alintaenergy.com.au/v1/myaccount/bff
2026-01-21T07:00:00.000,0.078,0.0266838,https://api.alintaenergy.com.au/v1/myaccount/bff
2026-01-21T08:00:00.000,0.421,0.1440241,https://api.alintaenergy.com.au/v1/myaccount/bff
2026-01-21T09:00:00.000,0.063,0.0215523,https://api.alintaenergy.com.au/v1/myaccount/bff
2026-01-21T10:00:00.000,0.266,0.0909986,https://api.alintaenergy.com.au/v1/myaccount/bff
2026-01-21T11:00:00.000,1.957,0.6694897,https://api.alintaenergy.com.au/v1/myaccount/bff
2026-01-21T12:00:00.000,0.157,0.0537097,https://api.alintaenergy.com.au/v1/myaccount/bff
2026-01-21T13:00:00.000,0.137,0.0468677,https://api.alintaenergy.com.au/v1/myaccount/bff
2026-01-21T14:00:00.000,0.165,0.0564465,https://api.alintaenergy.com.au/v1/myaccount/bff
2026-01-21T15:00:00.000,0.083,0.0283943,https://api.alintaenergy.com.au/v1/myaccount/bff
2026-01-21T16:00:00.000,0.329,0.1125509,https://api.alintaenergy.com.au/v1/myaccount/bff
2026-01-21T17:00:00.000,0.838,0.2866798,https://api.alintaenergy.com.au/v1/myaccount/bff
2026-01-21T18:00:00.000,1.874,0.6410954,https://api.alintaenergy.com.au/v1/myaccount/bff
2026-01-21T19:00:00.000,2.37,0.810777,https://api.alintaenergy.com.au/v1/myaccount/bff
2026-01-21T20:00:00.000,1.442,0.4933082,https://api.alintaenergy.com.au/v1/myaccount/bff
2026-01-21T21:00:00.000,0.786,0.2688906,https://api.alintaenergy.com.au/v1/myaccount/bff
2026-01-21T22:00:00.000,1.327,0.4539667,https://api.alintaenergy.com.au/v1/myaccount/bff
2026-01-21T23:00:00.000,1.461,0.4998081,https://api.alintaenergy.com.au/v1/myaccount/bff
2026-01-22T00:00:00.000,1.01,0.345521,https://api.alintaenergy.com.au/v1/myaccount/bff
2026-01-22T01:00:00.000,1.207,0.4129147,https://api.alintaenergy.com.au/v1/myaccount/bff
2026-01-22T02:00:00.000,1.255,0.4293355,https://api.alintaenergy.com.au/v1/myaccount/bff
2026-01-22T03:00:00.000,0.897,0.3068637,https://api.alintaenergy.com.au/v1/myaccount/bff
2026-01-22T04:00:00.000,0.826,0.2825746,https://api.alintaenergy.com.au/v1/myaccount/bff
2026-01-22T05:00:00.000,0.86,0.294206,https://api.alintaenergy.com.au/v1/myaccount/bff
2026-01-22T06:00:00.000,0.899,0.3075479,https://api.alintaenergy.com.au/v1/myaccount/bff
2026-01-22T07:00:00.000,0.452,0.1546292,https://api.alintaenergy.com.au/v1/myaccount/bff
2026-01-22T08:00:00.000,0.16,0.054736,https://api.alintaenergy.com.au/v1/myaccount/bff
2026-01-22T09:00:00.000,0.045,0.0153945,https://api.alintaenergy.com.au/v1/myaccount/bff
2026-01-22T10:00:00.000,0.172,0.0588412,https://api.alintaenergy.com.au/v1/myaccount/bff
2026-01-22T11:00:00.000,0.045,0.0153945,https://api.alintaenergy.com.au/v1/myaccount/bff
2026-01-22T12:00:00.000,0.124,0.0424204,https://api.alintaenergy.com.au/v1/myaccount/bff
2026-01-22T13:00:00.000,0.136,0.0465256,https://api.alintaenergy.com.au/v1/myaccount/bff
2026-01-22T14:00:00.000,0.62,0.212102,https://api.alintaenergy.com.au/v1/myaccount/bff
2026-01-22T15:00:00.000,0.615,0.2103915,https://api.alintaenergy.com.au/v1/myaccount/bff
2026-01-22T16:00:00.000,1.496,0.5117816,https://api.alintaenergy.com.au/v1/myaccount/bff
2026-01-22T17:00:00.000,2.034,0.6958314,https://api.alintaenergy.com.au/v1/myaccount/bff
2026-01-22T18:00:00.000,3.324,1.1371404,https://api.alintaenergy.com.au/v1/myaccount/bff
2026-01-22T19:00:00.000,2.763,0.9452223,https://api.alintaenergy.com.au/v1/myaccount/bff
2026-01-22T20:00:00.000,2.004,0.6855684,https://api.alintaenergy.com.au/v1/myaccount/bff
2026-01-22T21:00:00.000,1.484,0.5076764,https://api.alintaenergy.com.au/v1/myaccount/bff
2026-01-22T22:00:00.000,1.415,0.4840715,https://api.alintaenergy.com.au/v1/myaccount/bff
2026-01-22T23:00:00.000,1.303,0.4457563,https://api.alintaenergy.com.au/v1/myaccount/bff
2026-01-23T00:00:00.000,1.158,0.3961518,https://api.alintaenergy.com.au/v1/myaccount/bff
2026-01-23T01:00:00.000,1.08,0.369468,https://api.alintaenergy.com.au/v1/myaccount/bff
2026-01-23T02:00:00.000,1.052,0.3598892,https://api.alintaenergy.com.au/v1/myaccount/bff
2026-01-23T03:00:00.000,0.827,0.2829167,https://api.alintaenergy.com.au/v1/myaccount/bff
2026-01-23T04:00:00.000,1.214,0.4153094,https://api.alintaenergy.com.au/v1/myaccount/bff
2026-01-23T05:00:00.000,0.989,0.3383369,https://api.alintaenergy.com.au/v1/myaccount/bff
2026-01-23T06:00:00.000,0.987,0.3376527,https://api.alintaenergy.com.au/v1/myaccount/bff
2026-01-23T07:00:00.000,0.907,0.3102847,https://api.alintaenergy.com.au/v1/myaccount/bff
2026-01-23T08:00:00.000,0.916,0.3133636,https://api.alintaenergy.com.au/v1/myaccount/bff
2026-01-23T09:00:00.000,1.075,0.3677575,https://api.alintaenergy.com.au/v1/myaccount/bff
2026-01-23T10:00:00.000,0.859,0.2938639,https://api.alintaenergy.com.au/v1/myaccount/bff
2026-01-23T11:00:00.000,1.19,0.407099,https://api.alintaenergy.com.au/v1/myaccount/bff
2026-01-23T12:00:00.000,0.86,0.294206,https://api.alintaenergy.com.au/v1/myaccount/bff
2026-01-23T13:00:00.000,0.756,0.2586276,https://api.alintaenergy.com.au/v1/myaccount/bff
2026-01-23T14:00:00.000,1.096,0.3749416,https://api.alintaenergy.com.au/v1/myaccount/bff
2026-01-23T15:00:00.000,1.126,0.3852046,https://api.alintaenergy.com.au/v1/myaccount/bff
2026-01-23T16:00:00.000,1.243,0.4252303,https://api.alintaenergy.com.au/v1/myaccount/bff
2026-01-23T17:00:00.000,1.4,0.47894,https://api.alintaenergy.com.au/v1/myaccount/bff
2026-01-23T18:00:00.000,1.323,0.4525983,https://api.alintaenergy.com.au/v1/myaccount/bff
2026-01-23T19:00:00.000,1.183,0.4047043,https://api.alintaenergy.com.au/v1/myaccount/bff
2026-01-23T20:00:00.000,1.525,0.5217025,https://api.alintaenergy.com.au/v1/myaccount/bff
2026-01-23T21:00:00.000,1.158,0.3961518,https://api.alintaenergy.com.au/v1/myaccount/bff
2026-01-23T22:00:00.000,1.378,0.4714138,https://api.alintaenergy.com.au/v1/myaccount/bff
2026-01-23T23:00:00.000,1.312,0.4488352,https://api.alintaenergy.com.au/v1/myaccount/bff
2026-01-24T00:00:00.000,1.028,0.3516788,https://api.alintaenergy.com.au/v1/myaccount/bff
2026-01-24T01:00:00.000,1.038,0.3550998,https://api.alintaenergy.com.au/v1/myaccount/bff
2026-01-24T02:00:00.000,1.257,0.4300197,https://api.alintaenergy.com.au/v1/myaccount/bff
2026-01-24T03:00:00.000,0.963,0.3294423,https://api.alintaenergy.com.au/v1/myaccount/bff
2026-01-24T04:00:00.000,0.872,0.2983112,https://api.alintaenergy.com.au/v1/myaccount/bff
2026-01-24T05:00:00.000,0.818,0.2798378,https://api.alintaenergy.com.au/v1/myaccount/bff
2026-01-24T06:00:00.000,0.81,0.277101,https://api.alintaenergy.com.au/v1/myaccount/bff
2026-01-24T07:00:00.000,0.54,0.184734,https://api.alintaenergy.com.au/v1/myaccount/bff
2026-01-24T08:00:00.000,0.233,0.0797093,https://api.alintaenergy.com.au/v1/myaccount/bff
2026-01-24T09:00:00.000,0.135,0.0461835,https://api.alintaenergy.com.au/v1/myaccount/bff
2026-01-24T10:00:00.000,0.535,0.1830235,https://api.alintaenergy.com.au/v1/myaccount/bff
2026-01-24T11:00:00.000,1.466,0.5015186,https://api.alintaenergy.com.au/v1/myaccount/bff
2026-01-24T12:00:00.000,1.383,0.4731243,https://api.alintaenergy.com.au/v1/myaccount/bff
2026-01-24T13:00:00.000,0.572,0.1956812,https://api.alintaenergy.com.au/v1/myaccount/bff
2026-01-24T14:00:00.000,0.448,0.1532608,https://api.alintaenergy.com.au/v1/myaccount/bff
2026-01-24T15:00:00.000,0.67,0.229207,https://api.alintaenergy.com.au/v1/myaccount/bff
2026-01-24T16:00:00.000,0.986,0.3373106,https://api.alintaenergy.com.au/v1/myaccount/bff
2026-01-24T17:00:00.000,1.428,0.4885188,https://api.alintaenergy.com.au/v1/myaccount/bff
2026-01-24T18:00:00.000,2.526,0.8641446,https://api.alintaenergy.com.au/v1/myaccount/bff
2026-01-24T19:00:00.000,2.049,0.7009629,https://api.alintaenergy.com.au/v1/myaccount/bff
2026-01-24T20:00:00.000,1.001,0.3424421,https://api.alintaenergy.com.au/v1/myaccount/bff
2026-01-24T21:00:00.000,0.753,0.2576013,https://api.alintaenergy.com.au/v1/myaccount/bff
2026-01-24T22:00:00.000,0.682,0.2333122,https://api.alintaenergy.com.au/v1/myaccount/bff
2026-01-24T23:00:00.000,0.695,0.2377595,https://api.alintaenergy.com.au/v1/myaccount/bff
2026-01-25T00:00:00.000,0.681,0.2329701,https://api.alintaenergy.com.au/v1/myaccount/bff
2026-01-25T01:00:00.000,1.044,0.3571524,https://api.alintaenergy.com.au/v1/myaccount/bff
2026-01-25T02:00:00.000,0.818,0.2798378,https://api.alintaenergy.com.au/v1/myaccount/bff
2026-01-25T03:00:00.000,0.706,0.2415226,https://api.alintaenergy.com.au/v1/myaccount/bff
2026-01-25T04:00:00.000,0.701,0.2398121,https://api.alintaenergy.com.au/v1/myaccount/bff
2026-01-25T05:00:00.000,0.938,0.3208898,https://api.alintaenergy.com.au/v1/myaccount/bff
2026-01-25T06:00:00.000,1.248,0.4269408,https://api.alintaenergy.com.au/v1/myaccount/bff
2026-01-25T07:00:00.000,0.944,0.3229424,https://api.alintaenergy.com.au/v1/myaccount/bff
2026-01-25T08:00:00.000,0.75,0.256575,https://api.alintaenergy.com.au/v1/myaccount/bff
2026-01-25T09:00:00.000,0.371,0.1269191,https://api.alintaenergy.com.au/v1/myaccount/bff
2026-01-25T10:00:00.000,0.532,0.1819972,https://api.alintaenergy.com.au/v1/myaccount/bff
2026-01-25T11:00:00.000,0.358,0.1224718,https://api.alintaenergy.com.au/v1/myaccount/bff
2026-01-25T12:00:00.000,1.793,0.6133853,https://api.alintaenergy.com.au/v1/myaccount/bff
2026-01-25T13:00:00.000,1.725,0.5901225,https://api.alintaenergy.com.au/v1/myaccount/bff
2026-01-25T14:00:00.000,1.902,0.6506742,https://api.alintaenergy.com.au/v1/myaccount/bff
2026-01-25T15:00:00.000,2.054,0.7026734,https://api.alintaenergy.com.au/v1/myaccount/bff
2026-01-25T16:00:00.000,1.852,0.6335692,https://api.alintaenergy.com.au/v1/myaccount/bff
2026-01-25T17:00:00.000,2.06,0.704726,https://api.alintaenergy.com.au/v1/myaccount/bff
2026-01-25T18:00:00.000,2.516,0.8607236,https://api.alintaenergy.com.au/v1/myaccount/bff
2026-01-25T19:00:00.000,2.653,0.9075913,https://api.alintaenergy.com.au/v1/myaccount/bff
2026-01-25T20:00:00.000,1.314,0.4495194,https://api.alintaenergy.com.au/v1/myaccount/bff
2026-01-25T21:00:00.000,0.808,0.2764168,https://api.alintaenergy.com.au/v1/myaccount/bff
2026-01-25T22:00:00.000,0.762,0.2606802,https://api.alintaenergy.com.au/v1/myaccount/bff
2026-01-25T23:00:00.000,0.964,0.3297844,https://api.alintaenergy.com.au/v1/myaccount/bff
2026-01-26T00:00:00.000,0.669,0.2288649,https://api.alintaenergy.com.au/v1/myaccount/bff
2026-01-26T01:00:00.000,0.695,0.2377595,https://api.alintaenergy.com.au/v1/myaccount/bff
2026-01-26T02:00:00.000,1.048,0.3585208,https://api.alintaenergy.com.au/v1/myaccount/bff
2026-01-26T03:00:00.000,0.636,0.2175756,https://api.alintaenergy.com.au/v1/myaccount/bff
2026-01-26T04:00:00.000,0.696,0.2381016,https://api.alintaenergy.com.au/v1/myaccount/bff
2026-01-26T05:00:00.000,1.202,0.4112042,https://api.alintaenergy.com.au/v1/myaccount/bff
2026-01-26T06:00:00.000,1.132,0.3872572,https://api.alintaenergy.com.au/v1/myaccount/bff
2026-01-26T07:00:00.000,1.052,0.3598892,https://api.alintaenergy.com.au/v1/myaccount/bff
2026-01-26T08:00:00.000,1.573,0.5381233,https://api.alintaenergy.com.au/v1/myaccount/bff
2026-01-26T09:00:00.000,2.706,0.9257226,https://api.alintaenergy.com.au/v1/myaccount/bff
2026-01-26T10:00:00.000,1.642,0.5617282,https://api.alintaenergy.com.au/v1/myaccount/bff
2026-01-26T11:00:00.000,0.548,0.1874708,https://api.alintaenergy.com.au/v1/myaccount/bff
2026-01-26T12:00:00.000,0.38,0.129998,https://api.alintaenergy.com.au/v1/myaccount/bff
2026-01-26T13:00:00.000,1.377,0.4710717,https://api.alintaenergy.com.au/v1/myaccount/bff
2026-01-26T14:00:00.000,2.132,0.7293572,https://api.alintaenergy.com.au/v1/myaccount/bff
2026-01-26T15:00:00.000,2,0.6842,https://api.alintaenergy.com.au/v1/myaccount/bff
2026-01-26T16:00:00.000,2.501,0.8555921,https://api.alintaenergy.com.au/v1/myaccount/bff
2026-01-26T17:00:00.000,2.472,0.8456712,https://api.alintaenergy.com.au/v1/myaccount/bff
2026-01-26T18:00:00.000,2.284,0.7813564,https://api.alintaenergy.com.au/v1/myaccount/bff
2026-01-26T19:00:00.000,3.069,1.0499049,https://api.alintaenergy.com.au/v1/myaccount/bff
2026-01-26T20:00:00.000,2.419,0.8275399,https://api.alintaenergy.com.au/v1/myaccount/bff
2026-01-26T21:00:00.000,1.728,0.5911488,https://api.alintaenergy.com.au/v1/myaccount/bff
2026-01-26T22:00:00.000,1.995,0.6824895,https://api.alintaenergy.com.au/v1/myaccount/bff
2026-01-26T23:00:00.000,1.815,0.6209115,https://api.alintaenergy.com.au/v1/myaccount/bff
2026-01-27T00:00:00.000,1.717,0.5873857,https://api.alintaenergy.com.au/v1/myaccount/bff
2026-01-27T01:00:00.000,1.95,0.667095,https://api.alintaenergy.com.au/v1/myaccount/bff
2026-01-27T02:00:00.000,1.787,0.6113327,https://api.alintaenergy.com.au/v1/myaccount/bff
2026-01-27T03:00:00.000,1.316,0.4502036,https://api.alintaenergy.com.au/v1/myaccount/bff
2026-01-27T04:00:00.000,1.195,0.4088095,https://api.alintaenergy.com.au/v1/myaccount/bff
2026-01-27T05:00:00.000,1.189,0.4067569,https://api.alintaenergy.com.au/v1/myaccount/bff
2026-01-27T06:00:00.000,1.083,0.3704943,https://api.alintaenergy.com.au/v1/myaccount/bff
2026-01-27T07:00:00.000,1.382,0.4727822,https://api.alintaenergy.com.au/v1/myaccount/bff
2026-01-27T08:00:00.000,1.354,0.4632034,https://api.alintaenergy.com.au/v1/myaccount/bff
2026-01-27T09:00:00.000,1.05,0.359205,https://api.alintaenergy.com.au/v1/myaccount/bff
2026-01-27T10:00:00.000,1.033,0.3533893,https://api.alintaenergy.com.au/v1/myaccount/bff
2026-01-27T11:00:00.000,0.979,0.3349159,https://api.alintaenergy.com.au/v1/myaccount/bff
2026-01-27T12:00:00.000,1.283,0.4389143,https://api.alintaenergy.com.au/v1/myaccount/bff
2026-01-27T13:00:00.000,1.218,0.4166778,https://api.alintaenergy.com.au/v1/myaccount/bff
2026-01-27T14:00:00.000,1.354,0.4632034,https://api.alintaenergy.com.au/v1/myaccount/bff
2026-01-27T15:00:00.000,1.406,0.4809926,https://api.alintaenergy.com.au/v1/myaccount/bff
2026-01-27T16:00:00.000,1.233,0.4218093,https://api.alintaenergy.com.au/v1/myaccount/bff
2026-01-27T17:00:00.000,1.371,0.4690191,https://api.alintaenergy.com.au/v1/myaccount/bff
2026-01-27T18:00:00.000,1.941,0.6640161,https://api.alintaenergy.com.au/v1/myaccount/bff
2026-01-27T19:00:00.000,1.958,0.6698318,https://api.alintaenergy.com.au/v1/myaccount/bff
2026-01-27T20:00:00.000,1.367,0.4676507,https://api.alintaenergy.com.au/v1/myaccount/bff
2026-01-27T21:00:00.000,0.792,0.2709432,https://api.alintaenergy.com.au/v1/myaccount/bff
2026-01-27T22:00:00.000,0.765,0.2617065,https://api.alintaenergy.com.au/v1/myaccount/bff
2026-01-27T23:00:00.000,0.75,0.256575,https://api.alintaenergy.com.au/v1/myaccount/bff
2026-01-28T00:00:00.000,0.772,0.2641012,https://api.alintaenergy.com.au/v1/myaccount/bff
2026-01-28T01:00:00.000,0.793,0.2712853,https://api.alintaenergy.com.au/v1/myaccount/bff
2026-01-28T02:00:00.000,1.2,0.41052,https://api.alintaenergy.com.au/v1/myaccount/bff
2026-01-28T03:00:00.000,0.689,0.2357069,https://api.alintaenergy.com.au/v1/myaccount/bff
2026-01-28T04:00:00.000,0.707,0.2418647,https://api.alintaenergy.com.au/v1/myaccount/bff
2026-01-28T05:00:00.000,0.699,0.2391279,https://api.alintaenergy.com.au/v1/myaccount/bff
2026-01-28T06:00:00.000,0.598,0.2045758,https://api.alintaenergy.com.au/v1/myaccount/bff
2026-01-28T07:00:00.000,0.2,0.06842,https://api.alintaenergy.com.au/v1/myaccount/bff
2026-01-28T08:00:00.000,0.019,0.0064999,https://api.alintaenergy.com.au/v1/myaccount/bff
2026-01-28T09:00:00.000,0.002,0.0006842,https://api.alintaenergy.com.au/v1/myaccount/bff
2026-01-28T10:00:00.000,0,0,https://api.alintaenergy.com.au/v1/myaccount/bff
2026-01-28T11:00:00.000,0.337,0.1152877,https://api.alintaenergy.com.au/v1/myaccount/bff
2026-01-28T12:00:00.000,1.105,0.3780205,https://api.alintaenergy.com.au/v1/myaccount/bff
2026-01-28T13:00:00.000,1.256,0.4296776,https://api.alintaenergy.com.au/v1/myaccount/bff
2026-01-28T14:00:00.000,0.743,0.2541803,https://api.alintaenergy.com.au/v1/myaccount/bff
2026-01-28T15:00:00.000,1.072,0.3667312,https://api.alintaenergy.com.au/v1/myaccount/bff
2026-01-28T16:00:00.000,1.526,0.5220446,https://api.alintaenergy.com.au/v1/myaccount/bff
2026-01-28T17:00:00.000,1.701,0.5819121,https://api.alintaenergy.com.au/v1/myaccount/bff
2026-01-28T18:00:00.000,1.602,0.5480442,https://api.alintaenergy.com.au/v1/myaccount/bff
2026-01-28T19:00:00.000,2.104,0.7197784,https://api.alintaenergy.com.au/v1/myaccount/bff
2026-01-28T20:00:00.000,1.426,0.4878346,https://api.alintaenergy.com.au/v1/myaccount/bff
2026-01-28T21:00:00.000,1.209,0.4135989,https://api.alintaenergy.com.au/v1/myaccount/bff
2026-01-28T22:00:00.000,1.163,0.3978623,https://api.alintaenergy.com.au/v1/myaccount/bff
2026-01-28T23:00:00.000,1.113,0.3807573,https://api.alintaenergy.com.au/v1/myaccount/bff
2026-01-29T00:00:00.000,1.354,0.4632034,https://api.alintaenergy.com.au/v1/myaccount/bff
2026-01-29T01:00:00.000,1.32,0.451572,https://api.alintaenergy.com.au/v1/myaccount/bff
2026-01-29T02:00:00.000,1.294,0.4426774,https://api.alintaenergy.com.au/v1/myaccount/bff
2026-01-29T03:00:00.000,0.937,0.3205477,https://api.alintaenergy.com.au/v1/myaccount/bff
2026-01-29T04:00:00.000,0.787,0.2692327,https://api.alintaenergy.com.au/v1/myaccount/bff
2026-01-29T05:00:00.000,0.813,0.2781273,https://api.alintaenergy.com.au/v1/myaccount/bff
2026-01-29T06:00:00.000,0.763,0.2610223,https://api.alintaenergy.com.au/v1/myaccount/bff
2026-01-29T07:00:00.000,0.799,0.2733379,https://api.alintaenergy.com.au/v1/myaccount/bff
2026-01-29T08:00:00.000,0.2,0.06842,https://api.alintaenergy.com.au/v1/myaccount/bff
2026-01-29T09:00:00.000,0.129,0.0441309,https://api.alintaenergy.com.au/v1/myaccount/bff
2026-01-29T10:00:00.000,0.209,0.0714989,https://api.alintaenergy.com.au/v1/myaccount/bff
2026-01-29T11:00:00.000,0.285,0.0974985,https://api.alintaenergy.com.au/v1/myaccount/bff
2026-01-29T12:00:00.000,0.412,0.1409452,https://api.alintaenergy.com.au/v1/myaccount/bff
2026-01-29T13:00:00.000,0.166,0.0567886,https://api.alintaenergy.com.au/v1/myaccount/bff
2026-01-29T14:00:00.000,0.26,0.088946,https://api.alintaenergy.com.au/v1/myaccount/bff
2026-01-29T15:00:00.000,0.257,0.0879197,https://api.alintaenergy.com.au/v1/myaccount/bff
2026-01-29T16:00:00.000,1.301,0.4450721,https://api.alintaenergy.com.au/v1/myaccount/bff
2026-01-29T17:00:00.000,1.773,0.6065433,https://api.alintaenergy.com.au/v1/myaccount/bff
2026-01-29T18:00:00.000,2.51,0.858671,https://api.alintaenergy.com.au/v1/myaccount/bff
2026-01-29T19:00:00.000,1.362,0.4659402,https://api.alintaenergy.com.au/v1/myaccount/bff
2026-01-29T20:00:00.000,1.253,0.4286513,https://api.alintaenergy.com.au/v1/myaccount/bff
2026-01-29T21:00:00.000,0.776,0.2654696,https://api.alintaenergy.com.au/v1/myaccount/bff
2026-01-29T22:00:00.000,0.702,0.2401542,https://api.alintaenergy.com.au/v1/myaccount/bff
2026-01-29T23:00:00.000,0.673,0.2302333,https://api.alintaenergy.com.au/v1/myaccount/bff
2026-01-30T00:00:00.000,0.7,0.23947,https://api.alintaenergy.com.au/v1/myaccount/bff
2026-01-30T01:00:00.000,0.746,0.2552066,https://api.alintaenergy.com.au/v1/myaccount/bff
2026-01-30T02:00:00.000,1.054,0.3605734,https://api.alintaenergy.com.au/v1/myaccount/bff
2026-01-30T03:00:00.000,0.638,0.2182598,https://api.alintaenergy.com.au/v1/myaccount/bff
2026-01-30T04:00:00.000,0.622,0.2127862,https://api.alintaenergy.com.au/v1/myaccount/bff
2026-01-30T05:00:00.000,0.598,0.2045758,https://api.alintaenergy.com.au/v1/myaccount/bff
2026-01-30T06:00:00.000,0.519,0.1775499,https://api.alintaenergy.com.au/v1/myaccount/bff
2026-01-30T07:00:00.000,0.274,0.0937354,https://api.alintaenergy.com.au/v1/myaccount/bff
2026-01-30T08:00:00.000,0.619,0.2117599,https://api.alintaenergy.com.au/v1/myaccount/bff
2026-01-30T09:00:00.000,0.635,0.2172335,https://api.alintaenergy.com.au/v1/myaccount/bff
2026-01-30T10:00:00.000,0.586,0.2004706,https://api.alintaenergy.com.au/v1/myaccount/bff
2026-01-30T11:00:00.000,0.423,0.1447083,https://api.alintaenergy.com.au/v1/myaccount/bff
2026-01-30T12:00:00.000,1.111,0.3800731,https://api.alintaenergy.com.au/v1/myaccount/bff
2026-01-30T13:00:00.000,0.669,0.2288649,https://api.alintaenergy.com.au/v1/myaccount/bff
2026-01-30T14:00:00.000,0.723,0.2473383,https://api.alintaenergy.com.au/v1/myaccount/bff
2026-01-30T15:00:00.000,0.997,0.3410737,https://api.alintaenergy.com.au/v1/myaccount/bff
2026-01-30T16:00:00.000,2.244,0.7676724,https://api.alintaenergy.com.au/v1/myaccount/bff
2026-01-30T17:00:00.000,1.581,0.5408601,https://api.alintaenergy.com.au/v1/myaccount/bff
2026-01-30T18:00:00.000,1.353,0.4628613,https://api.alintaenergy.com.au/v1/myaccount/bff
2026-01-30T19:00:00.000,1.799,0.6154379,https://api.alintaenergy.com.au/v1/myaccount/bff
2026-01-30T20:00:00.000,2.003,0.6852263,https://api.alintaenergy.com.au/v1/myaccount/bff
2026-01-30T21:00:00.000,0.886,0.3031006,https://api.alintaenergy.com.au/v1/myaccount/bff
2026-01-30T22:00:00.000,1.03,0.352363,https://api.alintaenergy.com.au/v1/myaccount/bff
2026-01-30T23:00:00.000,1.025,0.3506525,https://api.alintaenergy.com.au/v1/myaccount/bff
2026-01-31T00:00:00.000,0.729,0.2493909,https://api.alintaenergy.com.au/v1/myaccount/bff
2026-01-31T01:00:00.000,0.854,0.2921534,https://api.alintaenergy.com.au/v1/myaccount/bff
2026-01-31T02:00:00.000,1.189,0.4067569,https://api.alintaenergy.com.au/v1/myaccount/bff
2026-01-31T03:00:00.000,1.08,0.369468,https://api.alintaenergy.com.au/v1/myaccount/bff
2026-01-31T04:00:00.000,1.055,0.3609155,https://api.alintaenergy.com.au/v1/myaccount/bff
2026-01-31T05:00:00.000,1.003,0.3431263,https://api.alintaenergy.com.au/v1/myaccount/bff
2026-01-31T06:00:00.000,0.919,0.3143899,https://api.alintaenergy.com.au/v1/myaccount/bff
2026-01-31T07:00:00.000,0.578,0.1977338,https://api.alintaenergy.com.au/v1/myaccount/bff
2026-01-31T08:00:00.000,0.353,0.1207613,https://api.alintaenergy.com.au/v1/myaccount/bff
2026-01-31T09:00:00.000,0.369,0.1262349,https://api.alintaenergy.com.au/v1/myaccount/bff
2026-01-31T10:00:00.000,1.833,0.6270693,https://api.alintaenergy.com.au/v1/myaccount/bff
2026-01-31T11:00:00.000,1.165,0.3985465,https://api.alintaenergy.com.au/v1/myaccount/bff
2026-01-31T12:00:00.000,1.465,0.5011765,https://api.alintaenergy.com.au/v1/myaccount/bff
2026-01-31T13:00:00.000,1.271,0.4348091,https://api.alintaenergy.com.au/v1/myaccount/bff
2026-01-31T14:00:00.000,0.793,0.2712853,https://api.alintaenergy.com.au/v1/myaccount/bff
2026-01-31T15:00:00.000,1.179,0.4033359,https://api.alintaenergy.com.au/v1/myaccount/bff
2026-01-31T16:00:00.000,1.652,0.5651492,https://api.alintaenergy.com.au/v1/myaccount/bff
2026-01-31T17:00:00.000,1.87,0.639727,https://api.alintaenergy.com.au/v1/myaccount/bff
2026-01-31T18:00:00.000,1.888,0.6458848,https://api.alintaenergy.com.au/v1/myaccount/bff
2026-01-31T19:00:00.000,2.037,0.6968577,https://api.alintaenergy.com.au/v1/myaccount/bff
2026-01-31T20:00:00.000,2.23,0.762883,https://api.alintaenergy.com.au/v1/myaccount/bff
2026-01-31T21:00:00.000,1.903,0.6510163,https://api.alintaenergy.com.au/v1/myaccount/bff
2026-01-31T22:00:00.000,1.397,0.4779137,https://api.alintaenergy.com.au/v1/myaccount/bff
2026-01-31T23:00:00.000,0.727,0.2487067,https://api.alintaenergy.com.au/v1/myaccount/bff
2025-12-01T12:00:00.000,18,6.1578,https://api.alintaenergy.com.au/v1/myaccount/bff
2025-12-02T12:00:00.000,18,6.1578,https://api.alintaenergy.com.au/v1/myaccount/bff
2025-12-03T12:00:00.000,19,6.4999,https://api.alintaenergy.com.au/v1/myaccount/bff
2025-12-04T12:00:00.000,19,6.4999,https://api.alintaenergy.com.au/v1/myaccount/bff
2025-12-05T12:00:00.000,19,6.4999,https://api.alintaenergy.com.au/v1/myaccount/bff
2025-12-06T12:00:00.000,19,6.4999,https://api.alintaenergy.com.au/v1/myaccount/bff
2025-12-07T12:00:00.000,19,6.4999,https://api.alintaenergy.com.au/v1/myaccount/bff
2025-12-08T00:00:00.000,0,0,https://api.alintaenergy.com.au/v1/myaccount/bff
2025-12-08T01:00:00.000,0,0,https://api.alintaenergy.com.au/v1/myaccount/bff
2025-12-08T02:00:00.000,0,0,https://api.alintaenergy.com.au/v1/myaccount/bff
2025-12-08T03:00:00.000,0,0,https://api.alintaenergy.com.au/v1/myaccount/bff
2025-12-08T04:00:00.000,0,0,https://api.alintaenergy.com.au/v1/myaccount/bff
2025-12-08T05:00:00.000,0,0,https://api.alintaenergy.com.au/v1/myaccount/bff
2025-12-08T06:00:00.000,0,0,https://api.alintaenergy.com.au/v1/myaccount/bff
2025-12-08T07:00:00.000,0.299,0.1022879,https://api.alintaenergy.com.au/v1/myaccount/bff
2025-12-08T08:00:00.000,0.64,0.218944,https://api.alintaenergy.com.au/v1/myaccount/bff
2025-12-08T09:00:00.000,0.844,0.2887324,https://api.alintaenergy.com.au/v1/myaccount/bff
2025-12-08T10:00:00.000,0.564,0.1929444,https://api.alintaenergy.com.au/v1/myaccount/bff
2025-12-08T11:00:00.000,0.536,0.1833656,https://api.alintaenergy.com.au/v1/myaccount/bff
2025-12-08T12:00:00.000,0.527,0.1802867,https://api.alintaenergy.com.au/v1/myaccount/bff
2025-12-08T13:00:00.000,0.748,0.2558908,https://api.alintaenergy.com.au/v1/myaccount/bff
2025-12-08T14:00:00.000,0.721,0.2466541,https://api.alintaenergy.com.au/v1/myaccount/bff
2025-12-08T15:00:00.000,0.936,0.3202056,https://api.alintaenergy.com.au/v1/myaccount/bff
2025-12-08T16:00:00.000,0.961,0.3287581,https://api.alintaenergy.com.au/v1/myaccount/bff
2025-12-08T17:00:00.000,1.373,0.4697033,https://api.alintaenergy.com.au/v1/myaccount/bff
2025-12-08T18:00:00.000,1.71,0.584991,https://api.alintaenergy.com.au/v1/myaccount/bff
2025-12-08T19:00:00.000,1.867,0.6387007,https://api.alintaenergy.com.au/v1/myaccount/bff
2025-12-08T20:00:00.000,1.261,0.4313881,https://api.alintaenergy.com.au/v1/myaccount/bff
2025-12-08T21:00:00.000,0.926,0.3167846,https://api.alintaenergy.com.au/v1/myaccount/bff
2025-12-08T22:00:00.000,1.092,0.3735732,https://api.alintaenergy.com.au/v1/myaccount/bff
2025-12-08T23:00:00.000,0.772,0.2641012,https://api.alintaenergy.com.au/v1/myaccount/bff
2025-12-09T00:00:00.000,0.76,0.259996,https://api.alintaenergy.com.au/v1/myaccount/bff
2025-12-09T01:00:00.000,0.962,0.3291002,https://api.alintaenergy.com.au/v1/myaccount/bff
2025-12-09T02:00:00.000,1.13,0.386573,https://api.alintaenergy.com.au/v1/myaccount/bff
2025-12-09T03:00:00.000,0.736,0.2517856,https://api.alintaenergy.com.au/v1/myaccount/bff
2025-12-09T04:00:00.000,0.777,0.2658117,https://api.alintaenergy.com.au/v1/myaccount/bff
2025-12-09T05:00:00.000,0.743,0.2541803,https://api.alintaenergy.com.au/v1/myaccount/bff
2025-12-09T06:00:00.000,0.419,0.1433399,https://api.alintaenergy.com.au/v1/myaccount/bff
2025-12-09T07:00:00.000,0.277,0.0947617,https://api.alintaenergy.com.au/v1/myaccount/bff
2025-12-09T08:00:00.000,0.42,0.143682,https://api.alintaenergy.com.au/v1/myaccount/bff
2025-12-09T09:00:00.000,0.213,0.0728673,https://api.alintaenergy.com.au/v1/myaccount/bff
2025-12-09T10:00:00.000,0.135,0.0461835,https://api.alintaenergy.com.au/v1/myaccount/bff
2025-12-09T11:00:00.000,0.412,0.1409452,https://api.alintaenergy.com.au/v1/myaccount/bff
2025-12-09T12:00:00.000,0.85,0.290785,https://api.alintaenergy.com.au/v1/myaccount/bff
2025-12-09T13:00:00.000,0.655,0.2240755,https://api.alintaenergy.com.au/v1/myaccount/bff
2025-12-09T14:00:00.000,0.68,0.232628,https://api.alintaenergy.com.au/v1/myaccount/bff
2025-12-09T15:00:00.000,1.037,0.3547577,https://api.alintaenergy.com.au/v1/myaccount/bff
2025-12-09T16:00:00.000,1.403,0.4799663,https://api.alintaenergy.com.au/v1/myaccount/bff
2025-12-09T17:00:00.000,1.698,0.5808858,https://api.alintaenergy.com.au/v1/myaccount/bff
2025-12-09T18:00:00.000,3.122,1.0680362,https://api.alintaenergy.com.au/v1/myaccount/bff
2025-12-09T19:00:00.000,2.412,0.8251452,https://api.alintaenergy.com.au/v1/myaccount/bff
2025-12-09T20:00:00.000,1.854,0.6342534,https://api.alintaenergy.com.au/v1/myaccount/bff
2025-12-09T21:00:00.000,1.279,0.4375459,https://api.alintaenergy.com.au/v1/myaccount/bff
2025-12-09T22:00:00.000,1.114,0.3810994,https://api.alintaenergy.com.au/v1/myaccount/bff
2025-12-09T23:00:00.000,1.108,0.3790468,https://api.alintaenergy.com.au/v1/myaccount/bff
2025-12-10T00:00:00.000,0.992,0.3393632,https://api.alintaenergy.com.au/v1/myaccount/bff
2025-12-10T01:00:00.000,0.969,0.3314949,https://api.alintaenergy.com.au/v1/myaccount/bff
2025-12-10T02:00:00.000,1.246,0.4262566,https://api.alintaenergy.com.au/v1/myaccount/bff
2025-12-10T03:00:00.000,0.767,0.2623907,https://api.alintaenergy.com.au/v1/myaccount/bff
2025-12-10T04:00:00.000,0.745,0.2548645,https://api.alintaenergy.com.au/v1/myaccount/bff
2025-12-10T05:00:00.000,0.719,0.2459699,https://api.alintaenergy.com.au/v1/myaccount/bff
2025-12-10T06:00:00.000,0.506,0.1731026,https://api.alintaenergy.com.au/v1/myaccount/bff
2025-12-10T07:00:00.000,0.297,0.1016037,https://api.alintaenergy.com.au/v1/myaccount/bff
2025-12-10T08:00:00.000,0.188,0.0643148,https://api.alintaenergy.com.au/v1/myaccount/bff
2025-12-10T09:00:00.000,0.046,0.0157366,https://api.alintaenergy.com.au/v1/myaccount/bff
2025-12-10T10:00:00.000,0.726,0.2483646,https://api.alintaenergy.com.au/v1/myaccount/bff
2025-12-10T11:00:00.000,0.235,0.0803935,https://api.alintaenergy.com.au/v1/myaccount/bff
2025-12-10T12:00:00.000,0.019,0.0064999,https://api.alintaenergy.com.au/v1/myaccount/bff
2025-12-10T13:00:00.000,0.072,0.0246312,https://api.alintaenergy.com.au/v1/myaccount/bff
2025-12-10T14:00:00.000,0.103,0.0352363,https://api.alintaenergy.com.au/v1/myaccount/bff
2025-12-10T15:00:00.000,0.582,0.1991022,https://api.alintaenergy.com.au/v1/myaccount/bff
2025-12-10T16:00:00.000,1.21,0.413941,https://api.alintaenergy.com.au/v1/myaccount/bff
2025-12-10T17:00:00.000,1.361,0.4655981,https://api.alintaenergy.com.au/v1/myaccount/bff
2025-12-10T18:00:00.000,1.306,0.4467826,https://api.alintaenergy.com.au/v1/myaccount/bff
2025-12-10T19:00:00.000,2.411,0.8248031,https://api.alintaenergy.com.au/v1/myaccount/bff
2025-12-10T20:00:00.000,0.669,0.2288649,https://api.alintaenergy.com.au/v1/myaccount/bff
2025-12-10T21:00:00.000,0,0,https://api.alintaenergy.com.au/v1/myaccount/bff
2025-12-10T22:00:00.000,0,0,https://api.alintaenergy.com.au/v1/myaccount/bff
2025-12-10T23:00:00.000,0,0,https://api.alintaenergy.com.au/v1/myaccount/bff
2025-12-11T00:00:00.000,0.595,0.2035495,https://api.alintaenergy.com.au/v1/myaccount/bff
2025-12-11T01:00:00.000,1.127,0.3855467,https://api.alintaenergy.com.au/v1/myaccount/bff
2025-12-11T02:00:00.000,1.11,0.379731,https://api.alintaenergy.com.au/v1/myaccount/bff
2025-12-11T03:00:00.000,0.704,0.2408384,https://api.alintaenergy.com.au/v1/myaccount/bff
2025-12-11T04:00:00.000,0.687,0.2350227,https://api.alintaenergy.com.au/v1/myaccount/bff
2025-12-11T05:00:00.000,0.61,0.208681,https://api.alintaenergy.com.au/v1/myaccount/bff
2025-12-11T06:00:00.000,0.982,0.3359422,https://api.alintaenergy.com.au/v1/myaccount/bff
2025-12-11T07:00:00.000,1.445,0.4943345,https://api.alintaenergy.com.au/v1/myaccount/bff
2025-12-11T08:00:00.000,0.905,0.3096005,https://api.alintaenergy.com.au/v1/myaccount/bff
2025-12-11T09:00:00.000,0.56,0.191576,https://api.alintaenergy.com.au/v1/myaccount/bff
2025-12-11T10:00:00.000,1.021,0.3492841,https://api.alintaenergy.com.au/v1/myaccount/bff
2025-12-11T11:00:00.000,0.7,0.23947,https://api.alintaenergy.com.au/v1/myaccount/bff
2025-12-11T12:00:00.000,0.517,0.1768657,https://api.alintaenergy.com.au/v1/myaccount/bff
2025-12-11T13:00:00.000,0.688,0.2353648,https://api.alintaenergy.com.au/v1/myaccount/bff
2025-12-11T14:00:00.000,1.036,0.3544156,https://api.alintaenergy.com.au/v1/myaccount/bff
2025-12-11T15:00:00.000,1.513,0.5175973,https://api.alintaenergy.com.au/v1/myaccount/bff
2025-12-11T16:00:00.000,1.119,0.3828099,https://api.alintaenergy.com.au/v1/myaccount/bff
2025-12-11T17:00:00.000,1.377,0.4710717,https://api.alintaenergy.com.au/v1/myaccount/bff
2025-12-11T18:00:00.000,1.181,0.4040201,https://api.alintaenergy.com.au/v1/myaccount/bff
2025-12-11T19:00:00.000,2.426,0.8299346,https://api.alintaenergy.com.au/v1/myaccount/bff
2025-12-11T20:00:00.000,1.618,0.5535178,https://api.alintaenergy.com.au/v1/myaccount/bff
2025-12-11T21:00:00.000,1.1,0.37631,https://api.alintaenergy.com.au/v1/myaccount/bff
2025-12-11T22:00:00.000,0.937,0.3205477,https://api.alintaenergy.com.au/v1/myaccount/bff
2025-12-11T23:00:00.000,0.851,0.2911271,https://api.alintaenergy.com.au/v1/myaccount/bff
2025-12-12T00:00:00.000,0.849,0.2904429,https://api.alintaenergy.com.au/v1/myaccount/bff
2025-12-12T01:00:00.000,0.782,0.2675222,https://api.alintaenergy.com.au/v1/myaccount/bff
2025-12-12T02:00:00.000,1.155,0.3951255,https://api.alintaenergy.com.au/v1/myaccount/bff
2025-12-12T03:00:00.000,0.744,0.2545224,https://api.alintaenergy.com.au/v1/myaccount/bff
2025-12-12T04:00:00.000,0.702,0.2401542,https://api.alintaenergy.com.au/v1/myaccount/bff
2025-12-12T05:00:00.000,0.815,0.2788115,https://api.alintaenergy.com.au/v1/myaccount/bff
2025-12-12T06:00:00.000,0.853,0.2918113,https://api.alintaenergy.com.au/v1/myaccount/bff
2025-12-12T07:00:00.000,0.789,0.2699169,https://api.alintaenergy.com.au/v1/myaccount/bff
2025-12-12T08:00:00.000,0.325,0.1111825,https://api.alintaenergy.com.au/v1/myaccount/bff
2025-12-12T09:00:00.000,0.779,0.2664959,https://api.alintaenergy.com.au/v1/myaccount/bff
2025-12-12T10:00:00.000,0.147,0.0502887,https://api.alintaenergy.com.au/v1/myaccount/bff
2025-12-12T11:00:00.000,0.058,0.0198418,https://api.alintaenergy.com.au/v1/myaccount/bff
2025-12-12T12:00:00.000,0.045,0.0153945,https://api.alintaenergy.com.au/v1/myaccount/bff
2025-12-12T13:00:00.000,0.075,0.0256575,https://api.alintaenergy.com.au/v1/myaccount/bff
2025-12-12T14:00:00.000,0.45,0.153945,https://api.alintaenergy.com.au/v1/myaccount/bff
2025-12-12T15:00:00.000,0.691,0.2363911,https://api.alintaenergy.com.au/v1/myaccount/bff
2025-12-12T16:00:00.000,1.358,0.4645718,https://api.alintaenergy.com.au/v1/myaccount/bff
2025-12-12T17:00:00.000,1.344,0.4597824,https://api.alintaenergy.com.au/v1/myaccount/bff
2025-12-12T18:00:00.000,1.533,0.5244393,https://api.alintaenergy.com.au/v1/myaccount/bff
2025-12-12T19:00:00.000,2.081,0.7119101,https://api.alintaenergy.com.au/v1/myaccount/bff
2025-12-12T20:00:00.000,1.918,0.6561478,https://api.alintaenergy.com.au/v1/myaccount/bff
2025-12-12T21:00:00.000,1.424,0.4871504,https://api.alintaenergy.com.au/v1/myaccount/bff
2025-12-12T22:00:00.000,1.202,0.4112042,https://api.alintaenergy.com.au/v1/myaccount/bff
2025-12-12T23:00:00.000,1.167,0.3992307,https://api.alintaenergy.com.au/v1/myaccount/bff
2025-12-13T00:00:00.000,0.853,0.2918113,https://api.alintaenergy.com.au/v1/myaccount/bff
2025-12-13T01:00:00.000,0.925,0.3164425,https://api.alintaenergy.com.au/v1/myaccount/bff
2025-12-13T02:00:00.000,1.212,0.4146252,https://api.alintaenergy.com.au/v1/myaccount/bff
2025-12-13T03:00:00.000,0.843,0.2883903,https://api.alintaenergy.com.au/v1/myaccount/bff
2025-12-13T04:00:00.000,0.797,0.2726537,https://api.alintaenergy.com.au/v1/myaccount/bff
2025-12-13T05:00:00.000,0.707,0.2418647,https://api.alintaenergy.com.au/v1/myaccount/bff
2025-12-13T06:00:00.000,0.544,0.1861024,https://api.alintaenergy.com.au/v1/myaccount/bff
2025-12-13T07:00:00.000,0.253,0.0865513,https://api.alintaenergy.com.au/v1/myaccount/bff
2025-12-13T08:00:00.000,0.268,0.0916828,https://api.alintaenergy.com.au/v1/myaccount/bff
2025-12-13T09:00:00.000,0.079,0.0270259,https://api.alintaenergy.com.au/v1/myaccount/bff
2025-12-13T10:00:00.000,0.013,0.0044473,https://api.alintaenergy.com.au/v1/myaccount/bff
2025-12-13T11:00:00.000,0.231,0.0790251,https://api.alintaenergy.com.au/v1/myaccount/bff
2025-12-13T12:00:00.000,0.585,0.2001285,https://api.alintaenergy.com.au/v1/myaccount/bff
2025-12-13T13:00:00.000,0.378,0.1293138,https://api.alintaenergy.com.au/v1/myaccount/bff
2025-12-13T14:00:00.000,0.279,0.0954459,https://api.alintaenergy.com.au/v1/myaccount/bff
2025-12-13T15:00:00.000,0.566,0.1936286,https://api.alintaenergy.com.au/v1/myaccount/bff
2025-12-13T16:00:00.000,0.927,0.3171267,https://api.alintaenergy.com.au/v1/myaccount/bff
2025-12-13T17:00:00.000,1.531,0.5237551,https://api.alintaenergy.com.au/v1/myaccount/bff
2025-12-13T18:00:00.000,1.396,0.4775716,https://api.alintaenergy.com.au/v1/myaccount/bff
2025-12-13T19:00:00.000,1.294,0.4426774,https://api.alintaenergy.com.au/v1/myaccount/bff
2025-12-13T20:00:00.000,1.458,0.4987818,https://api.alintaenergy.com.au/v1/myaccount/bff
2025-12-13T21:00:00.000,1.019,0.3485999,https://api.alintaenergy.com.au/v1/myaccount/bff
2025-12-13T22:00:00.000,0.957,0.3273897,https://api.alintaenergy.com.au/v1/myaccount/bff
2025-12-13T23:00:00.000,0.829,0.2836009,https://api.alintaenergy.com.au/v1/myaccount/bff
2025-12-14T00:00:00.000,0.781,0.2671801,https://api.alintaenergy.com.au/v1/myaccount/bff
2025-12-14T01:00:00.000,1.009,0.3451789,https://api.alintaenergy.com.au/v1/myaccount/bff
2025-12-14T02:00:00.000,0.75,0.256575,https://api.alintaenergy.com.au/v1/myaccount/bff
2025-12-14T03:00:00.000,0.686,0.2346806,https://api.alintaenergy.com.au/v1/myaccount/bff
2025-12-14T04:00:00.000,0.703,0.2404963,https://api.alintaenergy.com.au/v1/myaccount/bff
2025-12-14T05:00:00.000,0.738,0.2524698,https://api.alintaenergy.com.au/v1/myaccount/bff
2025-12-14T06:00:00.000,0.566,0.1936286,https://api.alintaenergy.com.au/v1/myaccount/bff
2025-12-14T07:00:00.000,0.185,0.0632885,https://api.alintaenergy.com.au/v1/myaccount/bff
2025-12-14T08:00:00.000,0.632,0.2162072,https://api.alintaenergy.com.au/v1/myaccount/bff
2025-12-14T09:00:00.000,1.801,0.6161221,https://api.alintaenergy.com.au/v1/myaccount/bff
2025-12-14T10:00:00.000,2.12,0.725252,https://api.alintaenergy.com.au/v1/myaccount/bff
2025-12-14T11:00:00.000,0.117,0.0400257,https://api.alintaenergy.com.au/v1/myaccount/bff
2025-12-14T12:00:00.000,1.377,0.4710717,https://api.alintaenergy.com.au/v1/myaccount/bff
2025-12-14T13:00:00.000,0.987,0.3376527,https://api.alintaenergy.com.au/v1/myaccount/bff
2025-12-14T14:00:00.000,0.729,0.2493909,https://api.alintaenergy.com.au/v1/myaccount/bff
2025-12-14T15:00:00.000,0.574,0.1963654,https://api.alintaenergy.com.au/v1/myaccount/bff
2025-12-14T16:00:00.000,0.953,0.3260213,https://api.alintaenergy.com.au/v1/myaccount/bff
2025-12-14T17:00:00.000,1.233,0.4218093,https://api.alintaenergy.com.au/v1/myaccount/bff
2025-12-14T18:00:00.000,1.277,0.4368617,https://api.alintaenergy.com.au/v1/myaccount/bff
2025-12-14T19:00:00.000,1.801,0.6161221,https://api.alintaenergy.com.au/v1/myaccount/bff
2025-12-14T20:00:00.000,1.285,0.4395985,https://api.alintaenergy.com.au/v1/myaccount/bff
2025-12-14T21:00:00.000,1.106,0.3783626,https://api.alintaenergy.com.au/v1/myaccount/bff
2025-12-14T22:00:00.000,0.937,0.3205477,https://api.alintaenergy.com.au/v1/myaccount/bff
2025-12-14T23:00:00.000,1.154,0.3947834,https://api.alintaenergy.com.au/v1/myaccount/bff
2025-12-15T00:00:00.000,0.867,0.2966007,https://api.alintaenergy.com.au/v1/myaccount/bff
2025-12-15T01:00:00.000,0.808,0.2764168,https://api.alintaenergy.com.au/v1/myaccount/bff
2025-12-15T02:00:00.000,1.127,0.3855467,https://api.alintaenergy.com.au/v1/myaccount/bff
2025-12-15T03:00:00.000,0.767,0.2623907,https://api.alintaenergy.com.au/v1/myaccount/bff
2025-12-15T04:00:00.000,0.76,0.259996,https://api.alintaenergy.com.au/v1/myaccount/bff
2025-12-15T05:00:00.000,0.725,0.2480225,https://api.alintaenergy.com.au/v1/myaccount/bff
2025-12-15T06:00:00.000,0.796,0.2723116,https://api.alintaenergy.com.au/v1/myaccount/bff
2025-12-15T07:00:00.000,0.371,0.1269191,https://api.alintaenergy.com.au/v1/myaccount/bff
2025-12-15T08:00:00.000,0.192,0.0656832,https://api.alintaenergy.com.au/v1/myaccount/bff
2025-12-15T09:00:00.000,0.287,0.0981827,https://api.alintaenergy.com.au/v1/myaccount/bff
2025-12-15T10:00:00.000,0.002,0.0006842,https://api.alintaenergy.com.au/v1/myaccount/bff
2025-12-15T11:00:00.000,0.614,0.2100494,https://api.alintaenergy.com.au/v1/myaccount/bff
2025-12-15T12:00:00.000,0.787,0.2692327,https://api.alintaenergy.com.au/v1/myaccount/bff
2025-12-15T13:00:00.000,1.066,0.3646786,https://api.alintaenergy.com.au/v1/myaccount/bff
2025-12-15T14:00:00.000,1.492,0.5104132,https://api.alintaenergy.com.au/v1/myaccount/bff
2025-12-15T15:00:00.000,1.252,0.4283092,https://api.alintaenergy.com.au/v1/myaccount/bff
2025-12-15T16:00:00.000,1.54,0.526834,https://api.alintaenergy.com.au/v1/myaccount/bff
2025-12-15T17:00:00.000,1.665,0.5695965,https://api.alintaenergy.com.au/v1/myaccount/bff
2025-12-15T18:00:00.000,1.996,0.6828316,https://api.alintaenergy.com.au/v1/myaccount/bff
2025-12-15T19:00:00.000,2.252,0.7704092,https://api.alintaenergy.com.au/v1/myaccount/bff
2025-12-15T20:00:00.000,1.207,0.4129147,https://api.alintaenergy.com.au/v1/myaccount/bff
2025-12-15T21:00:00.000,0.951,0.3253371,https://api.alintaenergy.com.au/v1/myaccount/bff
2025-12-15T22:00:00.000,1.257,0.4300197,https://api.alintaenergy.com.au/v1/myaccount/bff
2025-12-15T23:00:00.000,0.867,0.2966007,https://api.alintaenergy.com.au/v1/myaccount/bff
2025-12-16T00:00:00.000,0.919,0.3143899,https://api.alintaenergy.com.au/v1/myaccount/bff
2025-12-16T01:00:00.000,1.136,0.3886256,https://api.alintaenergy.com.au/v1/myaccount/bff
2025-12-16T02:00:00.000,1.153,0.3944413,https://api.alintaenergy.com.au/v1/myaccount/bff
2025-12-16T03:00:00.000,0.779,0.2664959,https://api.alintaenergy.com.au/v1/myaccount/bff
2025-12-16T04:00:00.000,0.854,0.2921534,https://api.alintaenergy.com.au/v1/myaccount/bff
2025-12-16T05:00:00.000,0.716,0.2449436,https://api.alintaenergy.com.au/v1/myaccount/bff
2025-12-16T06:00:00.000,0.681,0.2329701,https://api.alintaenergy.com.au/v1/myaccount/bff
2025-12-16T07:00:00.000,0.468,0.1601028,https://api.alintaenergy.com.au/v1/myaccount/bff
2025-12-16T08:00:00.000,0.295,0.1009195,https://api.alintaenergy.com.au/v1/myaccount/bff
2025-12-16T09:00:00.000,0.176,0.0602096,https://api.alintaenergy.com.au/v1/myaccount/bff
2025-12-16T10:00:00.000,0.25,0.085525,https://api.alintaenergy.com.au/v1/myaccount/bff
2025-12-16T11:00:00.000,1.827,0.6250167,https://api.alintaenergy.com.au/v1/myaccount/bff
2025-12-16T12:00:00.000,1.479,0.5059659,https://api.alintaenergy.com.au/v1/myaccount/bff
2025-12-16T13:00:00.000,2.025,0.6927525,https://api.alintaenergy.com.au/v1/myaccount/bff
2025-12-16T14:00:00.000,0.995,0.3403895,https://api.alintaenergy.com.au/v1/myaccount/bff
2025-12-16T15:00:00.000,0.883,0.3020743,https://api.alintaenergy.com.au/v1/myaccount/bff
2025-12-16T16:00:00.000,0.947,0.3239687,https://api.alintaenergy.com.au/v1/myaccount/bff
2025-12-16T17:00:00.000,1.22,0.417362,https://api.alintaenergy.com.au/v1/myaccount/bff
2025-12-16T18:00:00.000,1.945,0.6653845,https://api.alintaenergy.com.au/v1/myaccount/bff
2025-12-16T19:00:00.000,1.116,0.3817836,https://api.alintaenergy.com.au/v1/myaccount/bff
2025-12-16T20:00:00.000,1.02,0.348942,https://api.alintaenergy.com.au/v1/myaccount/bff
2025-12-16T21:00:00.000,0.971,0.3321791,https://api.alintaenergy.com.au/v1/myaccount/bff
2025-12-16T22:00:00.000,1.25,0.427625,https://api.alintaenergy.com.au/v1/myaccount/bff
2025-12-16T23:00:00.000,1.044,0.3571524,https://api.alintaenergy.com.au/v1/myaccount/bff
2025-12-17T00:00:00.000,1.009,0.3451789,https://api.alintaenergy.com.au/v1/myaccount/bff
2025-12-17T01:00:00.000,1.04,0.355784,https://api.alintaenergy.com.au/v1/myaccount/bff
2025-12-17T02:00:00.000,1.379,0.4717559,https://api.alintaenergy.com.au/v1/myaccount/bff
2025-12-17T03:00:00.000,1.028,0.3516788,https://api.alintaenergy.com.au/v1/myaccount/bff
2025-12-17T04:00:00.000,0.951,0.3253371,https://api.alintaenergy.com.au/v1/myaccount/bff
2025-12-17T05:00:00.000,0.769,0.2630749,https://api.alintaenergy.com.au/v1/myaccount/bff
2025-12-17T06:00:00.000,0.636,0.2175756,https://api.alintaenergy.com.au/v1/myaccount/bff
2025-12-17T07:00:00.000,0.606,0.2073126,https://api.alintaenergy.com.au/v1/myaccount/bff
2025-12-17T08:00:00.000,0.43,0.147103,https://api.alintaenergy.com.au/v1/myaccount/bff
2025-12-17T09:00:00.000,0.112,0.0383152,https://api.alintaenergy.com.au/v1/myaccount/bff
2025-12-17T10:00:00.000,0.325,0.1111825,https://api.alintaenergy.com.au/v1/myaccount/bff
2025-12-17T11:00:00.000,0.555,0.1898655,https://api.alintaenergy.com.au/v1/myaccount/bff
2025-12-17T12:00:00.000,0.405,0.1385505,https://api.alintaenergy.com.au/v1/myaccount/bff
2025-12-17T13:00:00.000,0.399,0.1364979,https://api.alintaenergy.com.au/v1/myaccount/bff
2025-12-17T14:00:00.000,0.213,0.0728673,https://api.alintaenergy.com.au/v1/myaccount/bff
2025-12-17T15:00:00.000,0.356,0.1217876,https://api.alintaenergy.com.au/v1/myaccount/bff
2025-12-17T16:00:00.000,0.886,0.3031006,https://api.alintaenergy.com.au/v1/myaccount/bff
2025-12-17T17:00:00.000,1.166,0.3988886,https://api.alintaenergy.com.au/v1/myaccount/bff
2025-12-17T18:00:00.000,1.508,0.5158868,https://api.alintaenergy.com.au/v1/myaccount/bff
2025-12-17T19:00:00.000,1.344,0.4597824,https://api.alintaenergy.com.au/v1/myaccount/bff
2025-12-17T20:00:00.000,0.983,0.3362843,https://api.alintaenergy.com.au/v1/myaccount/bff
2025-12-17T21:00:00.000,0.793,0.2712853,https://api.alintaenergy.com.au/v1/myaccount/bff
2025-12-17T22:00:00.000,1.083,0.3704943,https://api.alintaenergy.com.au/v1/myaccount/bff
2025-12-17T23:00:00.000,1.021,0.3492841,https://api.alintaenergy.com.au/v1/myaccount/bff
2025-12-18T00:00:00.000,0.68,0.232628,https://api.alintaenergy.com.au/v1/myaccount/bff
2025-12-18T01:00:00.000,0.954,0.3263634,https://api.alintaenergy.com.au/v1/myaccount/bff
2025-12-18T02:00:00.000,1.004,0.3434684,https://api.alintaenergy.com.au/v1/myaccount/bff
2025-12-18T03:00:00.000,0.627,0.2144967,https://api.alintaenergy.com.au/v1/myaccount/bff
2025-12-18T04:00:00.000,0.716,0.2449436,https://api.alintaenergy.com.au/v1/myaccount/bff
2025-12-18T05:00:00.000,0.802,0.2743642,https://api.alintaenergy.com.au/v1/myaccount/bff
2025-12-18T06:00:00.000,0.452,0.1546292,https://api.alintaenergy.com.au/v1/myaccount/bff
2025-12-18T07:00:00.000,0.178,0.0608938,https://api.alintaenergy.com.au/v1/myaccount/bff
2025-12-18T08:00:00.000,0.099,0.0338679,https://api.alintaenergy.com.au/v1/myaccount/bff
2025-12-18T09:00:00.000,0.128,0.0437888,https://api.alintaenergy.com.au/v1/myaccount/bff
2025-12-18T10:00:00.000,0.074,0.0253154,https://api.alintaenergy.com.au/v1/myaccount/bff
2025-12-18T11:00:00.000,0.05,0.017105,https://api.alintaenergy.com.au/v1/myaccount/bff
2025-12-18T12:00:00.000,0.051,0.0174471,https://api.alintaenergy.com.au/v1/myaccount/bff
2025-12-18T13:00:00.000,0.259,0.0886039,https://api.alintaenergy.com.au/v1/myaccount/bff
2025-12-18T14:00:00.000,0.002,0.0006842,https://api.alintaenergy.com.au/v1/myaccount/bff
2025-12-18T15:00:00.000,1.695,0.5798595,https://api.alintaenergy.com.au/v1/myaccount/bff
2025-12-18T16:00:00.000,1.319,0.4512299,https://api.alintaenergy.com.au/v1/myaccount/bff
2025-12-18T17:00:00.000,1.675,0.5730175,https://api.alintaenergy.com.au/v1/myaccount/bff
2025-12-18T18:00:00.000,3.109,1.0635889,https://api.alintaenergy.com.au/v1/myaccount/bff
2025-12-18T19:00:00.000,1.709,0.5846489,https://api.alintaenergy.com.au/v1/myaccount/bff
2025-12-18T20:00:00.000,1.139,0.3896519,https://api.alintaenergy.com.au/v1/myaccount/bff
2025-12-18T21:00:00.000,0.91,0.311311,https://api.alintaenergy.com.au/v1/myaccount/bff
2025-12-18T22:00:00.000,0.807,0.2760747,https://api.alintaenergy.com.au/v1/myaccount/bff
2025-12-18T23:00:00.000,0.742,0.2538382,https://api.alintaenergy.com.au/v1/myaccount/bff
2025-12-19T00:00:00.000,0.787,0.2692327,https://api.alintaenergy.com.au/v1/myaccount/bff
2025-12-19T01:00:00.000,0.687,0.2350227,https://api.alintaenergy.com.au/v1/myaccount/bff
2025-12-19T02:00:00.000,1.029,0.3520209,https://api.alintaenergy.com.au/v1/myaccount/bff
2025-12-19T03:00:00.000,0.692,0.2367332,https://api.alintaenergy.com.au/v1/myaccount/bff
2025-12-19T04:00:00.000,0.787,0.2692327,https://api.alintaenergy.com.au/v1/myaccount/bff
2025-12-19T05:00:00.000,0.739,0.2528119,https://api.alintaenergy.com.au/v1/myaccount/bff
2025-12-19T06:00:00.000,0.344,0.1176824,https://api.alintaenergy.com.au/v1/myaccount/bff
2025-12-19T07:00:00.000,0.038,0.0129998,https://api.alintaenergy.com.au/v1/myaccount/bff
2025-12-19T08:00:00.000,0.603,0.2062863,https://api.alintaenergy.com.au/v1/myaccount/bff
2025-12-19T09:00:00.000,0.655,0.2240755,https://api.alintaenergy.com.au/v1/myaccount/bff
2025-12-19T10:00:00.000,0.169,0.0578149,https://api.alintaenergy.com.au/v1/myaccount/bff
2025-12-19T11:00:00.000,0,0,https://api.alintaenergy.com.au/v1/myaccount/bff
2025-12-19T12:00:00.000,0.038,0.0129998,https://api.alintaenergy.com.au/v1/myaccount/bff
2025-12-19T13:00:00.000,0.025,0.0085525,https://api.alintaenergy.com.au/v1/myaccount/bff
2025-12-19T14:00:00.000,0.327,0.1118667,https://api.alintaenergy.com.au/v1/myaccount/bff
2025-12-19T15:00:00.000,0.873,0.2986533,https://api.alintaenergy.com.au/v1/myaccount/bff
2025-12-19T16:00:00.000,1.241,0.4245461,https://api.alintaenergy.com.au/v1/myaccount/bff
2025-12-19T17:00:00.000,1.322,0.4522562,https://api.alintaenergy.com.au/v1/myaccount/bff
2025-12-19T18:00:00.000,1.42,0.485782,https://api.alintaenergy.com.au/v1/myaccount/bff
2025-12-19T19:00:00.000,2.003,0.6852263,https://api.alintaenergy.com.au/v1/myaccount/bff
2025-12-19T20:00:00.000,1.243,0.4252303,https://api.alintaenergy.com.au/v1/myaccount/bff
2025-12-19T21:00:00.000,0.978,0.3345738,https://api.alintaenergy.com.au/v1/myaccount/bff
2025-12-19T22:00:00.000,1.203,0.4115463,https://api.alintaenergy.com.au/v1/myaccount/bff
2025-12-19T23:00:00.000,1.195,0.4088095,https://api.alintaenergy.com.au/v1/myaccount/bff
2025-12-20T00:00:00.000,0.788,0.2695748,https://api.alintaenergy.com.au/v1/myaccount/bff
2025-12-20T01:00:00.000,0.781,0.2671801,https://api.alintaenergy.com.au/v1/myaccount/bff
2025-12-20T02:00:00.000,1.127,0.3855467,https://api.alintaenergy.com.au/v1/myaccount/bff
2025-12-20T03:00:00.000,0.836,0.2859956,https://api.alintaenergy.com.au/v1/myaccount/bff
2025-12-20T04:00:00.000,0.932,0.3188372,https://api.alintaenergy.com.au/v1/myaccount/bff
2025-12-20T05:00:00.000,1.08,0.369468,https://api.alintaenergy.com.au/v1/myaccount/bff
2025-12-20T06:00:00.000,0.614,0.2100494,https://api.alintaenergy.com.au/v1/myaccount/bff
2025-12-20T07:00:00.000,0.122,0.0417362,https://api.alintaenergy.com.au/v1/myaccount/bff
2025-12-20T08:00:00.000,0.113,0.0386573,https://api.alintaenergy.com.au/v1/myaccount/bff
2025-12-20T09:00:00.000,0.011,0.0037631,https://api.alintaenergy.com.au/v1/myaccount/bff
2025-12-20T10:00:00.000,0.231,0.0790251,https://api.alintaenergy.com.au/v1/myaccount/bff
2025-12-20T11:00:00.000,0.756,0.2586276,https://api.alintaenergy.com.au/v1/myaccount/bff
2025-12-20T12:00:00.000,0.716,0.2449436,https://api.alintaenergy.com.au/v1/myaccount/bff
2025-12-20T13:00:00.000,0.977,0.3342317,https://api.alintaenergy.com.au/v1/myaccount/bff
2025-12-20T14:00:00.000,0.586,0.2004706,https://api.alintaenergy.com.au/v1/myaccount/bff
2025-12-20T15:00:00.000,1.052,0.3598892,https://api.alintaenergy.com.au/v1/myaccount/bff
2025-12-20T16:00:00.000,1.688,0.5774648,https://api.alintaenergy.com.au/v1/myaccount/bff
2025-12-20T17:00:00.000,1.918,0.6561478,https://api.alintaenergy.com.au/v1/myaccount/bff
2025-12-20T18:00:00.000,1.779,0.6085959,https://api.alintaenergy.com.au/v1/myaccount/bff
2025-12-20T19:00:00.000,3.093,1.0581153,https://api.alintaenergy.com.au/v1/myaccount/bff
2025-12-20T20:00:00.000,2.806,0.9599326,https://api.alintaenergy.com.au/v1/myaccount/bff
2025-12-20T21:00:00.000,1.054,0.3605734,https://api.alintaenergy.com.au/v1/myaccount/bff
2025-12-20T22:00:00.000,0.959,0.3280739,https://api.alintaenergy.com.au/v1/myaccount/bff
2025-12-20T23:00:00.000,0.863,0.2952323,https://api.alintaenergy.com.au/v1/myaccount/bff
2025-12-21T00:00:00.000,0.823,0.2815483,https://api.alintaenergy.com.au/v1/myaccount/bff
2025-12-21T01:00:00.000,1.086,0.3715206,https://api.alintaenergy.com.au/v1/myaccount/bff
2025-12-21T02:00:00.000,0.762,0.2606802,https://api.alintaenergy.com.au/v1/myaccount/bff
2025-12-21T03:00:00.000,0.727,0.2487067,https://api.alintaenergy.com.au/v1/myaccount/bff
2025-12-21T04:00:00.000,0.75,0.256575,https://api.alintaenergy.com.au/v1/myaccount/bff
2025-12-21T05:00:00.000,0.683,0.2336543,https://api.alintaenergy.com.au/v1/myaccount/bff
2025-12-21T06:00:00.000,0.551,0.1884971,https://api.alintaenergy.com.au/v1/myaccount/bff
2025-12-21T07:00:00.000,0.509,0.1741289,https://api.alintaenergy.com.au/v1/myaccount/bff
2025-12-21T08:00:00.000,0.785,0.2685485,https://api.alintaenergy.com.au/v1/myaccount/bff
2025-12-21T09:00:00.000,0.734,0.2511014,https://api.alintaenergy.com.au/v1/myaccount/bff
2025-12-21T10:00:00.000,2.285,0.7816985,https://api.alintaenergy.com.au/v1/myaccount/bff
2025-12-21T11:00:00.000,0.891,0.3048111,https://api.alintaenergy.com.au/v1/myaccount/bff
2025-12-21T12:00:00.000,1.6,0.54736,https://api.alintaenergy.com.au/v1/myaccount/bff
2025-12-21T13:00:00.000,0.71,0.242891,https://api.alintaenergy.com.au/v1/myaccount/bff
2025-12-21T14:00:00.000,3.09,1.057089,https://api.alintaenergy.com.au/v1/myaccount/bff
2025-12-21T15:00:00.000,1.91,0.653411,https://api.alintaenergy.com.au/v1/myaccount/bff
2025-12-21T16:00:00.000,1.768,0.6048328,https://api.alintaenergy.com.au/v1/myaccount/bff
2025-12-21T17:00:00.000,2.357,0.8063297,https://api.alintaenergy.com.au/v1/myaccount/bff
2025-12-21T18:00:00.000,2.694,0.9216174,https://api.alintaenergy.com.au/v1/myaccount/bff
2025-12-21T19:00:00.000,2.332,0.7977772,https://api.alintaenergy.com.au/v1/myaccount/bff
2025-12-21T20:00:00.000,2.603,0.8904863,https://api.alintaenergy.com.au/v1/myaccount/bff
2025-12-21T21:00:00.000,1.442,0.4933082,https://api.alintaenergy.com.au/v1/myaccount/bff
2025-12-21T22:00:00.000,1.014,0.3468894,https://api.alintaenergy.com.au/v1/myaccount/bff
2025-12-21T23:00:00.000,1.226,0.4194146,https://api.alintaenergy.com.au/v1/myaccount/bff
2025-12-22T00:00:00.000,0.854,0.2921534,https://api.alintaenergy.com.au/v1/myaccount/bff
2025-12-22T01:00:00.000,0.857,0.2931797,https://api.alintaenergy.com.au/v1/myaccount/bff
2025-12-22T02:00:00.000,1.171,0.4005991,https://api.alintaenergy.com.au/v1/myaccount/bff
2025-12-22T03:00:00.000,0.804,0.2750484,https://api.alintaenergy.com.au/v1/myaccount/bff
2025-12-22T04:00:00.000,0.869,0.2972849,https://api.alintaenergy.com.au/v1/myaccount/bff
2025-12-22T05:00:00.000,0.717,0.2452857,https://api.alintaenergy.com.au/v1/myaccount/bff
2025-12-22T06:00:00.000,1.316,0.4502036,https://api.alintaenergy.com.au/v1/myaccount/bff
2025-12-22T07:00:00.000,0.604,0.2066284,https://api.alintaenergy.com.au/v1/myaccount/bff
2025-12-22T08:00:00.000,0.719,0.2459699,https://api.alintaenergy.com.au/v1/myaccount/bff
2025-12-22T09:00:00.000,0.252,0.0862092,https://api.alintaenergy.com.au/v1/myaccount/bff
2025-12-22T10:00:00.000,0.933,0.3191793,https://api.alintaenergy.com.au/v1/myaccount/bff
2025-12-22T11:00:00.000,1.419,0.4854399,https://api.alintaenergy.com.au/v1/myaccount/bff
2025-12-22T12:00:00.000,1.745,0.5969645,https://api.alintaenergy.com.au/v1/myaccount/bff
2025-12-22T13:00:00.000,1.116,0.3817836,https://api.alintaenergy.com.au/v1/myaccount/bff
2025-12-22T14:00:00.000,1.279,0.4375459,https://api.alintaenergy.com.au/v1/myaccount/bff
2025-12-22T15:00:00.000,1.805,0.6174905,https://api.alintaenergy.com.au/v1/myaccount/bff
2025-12-22T16:00:00.000,1.868,0.6390428,https://api.alintaenergy.com.au/v1/myaccount/bff
2025-12-22T17:00:00.000,2.011,0.6879631,https://api.alintaenergy.com.au/v1/myaccount/bff
2025-12-22T18:00:00.000,1.702,0.5822542,https://api.alintaenergy.com.au/v1/myaccount/bff
2025-12-22T19:00:00.000,2.541,0.8692761,https://api.alintaenergy.com.au/v1/myaccount/bff
2025-12-22T20:00:00.000,1.88,0.643148,https://api.alintaenergy.com.au/v1/myaccount/bff
2025-12-22T21:00:00.000,1.274,0.4358354,https://api.alintaenergy.com.au/v1/myaccount/bff
2025-12-22T22:00:00.000,1.345,0.4601245,https://api.alintaenergy.com.au/v1/myaccount/bff
2025-12-22T23:00:00.000,1.028,0.3516788,https://api.alintaenergy.com.au/v1/myaccount/bff
2025-12-23T00:00:00.000,0.969,0.3314949,https://api.alintaenergy.com.au/v1/myaccount/bff
2025-12-23T01:00:00.000,1.25,0.427625,https://api.alintaenergy.com.au/v1/myaccount/bff
2025-12-23T02:00:00.000,1.266,0.4330986,https://api.alintaenergy.com.au/v1/myaccount/bff
2025-12-23T03:00:00.000,1.49,0.509729,https://api.alintaenergy.com.au/v1/myaccount/bff
2025-12-23T04:00:00.000,1.554,0.5316234,https://api.alintaenergy.com.au/v1/myaccount/bff
2025-12-23T05:00:00.000,1.268,0.4337828,https://api.alintaenergy.com.au/v1/myaccount/bff
2025-12-23T06:00:00.000,1.086,0.3715206,https://api.alintaenergy.com.au/v1/myaccount/bff
2025-12-23T07:00:00.000,0.89,0.304469,https://api.alintaenergy.com.au/v1/myaccount/bff
2025-12-23T08:00:00.000,1.175,0.4019675,https://api.alintaenergy.com.au/v1/myaccount/bff
2025-12-23T09:00:00.000,1.4,0.47894,https://api.alintaenergy.com.au/v1/myaccount/bff
2025-12-23T10:00:00.000,1.507,0.5155447,https://api.alintaenergy.com.au/v1/myaccount/bff
2025-12-23T11:00:00.000,1.162,0.3975202,https://api.alintaenergy.com.au/v1/myaccount/bff
2025-12-23T12:00:00.000,1.364,0.4666244,https://api.alintaenergy.com.au/v1/myaccount/bff
2025-12-23T13:00:00.000,1.451,0.4963871,https://api.alintaenergy.com.au/v1/myaccount/bff
2025-12-23T14:00:00.000,1.705,0.5832805,https://api.alintaenergy.com.au/v1/myaccount/bff
2025-12-23T15:00:00.000,2.318,0.7929878,https://api.alintaenergy.com.au/v1/myaccount/bff
2025-12-23T16:00:00.000,3.306,1.1309826,https://api.alintaenergy.com.au/v1/myaccount/bff
2025-12-23T17:00:00.000,4.505,1.5411605,https://api.alintaenergy.com.au/v1/myaccount/bff
2025-12-23T18:00:00.000,3.045,1.0416945,https://api.alintaenergy.com.au/v1/myaccount/bff
2025-12-23T19:00:00.000,1.591,0.5442811,https://api.alintaenergy.com.au/v1/myaccount/bff
2025-12-23T20:00:00.000,1.748,0.5979908,https://api.alintaenergy.com.au/v1/myaccount/bff
2025-12-23T21:00:00.000,1.416,0.4844136,https://api.alintaenergy.com.au/v1/myaccount/bff
2025-12-23T22:00:00.000,1.135,0.3882835,https://api.alintaenergy.com.au/v1/myaccount/bff
2025-12-23T23:00:00.000,1.034,0.3537314,https://api.alintaenergy.com.au/v1/myaccount/bff
2025-12-24T00:00:00.000,1.039,0.3554419,https://api.alintaenergy.com.au/v1/myaccount/bff
2025-12-24T01:00:00.000,1.079,0.3691259,https://api.alintaenergy.com.au/v1/myaccount/bff
2025-12-24T02:00:00.000,1.327,0.4539667,https://api.alintaenergy.com.au/v1/myaccount/bff
2025-12-24T03:00:00.000,0.925,0.3164425,https://api.alintaenergy.com.au/v1/myaccount/bff
2025-12-24T04:00:00.000,0.871,0.2979691,https://api.alintaenergy.com.au/v1/myaccount/bff
2025-12-24T05:00:00.000,0.898,0.3072058,https://api.alintaenergy.com.au/v1/myaccount/bff
2025-12-24T06:00:00.000,0.791,0.2706011,https://api.alintaenergy.com.au/v1/myaccount/bff
2025-12-24T07:00:00.000,0.381,0.1303401,https://api.alintaenergy.com.au/v1/myaccount/bff
2025-12-24T08:00:00.000,0.573,0.1960233,https://api.alintaenergy.com.au/v1/myaccount/bff
2025-12-24T09:00:00.000,0.216,0.0738936,https://api.alintaenergy.com.au/v1/myaccount/bff
2025-12-24T10:00:00.000,2.173,0.7433833,https://api.alintaenergy.com.au/v1/myaccount/bff
2025-12-24T11:00:00.000,1.029,0.3520209,https://api.alintaenergy.com.au/v1/myaccount/bff
2025-12-24T12:00:00.000,0.861,0.2945481,https://api.alintaenergy.com.au/v1/myaccount/bff
2025-12-24T13:00:00.000,1.308,0.4474668,https://api.alintaenergy.com.au/v1/myaccount/bff
2025-12-24T14:00:00.000,0.995,0.3403895,https://api.alintaenergy.com.au/v1/myaccount/bff
2025-12-24T15:00:00.000,1.092,0.3735732,https://api.alintaenergy.com.au/v1/myaccount/bff
2025-12-24T16:00:00.000,1.04,0.355784,https://api.alintaenergy.com.au/v1/myaccount/bff
2025-12-24T17:00:00.000,1.312,0.4488352,https://api.alintaenergy.com.au/v1/myaccount/bff
2025-12-24T18:00:00.000,1.43,0.489203,https://api.alintaenergy.com.au/v1/myaccount/bff
2025-12-24T19:00:00.000,1.562,0.5343602,https://api.alintaenergy.com.au/v1/myaccount/bff
2025-12-24T20:00:00.000,1.239,0.4238619,https://api.alintaenergy.com.au/v1/myaccount/bff
2025-12-24T21:00:00.000,0.983,0.3362843,https://api.alintaenergy.com.au/v1/myaccount/bff
2025-12-24T22:00:00.000,1.194,0.4084674,https://api.alintaenergy.com.au/v1/myaccount/bff
2025-12-24T23:00:00.000,1.108,0.3790468,https://api.alintaenergy.com.au/v1/myaccount/bff
2025-12-25T00:00:00.000,0.815,0.2788115,https://api.alintaenergy.com.au/v1/myaccount/bff
2025-12-25T01:00:00.000,1.028,0.3516788,https://api.alintaenergy.com.au/v1/myaccount/bff
2025-12-25T02:00:00.000,1.076,0.3680996,https://api.alintaenergy.com.au/v1/myaccount/bff
2025-12-25T03:00:00.000,0.728,0.2490488,https://api.alintaenergy.com.au/v1/myaccount/bff
2025-12-25T04:00:00.000,0.718,0.2456278,https://api.alintaenergy.com.au/v1/myaccount/bff
2025-12-25T05:00:00.000,0.818,0.2798378,https://api.alintaenergy.com.au/v1/myaccount/bff
2025-12-25T06:00:00.000,0.576,0.1970496,https://api.alintaenergy.com.au/v1/myaccount/bff
2025-12-25T07:00:00.000,0.181,0.0619201,https://api.alintaenergy.com.au/v1/myaccount/bff
2025-12-25T08:00:00.000,0.352,0.1204192,https://api.alintaenergy.com.au/v1/myaccount/bff
2025-12-25T09:00:00.000,1.351,0.4621771,https://api.alintaenergy.com.au/v1/myaccount/bff
2025-12-25T10:00:00.000,0.31,0.106051,https://api.alintaenergy.com.au/v1/myaccount/bff
2025-12-25T11:00:00.000,0,0,https://api.alintaenergy.com.au/v1/myaccount/bff
2025-12-25T12:00:00.000,0.001,0.0003421,https://api.alintaenergy.com.au/v1/myaccount/bff
2025-12-25T13:00:00.000,0.044,0.0150524,https://api.alintaenergy.com.au/v1/myaccount/bff
2025-12-25T14:00:00.000,0.021,0.0071841,https://api.alintaenergy.com.au/v1/myaccount/bff
2025-12-25T15:00:00.000,1.445,0.4943345,https://api.alintaenergy.com.au/v1/myaccount/bff
2025-12-25T16:00:00.000,1.956,0.6691476,https://api.alintaenergy.com.au/v1/myaccount/bff
2025-12-25T17:00:00.000,1.726,0.5904646,https://api.alintaenergy.com.au/v1/myaccount/bff
2025-12-25T18:00:00.000,1.754,0.6000434,https://api.alintaenergy.com.au/v1/myaccount/bff
2025-12-25T19:00:00.000,1.812,0.6198852,https://api.alintaenergy.com.au/v1/myaccount/bff
2025-12-25T20:00:00.000,1.656,0.5665176,https://api.alintaenergy.com.au/v1/myaccount/bff
2025-12-25T21:00:00.000,1.088,0.3722048,https://api.alintaenergy.com.au/v1/myaccount/bff
2025-12-25T22:00:00.000,0.932,0.3188372,https://api.alintaenergy.com.au/v1/myaccount/bff
2025-12-25T23:00:00.000,0.845,0.2890745,https://api.alintaenergy.com.au/v1/myaccount/bff
2025-12-26T00:00:00.000,0.848,0.2901008,https://api.alintaenergy.com.au/v1/myaccount/bff
2025-12-26T01:00:00.000,0.84,0.287364,https://api.alintaenergy.com.au/v1/myaccount/bff
2025-12-26T02:00:00.000,1.17,0.400257,https://api.alintaenergy.com.au/v1/myaccount/bff
2025-12-26T03:00:00.000,1.178,0.4029938,https://api.alintaenergy.com.au/v1/myaccount/bff
2025-12-26T04:00:00.000,1.456,0.4980976,https://api.alintaenergy.com.au/v1/myaccount/bff
2025-12-26T05:00:00.000,1.82,0.622622,https://api.alintaenergy.com.au/v1/myaccount/bff
2025-12-26T06:00:00.000,1.668,0.5706228,https://api.alintaenergy.com.au/v1/myaccount/bff
2025-12-26T07:00:00.000,1.529,0.5230709,https://api.alintaenergy.com.au/v1/myaccount/bff
2025-12-26T08:00:00.000,1.122,0.3838362,https://api.alintaenergy.com.au/v1/myaccount/bff
2025-12-26T09:00:00.000,0.816,0.2791536,https://api.alintaenergy.com.au/v1/myaccount/bff
2025-12-26T10:00:00.000,0.75,0.256575,https://api.alintaenergy.com.au/v1/myaccount/bff
2025-12-26T11:00:00.000,1.693,0.5791753,https://api.alintaenergy.com.au/v1/myaccount/bff
2025-12-26T12:00:00.000,3.537,1.2100077,https://api.alintaenergy.com.au/v1/myaccount/bff
2025-12-26T13:00:00.000,2.107,0.7208047,https://api.alintaenergy.com.au/v1/myaccount/bff
2025-12-26T14:00:00.000,2.108,0.7211468,https://api.alintaenergy.com.au/v1/myaccount/bff
2025-12-26T15:00:00.000,1.345,0.4601245,https://api.alintaenergy.com.au/v1/myaccount/bff
2025-12-26T16:00:00.000,1.085,0.3711785,https://api.alintaenergy.com.au/v1/myaccount/bff
2025-12-26T17:00:00.000,1.727,0.5908067,https://api.alintaenergy.com.au/v1/myaccount/bff
2025-12-26T18:00:00.000,1.594,0.5453074,https://api.alintaenergy.com.au/v1/myaccount/bff
2025-12-26T19:00:00.000,0.736,0.2517856,https://api.alintaenergy.com.au/v1/myaccount/bff
2025-12-26T20:00:00.000,0.574,0.1963654,https://api.alintaenergy.com.au/v1/myaccount/bff
2025-12-26T21:00:00.000,0.572,0.1956812,https://api.alintaenergy.com.au/v1/myaccount/bff
2025-12-26T22:00:00.000,0.82,0.280522,https://api.alintaenergy.com.au/v1/myaccount/bff
2025-12-26T23:00:00.000,0.817,0.2794957,https://api.alintaenergy.com.au/v1/myaccount/bff
2025-12-27T00:00:00.000,0.553,0.1891813,https://api.alintaenergy.com.au/v1/myaccount/bff
2025-12-27T01:00:00.000,0.519,0.1775499,https://api.alintaenergy.com.au/v1/myaccount/bff
2025-12-27T02:00:00.000,0.834,0.2853114,https://api.alintaenergy.com.au/v1/myaccount/bff
2025-12-27T03:00:00.000,0.505,0.1727605,https://api.alintaenergy.com.au/v1/myaccount/bff
2025-12-27T04:00:00.000,0.522,0.1785762,https://api.alintaenergy.com.au/v1/myaccount/bff
2025-12-27T05:00:00.000,0.408,0.1395768,https://api.alintaenergy.com.au/v1/myaccount/bff
2025-12-27T06:00:00.000,0.284,0.0971564,https://api.alintaenergy.com.au/v1/myaccount/bff
2025-12-27T07:00:00.000,0.095,0.0324995,https://api.alintaenergy.com.au/v1/myaccount/bff
2025-12-27T08:00:00.000,0.056,0.0191576,https://api.alintaenergy.com.au/v1/myaccount/bff
2025-12-27T09:00:00.000,0.05,0.017105,https://api.alintaenergy.com.au/v1/myaccount/bff
2025-12-27T10:00:00.000,0.027,0.0092367,https://api.alintaenergy.com.au/v1/myaccount/bff
2025-12-27T11:00:00.000,0.011,0.0037631,https://api.alintaenergy.com.au/v1/myaccount/bff
2025-12-27T12:00:00.000,0.029,0.0099209,https://api.alintaenergy.com.au/v1/myaccount/bff
2025-12-27T13:00:00.000,0.124,0.0424204,https://api.alintaenergy.com.au/v1/myaccount/bff
2025-12-27T14:00:00.000,0.325,0.11107547000000001,https://api.alintaenergy.com.au/v1/myaccount/bff
2025-12-27T15:00:00.000,0.322,0.1101562,https://api.alintaenergy.com.au/v1/myaccount/bff
2025-12-27T16:00:00.000,0.146,0.0499466,https://api.alintaenergy.com.au/v1/myaccount/bff
2025-12-27T17:00:00.000,0.417,0.1426557,https://api.alintaenergy.com.au/v1/myaccount/bff
2025-12-27T18:00:00.000,0.509,0.1741289,https://api.alintaenergy.com.au/v1/myaccount/bff
2025-12-27T19:00:00.000,0.543,0.1857603,https://api.alintaenergy.com.au/v1/myaccount/bff
2025-12-27T20:00:00.000,0.683,0.2336543,https://api.alintaenergy.com.au/v1/myaccount/bff
2025-12-27T21:00:00.000,0.583,0.1994443,https://api.alintaenergy.com.au/v1/myaccount/bff
2025-12-27T22:00:00.000,0.501,0.1713921,https://api.alintaenergy.com.au/v1/myaccount/bff
2025-12-27T23:00:00.000,0.508,0.1737868,https://api.alintaenergy.com.au/v1/myaccount/bff
2025-12-28T00:00:00.000,0.534,0.1826814,https://api.alintaenergy.com.au/v1/myaccount/bff
2025-12-28T01:00:00.000,0.76,0.259996,https://api.alintaenergy.com.au/v1/myaccount/bff
2025-12-28T02:00:00.000,0.499,0.1707079,https://api.alintaenergy.com.au/v1/myaccount/bff
2025-12-28T03:00:00.000,0.526,0.1799446,https://api.alintaenergy.com.au/v1/myaccount/bff
2025-12-28T04:00:00.000,0.497,0.1700237,https://api.alintaenergy.com.au/v1/myaccount/bff
2025-12-28T05:00:00.000,0.412,0.1409452,https://api.alintaenergy.com.au/v1/myaccount/bff
2025-12-28T06:00:00.000,0.264,0.0903144,https://api.alintaenergy.com.au/v1/myaccount/bff
2025-12-28T07:00:00.000,0.035,0.0119735,https://api.alintaenergy.com.au/v1/myaccount/bff
2025-12-28T08:00:00.000,0.016,0.0054736,https://api.alintaenergy.com.au/v1/myaccount/bff
2025-12-28T09:00:00.000,0.001,0.0003421,https://api.alintaenergy.com.au/v1/myaccount/bff
2025-12-28T10:00:00.000,0,0,https://api.alintaenergy.com.au/v1/myaccount/bff
2025-12-28T11:00:00.000,0,0,https://api.alintaenergy.com.au/v1/myaccount/bff
2025-12-28T12:00:00.000,0,0,https://api.alintaenergy.com.au/v1/myaccount/bff
2025-12-28T13:00:00.000,0.044,0.0150524,https://api.alintaenergy.com.au/v1/myaccount/bff
2025-12-28T14:00:00.000,0.026,0.0088946,https://api.alintaenergy.com.au/v1/myaccount/bff
2025-12-28T15:00:00.000,0.003,0.0010263,https://api.alintaenergy.com.au/v1/myaccount/bff
2025-12-28T16:00:00.000,0.073,0.0249733,https://api.alintaenergy.com.au/v1/myaccount/bff
2025-12-28T17:00:00.000,0.488,0.1669448,https://api.alintaenergy.com.au/v1/myaccount/bff
2025-12-28T18:00:00.000,0.517,0.1768657,https://api.alintaenergy.com.au/v1/myaccount/bff
2025-12-28T19:00:00.000,0.579,0.1980759,https://api.alintaenergy.com.au/v1/myaccount/bff
2025-12-28T20:00:00.000,0.545,0.1864445,https://api.alintaenergy.com.au/v1/myaccount/bff
2025-12-28T21:00:00.000,0.539,0.1843919,https://api.alintaenergy.com.au/v1/myaccount/bff
2025-12-28T22:00:00.000,0.503,0.1720763,https://api.alintaenergy.com.au/v1/myaccount/bff
2025-12-28T23:00:00.000,0.816,0.2791536,https://api.alintaenergy.com.au/v1/myaccount/bff
2025-12-29T00:00:00.000,0.503,0.1720763,https://api.alintaenergy.com.au/v1/myaccount/bff
2025-12-29T01:00:00.000,0.509,0.1741289,https://api.alintaenergy.com.au/v1/myaccount/bff
2025-12-29T02:00:00.000,0.937,0.3205477,https://api.alintaenergy.com.au/v1/myaccount/bff
2025-12-29T03:00:00.000,0.562,0.1922602,https://api.alintaenergy.com.au/v1/myaccount/bff
2025-12-29T04:00:00.000,0.502,0.1717342,https://api.alintaenergy.com.au/v1/myaccount/bff
2025-12-29T05:00:00.000,0.46,0.157366,https://api.alintaenergy.com.au/v1/myaccount/bff
2025-12-29T06:00:00.000,0.168,0.0574728,https://api.alintaenergy.com.au/v1/myaccount/bff
2025-12-29T07:00:00.000,0,0,https://api.alintaenergy.com.au/v1/myaccount/bff
2025-12-29T08:00:00.000,0,0,https://api.alintaenergy.com.au/v1/myaccount/bff
2025-12-29T09:00:00.000,0,0,https://api.alintaenergy.com.au/v1/myaccount/bff
2025-12-29T10:00:00.000,0.003,0.0010263,https://api.alintaenergy.com.au/v1/myaccount/bff
2025-12-29T11:00:00.000,0,0,https://api.alintaenergy.com.au/v1/myaccount/bff
2025-12-29T12:00:00.000,0,0,https://api.alintaenergy.com.au/v1/myaccount/bff
2025-12-29T13:00:00.000,0.001,0.0003421,https://api.alintaenergy.com.au/v1/myaccount/bff
2025-12-29T14:00:00.000,0,0,https://api.alintaenergy.com.au/v1/myaccount/bff
2025-12-29T15:00:00.000,0.023,0.0078683,https://api.alintaenergy.com.au/v1/myaccount/bff
2025-12-29T16:00:00.000,0.053,0.0181313,https://api.alintaenergy.com.au/v1/myaccount/bff
2025-12-29T17:00:00.000,0.408,0.1395768,https://api.alintaenergy.com.au/v1/myaccount/bff
2025-12-29T18:00:00.000,0.545,0.1864445,https://api.alintaenergy.com.au/v1/myaccount/bff
2025-12-29T19:00:00.000,0.572,0.1956812,https://api.alintaenergy.com.au/v1/myaccount/bff
2025-12-29T20:00:00.000,0.572,0.1956812,https://api.alintaenergy.com.au/v1/myaccount/bff
2025-12-29T21:00:00.000,0.535,0.1830235,https://api.alintaenergy.com.au/v1/myaccount/bff
2025-12-29T22:00:00.000,0.815,0.2788115,https://api.alintaenergy.com.au/v1/myaccount/bff
2025-12-29T23:00:00.000,0.524,0.1792604,https://api.alintaenergy.com.au/v1/myaccount/bff
2025-12-30T00:00:00.000,0.493,0.1686553,https://api.alintaenergy.com.au/v1/myaccount/bff
2025-12-30T01:00:00.000,0.784,0.2682064,https://api.alintaenergy.com.au/v1/myaccount/bff
2025-12-30T02:00:00.000,0.828,0.2832588,https://api.alintaenergy.com.au/v1/myaccount/bff
2025-12-30T03:00:00.000,0.497,0.1700237,https://api.alintaenergy.com.au/v1/myaccount/bff
2025-12-30T04:00:00.000,0.507,0.1734447,https://api.alintaenergy.com.au/v1/myaccount/bff
2025-12-30T05:00:00.000,0.426,0.1457346,https://api.alintaenergy.com.au/v1/myaccount/bff
2025-12-30T06:00:00.000,0.168,0.0574728,https://api.alintaenergy.com.au/v1/myaccount/bff
2025-12-30T07:00:00.000,0,0,https://api.alintaenergy.com.au/v1/myaccount/bff
2025-12-30T08:00:00.000,0,0,https://api.alintaenergy.com.au/v1/myaccount/bff
2025-12-30T09:00:00.000,0,0,https://api.alintaenergy.com.au/v1/myaccount/bff
2025-12-30T10:00:00.000,0,0,https://api.alintaenergy.com.au/v1/myaccount/bff
2025-12-30T11:00:00.000,0,0,https://api.alintaenergy.com.au/v1/myaccount/bff
2025-12-30T12:00:00.000,0,0,https://api.alintaenergy.com.au/v1/myaccount/bff
2025-12-30T13:00:00.000,0,0,https://api.alintaenergy.com.au/v1/myaccount/bff
2025-12-30T14:00:00.000,0.005,0.0017105,https://api.alintaenergy.com.au/v1/myaccount/bff
2025-12-30T15:00:00.000,0,0,https://api.alintaenergy.com.au/v1/myaccount/bff
2025-12-30T16:00:00.000,0.086,0.0294206,https://api.alintaenergy.com.au/v1/myaccount/bff
2025-12-30T17:00:00.000,0.442,0.1512082,https://api.alintaenergy.com.au/v1/myaccount/bff
2025-12-30T18:00:00.000,0.549,0.1878129,https://api.alintaenergy.com.au/v1/myaccount/bff
2025-12-30T19:00:00.000,0.583,0.1994443,https://api.alintaenergy.com.au/v1/myaccount/bff
2025-12-30T20:00:00.000,0.589,0.2014969,https://api.alintaenergy.com.au/v1/myaccount/bff
2025-12-30T21:00:00.000,0.535,0.1830235,https://api.alintaenergy.com.au/v1/myaccount/bff
2025-12-30T22:00:00.000,0.492,0.1683132,https://api.alintaenergy.com.au/v1/myaccount/bff
2025-12-30T23:00:00.000,0.523,0.1789183,https://api.alintaenergy.com.au/v1/myaccount/bff
2025-12-31T00:00:00.000,0.525,0.1796025,https://api.alintaenergy.com.au/v1/myaccount/bff
2025-12-31T01:00:00.000,0.53,0.181313,https://api.alintaenergy.com.au/v1/myaccount/bff
2025-12-31T02:00:00.000,0.895,0.3061795,https://api.alintaenergy.com.au/v1/myaccount/bff
2025-12-31T03:00:00.000,0.502,0.1717342,https://api.alintaenergy.com.au/v1/myaccount/bff
2025-12-31T04:00:00.000,0.492,0.1683132,https://api.alintaenergy.com.au/v1/myaccount/bff
2025-12-31T05:00:00.000,0.445,0.1522345,https://api.alintaenergy.com.au/v1/myaccount/bff
2025-12-31T06:00:00.000,0.195,0.0667095,https://api.alintaenergy.com.au/v1/myaccount/bff
2025-12-31T07:00:00.000,0.003,0.0010263,https://api.alintaenergy.com.au/v1/myaccount/bff
2025-12-31T08:00:00.000,0,0,https://api.alintaenergy.com.au/v1/myaccount/bff
2025-12-31T09:00:00.000,0.326,0.1115246,https://api.alintaenergy.com.au/v1/myaccount/bff
2025-12-31T10:00:00.000,0.75,0.256575,https://api.alintaenergy.com.au/v1/myaccount/bff
2025-12-31T11:00:00.000,0.973,0.3328633,https://api.alintaenergy.com.au/v1/myaccount/bff
2025-12-31T12:00:00.000,1.532,0.5240972,https://api.alintaenergy.com.au/v1/myaccount/bff
2025-12-31T13:00:00.000,1.081,0.3698101,https://api.alintaenergy.com.au/v1/myaccount/bff
2025-12-31T14:00:00.000,2.215,0.7577515,https://api.alintaenergy.com.au/v1/myaccount/bff
2025-12-31T15:00:00.000,1.361,0.4655981,https://api.alintaenergy.com.au/v1/myaccount/bff
2025-12-31T16:00:00.000,1.683,0.5757543,https://api.alintaenergy.com.au/v1/myaccount/bff
2025-12-31T17:00:00.000,1.804,0.6171484,https://api.alintaenergy.com.au/v1/myaccount/bff
2025-12-31T18:00:00.000,1.536,0.5254656,https://api.alintaenergy.com.au/v1/myaccount/bff
2025-12-31T19:00:00.000,1.496,0.5117816,https://api.alintaenergy.com.au/v1/myaccount/bff
2025-12-31T20:00:00.000,2.2,0.75262,https://api.alintaenergy.com.au/v1/myaccount/bff
2025-12-31T21:00:00.000,1.07,0.366047,https://api.alintaenergy.com.au/v1/myaccount/bff
2025-12-31T22:00:00.000,1.16,0.396836,https://api.alintaenergy.com.au/v1/myaccount/bff
2025-12-31T23:00:00.000,1.081,0.3698101,https://api.alintaenergy.com.au/v1/myaccount/bff
